{"best_f": 192.1759766887372, "f_hat_x": 3.9882296672952022, "f_x": 192.1759766887372, "f_res": 188.187747021442, "sum_c_x": 25.517273003480298, "cum_costs": 1467.0670686910607, "E_inv_c": 0, "sum_Ec": 0, "inv_cost": 0.03918914062108479, "E_c": {"0": 0}, "c_x": {"0": 2.000027799963484, "1": 7.520211257684496, "2": 15.997033945832316}, "c_res": {"0": 2.000027799963484}, "inv_c_res": 0.03918914062108479, "eta": 8.0, "_timestamp": 1683590533.83637, "_runtime": 985.7863121032715, "_step": 49, "_wandb": {"runtime": 985}}