{"best_f": 263.11941063061556, "f_hat_x": -7.900865870617093, "f_x": 51.66478244267274, "f_res": 59.56564831328983, "sum_c_x": 43.65817284528357, "cum_costs": 7362.770906958232, "E_inv_c": 0, "sum_Ec": 0, "inv_cost": 0.02290521876725839, "E_c": {"0": 0}, "c_x": {"0": 17.744935808533217, "1": 12.059471337241868, "2": 13.85376569950849}, "c_res": {"0": 17.744935808533217}, "inv_c_res": 0.02290521876725839, "eta": 1.0, "_timestamp": 1683769171.845561, "_runtime": 306.7607181072235, "_step": 49, "_wandb": {"runtime": 305}}