{"best_f": 183.60887489182073, "f_hat_x": 2.1615300497954126, "f_x": 68.33904413464768, "f_res": 66.17751408485226, "sum_c_x": 24.994143547115577, "cum_costs": 1505.2058678032954, "E_inv_c": 0, "sum_Ec": 0, "inv_cost": 0.040009372520204, "E_c": {"0": 0}, "c_x": {"0": 2.1393046351663587, "1": 7.370487163314548, "2": 15.48435174863467}, "c_res": {"0": 2.1393046351663587}, "inv_c_res": 0.040009372520204, "eta": 0.8, "_timestamp": 1683649279.57762, "_runtime": 3804.036854028702, "_step": 49, "_wandb": {"runtime": 3803}}