{"best_f": 75.23907166637738, "f_hat_x": 0.6129669979691504, "f_x": 75.01696836678578, "f_res": 74.40400136881662, "sum_c_x": 275.45784236461054, "cum_costs": 13664.306078558287, "E_inv_c": 0, "sum_Ec": 0, "inv_cost": 0.0036303195850795464, "E_c": {"0": 0}, "c_x": {"0": 96.55098711030087, "1": 45.13898039670657, "2": 133.7678748576031}, "c_res": {"0": 96.55098711030087}, "inv_c_res": 0.0036303195850795464, "eta": 1.0, "_timestamp": 1683728768.895572, "_runtime": 196.38804006576538, "_step": 31}