{"best_f": -1.4326759931327344, "f_hat_x": 2.900179572270507, "f_x": -3.41498659139554, "f_res": 6.315166163666047, "sum_c_x": 321.2805065899398, "cum_costs": 17338.22217981558, "E_inv_c": 0, "sum_Ec": 0, "inv_cost": 0.0031125448929783055, "E_c": {"0": 0}, "c_x": {"0": 140.36650720919323, "1": 73.0242567313102, "2": 107.88974264943639}, "c_res": {"0": 140.36650720919323}, "inv_c_res": 0.0031125448929783055, "eta": 0.1285121565651031, "_timestamp": 1683860339.4377935, "_runtime": 1295.7003614902496, "_step": 39, "_wandb": {"runtime": 1294}}