{"best_f": -6.2289358184882575, "f_hat_x": -2.244248707868007, "f_x": -14.37155451197601, "f_res": 12.127305804108003, "sum_c_x": 366.2154719560773, "cum_costs": 16424.634125590346, "E_inv_c": 0, "sum_Ec": 0, "inv_cost": 0.0027306328557301827, "E_c": {"0": 0}, "c_x": {"0": 140.84171204806137, "1": 75.35868569698661, "2": 150.01507421102932}, "c_res": {"0": 140.84171204806137}, "inv_c_res": 0.0027306328557301827, "eta": 1.0, "_timestamp": 1683675937.7936695, "_runtime": 74.05347537994385, "_step": 36}