{"best_f": -7.925497843598339, "f_hat_x": 1.3396320721936124, "f_x": -102.97953703944489, "f_res": 104.3191691116385, "sum_c_x": 104.42826241859653, "cum_costs": 10610.554021854476, "E_inv_c": 0.009716866575728194, "sum_Ec": 103.01590834306376, "inv_cost": 0.009575951728388814, "E_c": {"0": 16.453608547381773, "1": 58.027837193790006, "2": 28.534462601891974}, "c_x": {"0": 16.976534838944815, "1": 58.89916816937803, "2": 28.552559410273687}, "c_res": {"0": 0.5229262915630422, "1": 0.8713309755880232, "2": 0.01809680838171346}, "inv_c_res": 0.00014091484733937988, "eta": 0.1352759542790559, "_timestamp": 1683313622.936288, "_runtime": 3933.82151222229, "_step": 49, "_wandb": {"runtime": 3932}}