{"best_f": -3.8811352434559687, "f_hat_x": 1.7387754461210476, "f_x": -102.51207632089405, "f_res": 104.2508517670151, "sum_c_x": 166.59526912344094, "cum_costs": 3498.4257788013515, "E_inv_c": 0, "sum_Ec": 0, "inv_cost": 0.006002571413111599, "E_c": {"0": 0}, "c_x": {"0": 78.8803729792902, "1": 57.7153170205205, "2": 29.999579123630244}, "c_res": {"0": 78.8803729792902}, "inv_c_res": 0.006002571413111599, "eta": 0.0, "_timestamp": 1683329108.3142774, "_runtime": 178.95970749855042, "_step": 12}