{"best_f": 75.97452395619028, "f_hat_x": -1.7368653469084625, "f_x": 52.09225377032203, "f_res": 53.82911911723049, "sum_c_x": 125.20000226218409, "cum_costs": 13567.342217773703, "E_inv_c": 0, "sum_Ec": 0, "inv_cost": 0.0028187321459026402, "E_c": {"0": 0}, "c_x": {"0": 0.10000000149011612, "1": 0.10000000149011612, "2": 125.00000225920385}, "c_res": {"0": 163.06745690505005}, "inv_c_res": 0.0028187321459026402, "eta": 0.6050060671375365, "_timestamp": 1683751501.7887743, "_runtime": 4096.852291345596, "_step": 49, "_wandb": {"runtime": 4095}}