{"best_f": -3.1936657874976966, "f_hat_x": -0.8219886160930366, "f_x": -10.494980983827052, "f_res": 9.672992367734015, "sum_c_x": 283.9840441652684, "cum_costs": 10576.205956301983, "E_inv_c": 0, "sum_Ec": 0, "inv_cost": 0.003521324597441243, "E_c": {"0": 0}, "c_x": {"0": 168.06643133978466, "1": 44.69531492231906, "2": 71.2222979031647}, "c_res": {"0": 168.06643133978466}, "inv_c_res": 0.003521324597441243, "eta": 1.0, "_timestamp": 1683863961.7908063, "_runtime": 368.5938153266907, "_step": 39, "_wandb": {"runtime": 367}}