{"best_f": -6.018521178755098, "f_hat_x": 0.5015260663886044, "f_x": -6.981767421346438, "f_res": 7.483293487735042, "sum_c_x": 280.389758255212, "cum_costs": 4356.178731583197, "E_inv_c": 0, "sum_Ec": 0, "inv_cost": 0.0035664640756592676, "E_c": {"0": 0}, "c_x": {"0": 140.15554987914547, "1": 37.76245637275454, "2": 102.47175200331196}, "c_res": {"0": 140.15554987914547}, "inv_c_res": 0.0035664640756592676, "eta": 1.0, "_timestamp": 1683812565.0974145, "_runtime": 51.46489453315735, "_step": 2, "_wandb": {"runtime": 50}}