{"best_f": 122.90047748586666, "f_hat_x": 8.443000318405282, "f_x": 122.90047748586666, "f_res": 114.45747716746138, "sum_c_x": 11.825878982082202, "cum_costs": 258.57356000987943, "E_inv_c": 0, "sum_Ec": 0, "inv_cost": 0.08456031061328588, "E_c": {"0": 0}, "c_x": {"0": 2.0000000026618734, "1": 7.824932733939947, "2": 2.0009462454803826}, "c_res": {"0": 2.0000000026618734}, "inv_c_res": 0.08456031061328588, "eta": 2.0, "_timestamp": 1683566728.267585, "_runtime": 395.645201921463, "_step": 11}