{"best_f": -1.7375574218064411, "f_hat_x": -0.057753577735440674, "f_x": -1.7375574218064411, "f_res": 1.6798038440710004, "sum_c_x": 125.13359075653837, "cum_costs": 11269.465778770918, "E_inv_c": 0, "sum_Ec": 0, "inv_cost": 0.0032911397425464646, "E_c": {"0": 0}, "c_x": {"0": 0.10000000149011612, "1": 0.10000000149011612, "2": 124.93359075355814}, "c_res": {"0": 95.46296512635189}, "inv_c_res": 0.0032911397425464646, "eta": 0.6050060671375365, "_timestamp": 1683721734.497757, "_runtime": 6112.113198041916, "_step": 49, "_wandb": {"runtime": 6111}}