{"best_f": 74.31918612711596, "f_hat_x": 0.30725188176621554, "f_x": 74.16045119605998, "f_res": 73.85319931429376, "sum_c_x": 121.94315375132139, "cum_costs": 11493.392560695125, "E_inv_c": 0, "sum_Ec": 0, "inv_cost": 0.004232530215670207, "E_c": {"0": 0}, "c_x": {"0": 0.10000000149011612, "1": 0.10000000149011612, "2": 121.74315374834116}, "c_res": {"0": 64.95492558093558}, "inv_c_res": 0.004232530215670207, "eta": 2.0, "_timestamp": 1683748260.677408, "_runtime": 855.7059819698334, "_step": 49, "_wandb": {"runtime": 854}}