{"best_f": 265.5500338578173, "f_hat_x": 7.82355933580522, "f_x": 265.5318170073975, "f_res": 257.70825767159226, "sum_c_x": 78.17507821921103, "cum_costs": 5490.18464447046, "E_inv_c": 0, "sum_Ec": 0, "inv_cost": 0.004163979182042383, "E_c": {"0": 0}, "c_x": {"0": 0.10000000149011612, "1": 0.10000000149011612, "2": 77.9750782162308}, "c_res": {"0": 84.19465456819376}, "inv_c_res": 0.004163979182042383, "eta": 1.0, "_timestamp": 1683769994.694777, "_runtime": 1129.596095085144, "_step": 49, "_wandb": {"runtime": 1128}}