{"best_f": 68.41394470422976, "f_hat_x": 1.1840241792229742, "f_x": 61.025559013156595, "f_res": 59.84153483393362, "sum_c_x": 306.2792191679612, "cum_costs": 5241.965140597994, "E_inv_c": 0, "sum_Ec": 0, "inv_cost": 0.0032649946108541162, "E_c": {"0": 0}, "c_x": {"0": 111.33097959058557, "1": 54.63250256416707, "2": 140.31573701320855}, "c_res": {"0": 111.33097959058557}, "inv_c_res": 0.0032649946108541162, "eta": 1.0, "_timestamp": 1683728753.7843192, "_runtime": 181.24597311019897, "_step": 8}