{"best_f": -4.00588951333137, "f_hat_x": 2.8853725038449003, "f_x": -8.680368433931875, "f_res": 11.565740937776775, "sum_c_x": 384.3198226789042, "cum_costs": 9363.570855731541, "E_inv_c": 0, "sum_Ec": 0, "inv_cost": 0.0026019995352555393, "E_c": {"0": 0}, "c_x": {"0": 138.68625189090199, "1": 74.95228811047576, "2": 170.6812826775264}, "c_res": {"0": 138.68625189090199}, "inv_c_res": 0.0026019995352555393, "eta": 1.0, "_timestamp": 1683674975.623886, "_runtime": 103.5792441368103, "_step": 18}