{"best_f": -7.122749069405812, "f_hat_x": 7.807644330224267, "f_x": -7.122749069405812, "f_res": 14.93039339963008, "sum_c_x": 290.8578546396067, "cum_costs": 4007.957302085918, "E_inv_c": 0, "sum_Ec": 0, "inv_cost": 0.003438105535224655, "E_c": {"0": 0}, "c_x": {"0": 141.24290487737036, "1": 52.64531053043304, "2": 96.96963923180333}, "c_res": {"0": 141.24290487737036}, "inv_c_res": 0.003438105535224655, "eta": 1.0, "_timestamp": 1683674893.1723106, "_runtime": 21.09092354774475, "_step": 0, "_wandb": {"runtime": 27}}