{"best_f": -1.059604250914774, "f_hat_x": 0.6308602492964343, "f_x": -10.124248161725788, "f_res": 10.755108411022222, "sum_c_x": 50.414252618355476, "cum_costs": 3743.5031624922417, "E_inv_c": 0, "sum_Ec": 0, "inv_cost": 0.019835660513906082, "E_c": {"0": 0}, "c_x": {"0": 2.0013253682853103, "1": 1.6378186707556313, "2": 46.775108579314534}, "c_res": {"0": 2.0013253682853103}, "inv_c_res": 0.019835660513906082, "eta": 1.0, "_timestamp": 1683668966.185046, "_runtime": 740.6690928936005, "_step": 49, "_wandb": {"runtime": 739}}