{"best_f": -1.9567983705532268, "f_hat_x": 6.660676628240581, "f_x": -3.196396735707799, "f_res": 9.85707336394838, "sum_c_x": 356.0258805476316, "cum_costs": 14742.89103655123, "E_inv_c": 0, "sum_Ec": 0, "inv_cost": 0.00280878457055375, "E_c": {"0": 0}, "c_x": {"0": 140.36233031250234, "1": 65.40740440337328, "2": 150.25614583175596}, "c_res": {"0": 140.36233031250234}, "inv_c_res": 0.00280878457055375, "eta": 1.0, "_timestamp": 1683844642.4078798, "_runtime": 465.6428258419037, "_step": 31}