{"best_f": -12.285153077737355, "f_hat_x": 2.1545092622943165, "f_x": -457.1142086574749, "f_res": 459.2687179197692, "sum_c_x": 164.85946754709676, "cum_costs": 2768.761472933195, "E_inv_c": 0, "sum_Ec": 0, "inv_cost": 0.006065772350710291, "E_c": {"0": 0}, "c_x": {"0": 60.84939120078624, "1": 73.91117761394838, "2": 30.098898732362134}, "c_res": {"0": 60.84939120078624}, "inv_c_res": 0.006065772350710291, "eta": 0.01, "_timestamp": 1683329067.4794288, "_runtime": 137.93814182281494, "_step": 5}