{"best_f": 71.08782023972992, "f_hat_x": 2.489972556965919, "f_x": 63.4283590899939, "f_res": 60.93838653302798, "sum_c_x": 170.81325116115076, "cum_costs": 5021.623011876088, "E_inv_c": 0, "sum_Ec": 0, "inv_cost": 0.004055763010363868, "E_c": {"0": 0}, "c_x": {"0": 0.10000000149011612, "1": 45.289624605995684, "2": 125.42362655366496}, "c_res": {"0": 75.84947882349081}, "inv_c_res": 0.004055763010363868, "eta": 1.0, "_timestamp": 1683728776.0654798, "_runtime": 203.65646886825562, "_step": 8}