{"best_f": 114.72103463342124, "f_hat_x": 7.720449428229608, "f_x": 54.42313641940914, "f_res": 46.70268699117953, "sum_c_x": 10.923150587751225, "cum_costs": 166.87199643747792, "E_inv_c": 0.09140864651134206, "sum_Ec": 10.946998695100774, "inv_cost": 0.0915486783750248, "E_c": {"0": 2.000000000760018, "1": 6.922653257604935, "2": 2.024345436735821}, "c_x": {"0": 2.0000000007409096, "1": 6.922660205249816, "2": 2.0004903817604998}, "c_res": {"0": 1.9108270521428494e-11, "1": 6.94764488073929e-06, "2": 0.023855054975321366}, "inv_c_res": 0.00014003186368273524, "eta": 1.0, "_timestamp": 1683569859.8920548, "_runtime": 29.552798748016357, "_step": 3}