{"best_f": -0.6169206730306483, "f_hat_x": -0.6044856465590072, "f_x": -4.562006062498532, "f_res": 3.9575204159395247, "sum_c_x": 17.731498176456086, "cum_costs": 942.1222334271035, "E_inv_c": 0, "sum_Ec": 0, "inv_cost": 0.05639681374063483, "E_c": {"0": 0}, "c_x": {"0": 2.065142052143262, "1": 8.98058155838781, "2": 6.685774565925012}, "c_res": {"0": 2.065142052143262}, "inv_c_res": 0.05639681374063483, "eta": 0.6, "_timestamp": 1683377389.6175017, "_runtime": 4618.429046630859, "_step": 49, "_wandb": {"runtime": 4616}}