{"best_f": -1.2348568741433859, "f_hat_x": 8.329510062407397, "f_x": -1.4128756665292794, "f_res": 9.742385728936677, "sum_c_x": 27.1570186698429, "cum_costs": 2721.8578435291593, "E_inv_c": 0, "sum_Ec": 0, "inv_cost": 0.03682289326959412, "E_c": {"0": 0}, "c_x": {"0": 9.059260997166009, "1": 9.057059316037066, "2": 9.04069835663982}, "c_res": {"0": 9.059260997166009}, "inv_c_res": 0.03682289326959412, "eta": 1.0, "_timestamp": 1683763777.9242947, "_runtime": 306.03865480422974, "_step": 49, "_wandb": {"runtime": 305}}