{"best_f": -9.35077194767992, "f_hat_x": 6.946225750306496, "f_x": -9.35077194767992, "f_res": 16.296997697986416, "sum_c_x": 139.17220893963758, "cum_costs": 5140.150721831091, "E_inv_c": 0, "sum_Ec": 0, "inv_cost": 0.002773614336061992, "E_c": {"0": 0}, "c_x": {"0": 0.10000000149011612, "1": 0.10000000149011612, "2": 138.97220893665735}, "c_res": {"0": 142.7521775169551}, "inv_c_res": 0.002773614336061992, "eta": 0.7748409780000003, "_timestamp": 1683837125.5252578, "_runtime": 372.9529297351837, "_step": 8}