{"best_f": -0.8426046554511759, "f_hat_x": 7.431584350768757, "f_x": -1.772246749992186, "f_res": 9.203831100760944, "sum_c_x": 74.92997778056497, "cum_costs": 4524.419747751192, "E_inv_c": 0.013341516770657915, "sum_Ec": 74.95412677198136, "inv_cost": 0.013345793360950067, "E_c": {"0": 1.9999288948017735, "1": 2.585286612771328, "2": 70.36891126440827}, "c_x": {"0": 2.000000000623732, "1": 2.5891723847131405, "2": 70.3408053952281}, "c_res": {"0": 7.110582195868353e-05, "1": 0.00388577194181261, "2": 0.02810586918016611}, "inv_c_res": 4.276590292151203e-06, "eta": 1.0, "_timestamp": 1683665256.4811444, "_runtime": 2843.7631344795227, "_step": 49, "_wandb": {"runtime": 2843}}