{"best_f": -16.70320947070198, "f_hat_x": -1.3982115728874591, "f_x": -32.06800641091778, "f_res": 30.669794838030324, "sum_c_x": 102.92354267618308, "cum_costs": 3235.0747702807726, "E_inv_c": 0, "sum_Ec": 0, "inv_cost": 0.005030472891440086, "E_c": {"0": 0}, "c_x": {"0": 0.10000000149011612, "1": 0.10000000149011612, "2": 102.72354267320284}, "c_res": {"0": 58.76621367138341}, "inv_c_res": 0.005030472891440086, "eta": 1.0, "_timestamp": 1683715575.341829, "_runtime": 27.03798007965088, "_step": 1}