{"best_f": -4.275949541005223, "f_hat_x": 6.073761310490329, "f_x": -4.275949982135286, "f_res": 10.349711292625614, "sum_c_x": 112.61259818281908, "cum_costs": 10442.985512936391, "E_inv_c": 0.07380309561354599, "sum_Ec": 302.4442971497191, "inv_cost": 0.0033257535315533307, "E_c": {"0": 140.4472809162627, "1": 47.822829377287285, "2": 114.17418685616907}, "c_x": {"0": 0.10000000149011612, "1": 0.10000000149011612, "2": 112.41259817983885}, "c_res": {"0": 0.0012987518109923712, "1": 0.00027028786322347287, "2": 1.76158867633022}, "inv_c_res": 0.07047734208199266, "eta": 1.0, "_timestamp": 1683827405.2048995, "_runtime": 4908.181130647659, "_step": 49, "_wandb": {"runtime": 4907}}