{"best_f": -2.2239208264874284, "f_hat_x": 1.1930393953994407, "f_x": -6.342771038015577, "f_res": 7.535810433415018, "sum_c_x": 12.432533811725826, "cum_costs": 390.71116114213453, "E_inv_c": 0, "sum_Ec": 0, "inv_cost": 0.08043412671492946, "E_c": {"0": 0}, "c_x": {"0": 2.4161638995437897, "1": 1.8328403337367114, "2": 8.183529578445324}, "c_res": {"0": 2.4161638995437897}, "inv_c_res": 0.08043412671492946, "eta": 0.95, "_timestamp": 1683478372.1506267, "_runtime": 846.6190176010132, "_step": 12}