{"best_f": -10.243321681277322, "f_hat_x": 1.529845124165849, "f_x": -312.0918015388085, "f_res": 313.62164666297434, "sum_c_x": 126.07839482045203, "cum_costs": 4174.8381935169855, "E_inv_c": 0, "sum_Ec": 0, "inv_cost": 0.007931573061539195, "E_c": {"0": 0}, "c_x": {"0": 46.7682391870027, "1": 49.310383802464315, "2": 29.999771830985008}, "c_res": {"0": 46.7682391870027}, "inv_c_res": 0.007931573061539195, "eta": 5.120000000000003e-09, "_timestamp": 1683315465.6078029, "_runtime": 452.7247519493103, "_step": 19, "_wandb": {"runtime": 479}}