{"best_f": -8.772613306087619, "f_hat_x": 9.234440223466411, "f_x": -8.801349876728711, "f_res": 18.035790100195122, "sum_c_x": 106.74895672115437, "cum_costs": 4288.629437812548, "E_inv_c": 0.0453165528853799, "sum_Ec": 340.0182877923916, "inv_cost": 0.002972051841470203, "E_c": {"0": 140.16529050815552, "1": 89.75330620624771, "2": 110.09969107798837}, "c_x": {"0": 0.10000000149011612, "1": 0.10000000149011612, "2": 106.54895671817414}, "c_res": {"0": 0.0026459989947227314, "1": 0.002978505218436567, "2": 3.5507343598142285}, "inv_c_res": 0.042344501043909695, "eta": 1.0, "_timestamp": 1683813785.9614036, "_runtime": 74.7564845085144, "_step": 2, "_wandb": {"runtime": 73}}