{"best_f": 192.64790075635244, "f_hat_x": 2.552670131463571, "f_x": 191.60920915243094, "f_res": 189.05653902096736, "sum_c_x": 25.754608415863743, "cum_costs": 1531.5282505956172, "E_inv_c": 0.03882821057590016, "sum_Ec": 25.754472087615724, "inv_cost": 0.03882800250164326, "E_c": {"0": 2.0030544891118605, "1": 7.753712233472706, "2": 15.997705365031157}, "c_x": {"0": 2.0030552809471223, "1": 7.753742095101588, "2": 15.997811039815033}, "c_res": {"0": 7.918352618041524e-07, "1": 2.986162888163335e-05, "2": 0.00010567478387635276}, "inv_c_res": 2.0807425690078096e-07, "eta": 4.0, "_timestamp": 1683589295.0142224, "_runtime": 990.0333654880524, "_step": 49, "_wandb": {"runtime": 989}}