{"best_f": 192.66213962844358, "f_hat_x": 2.9661315832849477, "f_x": 192.65311008698217, "f_res": 189.68697850369722, "sum_c_x": 25.43592552785907, "cum_costs": 1537.3048957376625, "E_inv_c": 0, "sum_Ec": 0, "inv_cost": 0.039314472709268446, "E_c": {"0": 0}, "c_x": {"0": 2.000031564789449, "1": 7.43752679367542, "2": 15.998367169394198}, "c_res": {"0": 2.000031564789449}, "inv_c_res": 0.039314472709268446, "eta": 8.0, "_timestamp": 1683590552.5364218, "_runtime": 1007.463342666626, "_step": 49, "_wandb": {"runtime": 1006}}