{"best_f": -16.70320947070198, "f_hat_x": -1.602543949376995, "f_x": -43.36100530894721, "f_res": 41.75846135957022, "sum_c_x": 21.15976868391101, "cum_costs": 362.8911341020066, "E_inv_c": 0, "sum_Ec": 0, "inv_cost": 0.04725949583562119, "E_c": {"0": 0}, "c_x": {"0": 12.397048090169683, "1": 0.709615668672023, "2": 8.053104925069304}, "c_res": {"0": 12.397048090169683}, "inv_c_res": 0.04725949583562119, "eta": 0.01, "_timestamp": 1683453238.30359, "_runtime": 192.2204520702362, "_step": 9}