{"best_f": -3.6164737750665426, "f_hat_x": -0.28966067456386657, "f_x": -4.781384496551116, "f_res": 4.491723821987249, "sum_c_x": 18.126314721108052, "cum_costs": 1339.2093295162815, "E_inv_c": 0, "sum_Ec": 0, "inv_cost": 0.055168412078573384, "E_c": {"0": 0}, "c_x": {"0": 8.042054511353607, "1": 1.9939333214805248, "2": 8.090326888273921}, "c_res": {"0": 8.042054511353607}, "inv_c_res": 0.055168412078573384, "eta": 1.0, "_timestamp": 1683367065.749499, "_runtime": 4788.480386018753, "_step": 49, "_wandb": {"runtime": 4787}}