{"best_f": 1.143300265387942, "f_hat_x": 5.396937482439947, "f_x": -5.498231265142014, "f_res": 10.89516874758196, "sum_c_x": 91.6590112711064, "cum_costs": 6880.246798765424, "E_inv_c": 0, "sum_Ec": 0, "inv_cost": 0.010910002040522003, "E_c": {"0": 0}, "c_x": {"0": 16.068186060140896, "1": 69.66875458898772, "2": 5.922070621977769}, "c_res": {"0": 16.068186060140896}, "inv_c_res": 0.010910002040522003, "eta": 0.1352759542790559, "_timestamp": 1683302343.7865508, "_runtime": 5543.041396856308, "_step": 49, "_wandb": {"runtime": 5541}}