{"best_f": -4.022434621938094, "f_hat_x": 7.019721379349746, "f_x": -4.189743900811582, "f_res": 11.209465280161329, "sum_c_x": 191.29011084415203, "cum_costs": 12096.421690642765, "E_inv_c": 0.080982330301379, "sum_Ec": 331.24078120768775, "inv_cost": 0.0030194425015080996, "E_c": {"0": 139.99104221047344, "1": 73.69723083343497, "2": 117.55250816377932}, "c_x": {"0": 0.10000000149011612, "1": 74.37295451927864, "2": 116.81715632338329}, "c_res": {"0": 0.005812587222806087, "1": 0.6757236858436642, "2": 0.7353518403960351}, "inv_c_res": 0.0779628877998709, "eta": 0.1285121565651031, "_timestamp": 1683863037.344427, "_runtime": 3993.305613040924, "_step": 39, "_wandb": {"runtime": 3992}}