{"best_f": -8.872117236059983, "f_hat_x": 9.51885727138223, "f_x": -8.872131503355622, "f_res": 18.39098877473785, "sum_c_x": 132.06817590929438, "cum_costs": 4095.6916700529705, "E_inv_c": 0.19224540413848504, "sum_Ec": 344.3486514751496, "inv_cost": 0.0029109755276188675, "E_c": {"0": 140.0337761777199, "1": 71.61662950347385, "2": 132.69824579395592}, "c_x": {"0": 0.10000000149011612, "1": 0.10000000149011612, "2": 131.86817590631415}, "c_res": {"0": 0.008924404114679874, "1": 5.5996883347120274e-05, "2": 0.8300698876417698}, "inv_c_res": 0.18933442861086616, "eta": 1.0, "_timestamp": 1683811633.7880616, "_runtime": 60.07439661026001, "_step": 2, "_wandb": {"runtime": 59}}