{"best_f": 53.66572830468048, "f_hat_x": 1.4967461994212459, "f_x": -436.86024526229176, "f_res": 438.356991461713, "sum_c_x": 19.047248542640652, "cum_costs": 1206.2917549633341, "E_inv_c": 0, "sum_Ec": 0, "inv_cost": 0.052501021224211054, "E_c": {"0": 0}, "c_x": {"0": 2.0969521069913206, "1": 0.9554825737564019, "2": 15.99481386189293}, "c_res": {"0": 2.0969521069913206}, "inv_c_res": 0.052501021224211054, "eta": 0.8, "_timestamp": 1683634724.2858949, "_runtime": 6065.5769238471985, "_step": 49, "_wandb": {"runtime": 6064}}