{"best_f": 263.3060422961614, "f_hat_x": -7.076413993424543, "f_x": 78.53217523518036, "f_res": 85.6085892286049, "sum_c_x": 91.04082572933166, "cum_costs": 9347.941900642241, "E_inv_c": 0, "sum_Ec": 0, "inv_cost": 0.01098408315158568, "E_c": {"0": 0}, "c_x": {"0": 28.17188922355121, "1": 27.903792452203625, "2": 34.965144053576815}, "c_res": {"0": 28.17188922355121}, "inv_c_res": 0.01098408315158568, "eta": 1.0, "_timestamp": 1683769207.398333, "_runtime": 342.3624131679535, "_step": 49, "_wandb": {"runtime": 341}}