{"best_f": -1.8888106317604547, "f_hat_x": 7.905843405830255, "f_x": -1.9853660952451655, "f_res": 9.89120950107542, "sum_c_x": 129.76198018070372, "cum_costs": 12367.771226370118, "E_inv_c": 0.08260465917864085, "sum_Ec": 323.41499157592693, "inv_cost": 0.00308374719905384, "E_c": {"0": 140.13954135830446, "1": 54.573271373680605, "2": 128.70217884394188}, "c_x": {"0": 0.10000000149011612, "1": 0.10000000149011612, "2": 129.56198017772348}, "c_res": {"0": 0.0009276852190396312, "1": 0.006931952017467324, "2": 0.8598013337816042}, "inv_c_res": 0.07952091197958701, "eta": 0.1285121565651031, "_timestamp": 1683862495.8865752, "_runtime": 3447.312916278839, "_step": 39, "_wandb": {"runtime": 3446}}