{"best_f": 192.1759766887372, "f_hat_x": 3.5419748308918804, "f_x": 191.84359302020937, "f_res": 188.30161818931748, "sum_c_x": 25.517230717748625, "cum_costs": 1472.6844896761393, "E_inv_c": 0, "sum_Ec": 0, "inv_cost": 0.039189205563143086, "E_c": {"0": 0}, "c_x": {"0": 2.000027799963484, "1": 7.520211257684496, "2": 15.996991660100644}, "c_res": {"0": 2.000027799963484}, "inv_c_res": 0.039189205563143086, "eta": 6.0, "_timestamp": 1683590530.4586184, "_runtime": 981.1570115089417, "_step": 49, "_wandb": {"runtime": 980}}