{"best_f": 73.85877285075401, "f_hat_x": -2.511906585599286, "f_x": 32.73291218020157, "f_res": 35.24481876580086, "sum_c_x": 468.4625400151489, "cum_costs": 13867.5215422619, "E_inv_c": 0, "sum_Ec": 0, "inv_cost": 0.002134642398445909, "E_c": {"0": 0}, "c_x": {"0": 129.60203468536344, "1": 90.18824278881664, "2": 248.67226254096883}, "c_res": {"0": 129.60203468536344}, "inv_c_res": 0.002134642398445909, "eta": 1.0, "_timestamp": 1683728772.374706, "_runtime": 200.01002192497253, "_step": 32}