{"best_f": -15.533015094342845, "f_hat_x": 8.276066386224088, "f_x": -16.527527594741798, "f_res": 24.803593980965886, "sum_c_x": 51.43315272502343, "cum_costs": 690.4116322351587, "E_inv_c": 0.019305388990650887, "sum_Ec": 51.85472639457781, "inv_cost": 0.01944271247275644, "E_c": {"0": 2.000019127045269, "1": 0.22601072131166455, "2": 49.62869654622088}, "c_x": {"0": 2.0000095553002684, "1": 0.26798947272034646, "2": 49.16515369700282}, "c_res": {"0": 9.57174500060276e-06, "1": 0.0419787514086819, "2": 0.463542849218058}, "inv_c_res": 0.00013732348210555162, "eta": 1.0, "_timestamp": 1683667953.2670252, "_runtime": 24.14546012878418, "_step": 0, "_wandb": {"runtime": 42}}