{"best_f": 136.6918653140983, "f_hat_x": 9.27621592841467, "f_x": 134.91028231567714, "f_res": 125.63406638726246, "sum_c_x": 11.720556995772666, "cum_costs": 226.33892783801258, "E_inv_c": 0, "sum_Ec": 0, "inv_cost": 0.08532017722030419, "E_c": {"0": 0}, "c_x": {"0": 2.0000000002152367, "1": 7.691231199256523, "2": 2.029325796300906}, "c_res": {"0": 2.0000000002152367}, "inv_c_res": 0.08532017722030419, "eta": 1.0, "_timestamp": 1683567287.738277, "_runtime": 69.67334485054016, "_step": 7}