{"best_f": -7.124649675531387, "f_hat_x": 1.5370909253358513, "f_x": -75.6209130804611, "f_res": 77.15800400579694, "sum_c_x": 332.9580146317696, "cum_costs": 14727.430288145351, "E_inv_c": 0, "sum_Ec": 0, "inv_cost": 0.0030033816759327345, "E_c": {"0": 0}, "c_x": {"0": 165.03309001948676, "1": 75.17039904946827, "2": 92.75452556281455}, "c_res": {"0": 165.03309001948676}, "inv_c_res": 0.0030033816759327345, "eta": 1.0, "_timestamp": 1683675936.01612, "_runtime": 72.2611289024353, "_step": 31}