{"best_f": -4.303506710618853, "f_hat_x": 7.0423978893440395, "f_x": -4.303506710618853, "f_res": 11.345904599962893, "sum_c_x": 293.9650340825257, "cum_costs": 10697.00573804287, "E_inv_c": 0.07345238537828289, "sum_Ec": 297.30644817917727, "inv_cost": 0.0034017651218997257, "E_c": {"0": 139.4254160379074, "1": 59.8304089155559, "2": 98.05062322571395}, "c_x": {"0": 139.32471200281321, "1": 56.08137995842206, "2": 98.55894212129036}, "c_res": {"0": 0.10070403509419634, "1": 3.749028957133838, "2": 0.5083188955764086}, "inv_c_res": 0.07005062025638316, "eta": 2.0, "_timestamp": 1683833661.3939564, "_runtime": 4097.198487520218, "_step": 49, "_wandb": {"runtime": 4096}}