{"best_f": -7.925497843598339, "f_hat_x": 1.0072901625751056, "f_x": -664.5452452884742, "f_res": 665.5525354510494, "sum_c_x": 151.2502361010533, "cum_costs": 5536.171722437497, "E_inv_c": 0, "sum_Ec": 0, "inv_cost": 0.006611559927297436, "E_c": {"0": 0}, "c_x": {"0": 48.159983605343356, "1": 76.40848164429585, "2": 26.681770851414086}, "c_res": {"0": 48.159983605343356}, "inv_c_res": 0.006611559927297436, "eta": 1.0240000000000006e-09, "_timestamp": 1683315447.7661862, "_runtime": 434.90134024620056, "_step": 20, "_wandb": {"runtime": 475}}