{"best_f": 121.27004008711661, "f_hat_x": 9.682038488579558, "f_x": 119.88951927200945, "f_res": 110.2074807834299, "sum_c_x": 14.564804124002496, "cum_costs": 258.0661148855616, "E_inv_c": 0, "sum_Ec": 0, "inv_cost": 0.06865866450974241, "E_c": {"0": 0}, "c_x": {"0": 2.000000480045788, "1": 7.708926946683823, "2": 4.855876697272885}, "c_res": {"0": 2.000000480045788}, "inv_c_res": 0.06865866450974241, "eta": 1.0, "_timestamp": 1683566737.4683502, "_runtime": 405.3717770576477, "_step": 8}