{"best_f": -10.243321681277322, "f_hat_x": 2.035305127278815, "f_x": -269.2481698617402, "f_res": 271.28347498901906, "sum_c_x": 150.03423930022507, "cum_costs": 4048.759798696534, "E_inv_c": 0, "sum_Ec": 0, "inv_cost": 0.006665145267267669, "E_c": {"0": 0}, "c_x": {"0": 55.03307153387286, "1": 65.00610396139004, "2": 29.995063804962165}, "c_res": {"0": 55.03307153387286}, "inv_c_res": 0.006665145267267669, "eta": 0.0, "_timestamp": 1683315429.8091893, "_runtime": 412.05246233940125, "_step": 18, "_wandb": {"runtime": 454}}