{"best_f": 64.34375869265364, "f_hat_x": 1.2667721581337137, "f_x": -15.695267011810069, "f_res": 16.962039169943782, "sum_c_x": 17.41739821304676, "cum_costs": 1260.4980852761532, "E_inv_c": 0, "sum_Ec": 0, "inv_cost": 0.057413856407723125, "E_c": {"0": 0}, "c_x": {"0": 2.150559516210337, "1": 1.8899379414397486, "2": 13.376900755396676}, "c_res": {"0": 2.150559516210337}, "inv_c_res": 0.057413856407723125, "eta": 0.4, "_timestamp": 1683633742.6489606, "_runtime": 5083.832304477692, "_step": 49, "_wandb": {"runtime": 5082}}