{"best_f": -12.488341116628867, "f_hat_x": 13.858300899567752, "f_x": -12.488341116628867, "f_res": 26.34664201619662, "sum_c_x": 31.378066384866994, "cum_costs": 1353.1954242900547, "E_inv_c": 0, "sum_Ec": 0, "inv_cost": 0.031869395256371814, "E_c": {"0": 0}, "c_x": {"0": 10.016582270235116, "1": 9.944898507454258, "2": 11.41658560717762}, "c_res": {"0": 10.016582270235116}, "inv_c_res": 0.031869395256371814, "eta": 1.0, "_timestamp": 1683805078.632151, "_runtime": 44.21170091629028, "_step": 10}