{"best_f": 192.6995330393191, "f_hat_x": 0.6353139575713493, "f_x": 178.5389465996082, "f_res": 177.90363264203685, "sum_c_x": 25.824637104554476, "cum_costs": 1537.7675832923337, "E_inv_c": 0, "sum_Ec": 0, "inv_cost": 0.03872271257680668, "E_c": {"0": 0}, "c_x": {"0": 2.0027920054579846, "1": 7.825321226365303, "2": 15.996523872731188}, "c_res": {"0": 2.0027920054579846}, "inv_c_res": 0.03872271257680668, "eta": 6.0, "_timestamp": 1683590550.389536, "_runtime": 1002.358479976654, "_step": 49, "_wandb": {"runtime": 1001}}