{"best_f": 112.44890947522083, "f_hat_x": 9.944578084392626, "f_x": 112.44890947522083, "f_res": 102.5043313908282, "sum_c_x": 15.422647019271459, "cum_costs": 886.3846493652263, "E_inv_c": 0.06484515517377389, "sum_Ec": 15.421367838073696, "inv_cost": 0.06483971258308928, "E_c": {"0": 2.0002409555939327, "1": 7.623624005641302, "2": 5.797502876838462}, "c_x": {"0": 2.0002020291438276, "1": 7.6235257745100675, "2": 5.798919215617562}, "c_res": {"0": 3.892645010505902e-05, "1": 9.823113123452742e-05, "2": 0.0014163387790997461}, "inv_c_res": 5.4425906846067296e-06, "eta": 2.0, "_timestamp": 1683536327.8084412, "_runtime": 2500.3018341064453, "_step": 49, "_wandb": {"runtime": 2499}}