{"best_f": -5.258882807482371, "f_hat_x": 9.828961181070612, "f_x": -5.258882807482371, "f_res": 15.087843988552983, "sum_c_x": 6.6185904043229185, "cum_costs": 485.8965572762715, "E_inv_c": 0.08961762722369584, "sum_Ec": 11.528423024408768, "inv_cost": 0.15108957329446646, "E_c": {"0": 2.0020353370656516, "1": 0.28322447186152827, "2": 9.243163215481589}, "c_x": {"0": 2.0020246270469713, "1": 0.283550415731436, "2": 4.333015361544511}, "c_res": {"0": 1.0710018680359923e-05, "1": 0.00032594386990775215, "2": 4.910147853937078}, "inv_c_res": 0.06147194607077061, "eta": 1.0, "_timestamp": 1683660458.3490887, "_runtime": 61.79296565055847, "_step": 5}