{"best_f": -4.578096435985264, "f_hat_x": -0.5322130103959258, "f_x": -14.805304825496185, "f_res": 14.273091815100258, "sum_c_x": 13.760976979000164, "cum_costs": 510.146636504561, "E_inv_c": 0.07255529219002048, "sum_Ec": 13.783994468757957, "inv_cost": 0.0726692589869195, "E_c": {"0": 8.772319029652248, "1": 1.9250754268141992, "2": 3.0866000122915094}, "c_x": {"0": 8.77413893455434, "1": 1.9247965839570287, "2": 3.0620414604887944}, "c_res": {"0": 0.001819904902092162, "1": 0.0002788428571705026, "2": 0.024558551802714934}, "inv_c_res": 0.000113966796899026, "eta": 0.99, "_timestamp": 1683478444.359318, "_runtime": 918.5932049751282, "_step": 17}