{"best_f": -5.381987417569833, "f_hat_x": 7.628991204026317, "f_x": -6.040896866091449, "f_res": 13.669888070117766, "sum_c_x": 170.11994156856449, "cum_costs": 10961.819462735568, "E_inv_c": 0.07299593266114557, "sum_Ec": 311.04772415749744, "inv_cost": 0.0032238053518476102, "E_c": {"0": 140.1725875913308, "1": 55.16718587671737, "2": 115.70795068944926}, "c_x": {"0": 0.10000000149011612, "1": 53.528238607617965, "2": 116.4917029594564}, "c_res": {"0": 0.00010410182250097932, "1": 1.638947269099404, "2": 0.7837522700071418}, "inv_c_res": 0.06977212730929795, "eta": 4.0, "_timestamp": 1683831027.5993383, "_runtime": 1463.4877161979675, "_step": 49, "_wandb": {"runtime": 1462}}