{"best_f": -1.2015969747353363, "f_hat_x": 4.453024544208864, "f_x": -1.2092786907836146, "f_res": 5.6623032349924785, "sum_c_x": 9.241319170191982, "cum_costs": 1514.1080528397479, "E_inv_c": 0, "sum_Ec": 0, "inv_cost": 0.03687015800523664, "E_c": {"0": 0}, "c_x": {"0": 0.10000000149011612, "1": 0.10000000149011612, "2": 9.04131916721175}, "c_res": {"0": 9.040138718087071}, "inv_c_res": 0.03687015800523664, "eta": 1.0, "_timestamp": 1683768833.6087782, "_runtime": 5361.708903312683, "_step": 49, "_wandb": {"runtime": 5361}}