{"best_f": -9.226637883319787, "f_hat_x": 9.02461744748134, "f_x": -9.226791087771664, "f_res": 18.251408535253006, "sum_c_x": 102.6264649714195, "cum_costs": 3860.514294332918, "E_inv_c": 0.07325339046361146, "sum_Ec": 305.5086286921131, "inv_cost": 0.0033159077727707162, "E_c": {"0": 143.53065312845655, "1": 55.61897250356283, "2": 106.35900306009373}, "c_x": {"0": 0.10000000149011612, "1": 0.10000000149011612, "2": 102.42646496843926}, "c_res": {"0": 0.0011487362055788708, "1": 0.0016002252807254536, "2": 3.9325380916544646}, "inv_c_res": 0.06993748269084074, "eta": 1.0, "_timestamp": 1683821984.1763666, "_runtime": 24.864692449569702, "_step": 2, "_wandb": {"runtime": 24}}