{"best_f": -3.1416699401362935, "f_hat_x": -0.20522895754243725, "f_x": -3.1416699401362935, "f_res": 2.936440982593856, "sum_c_x": 19.10941118273169, "cum_costs": 1266.0596333753324, "E_inv_c": 0, "sum_Ec": 0, "inv_cost": 0.05233023615629009, "E_c": {"0": 0}, "c_x": {"0": 8.668034959869711, "1": 1.7102134139896854, "2": 8.731162808872295}, "c_res": {"0": 8.668034959869711}, "inv_c_res": 0.05233023615629009, "eta": 0.8, "_timestamp": 1683372500.1187034, "_runtime": 4963.008508443832, "_step": 49, "_wandb": {"runtime": 4960}}