{"best_f": -1.7210486351867758, "f_hat_x": 4.222004143514645, "f_x": -2.352878645136936, "sum_c_x": 94.09576360293615, "cum_costs": 7046.239964779447, "E_inv_c": 0, "sum_Ec": 0, "inv_cost": 0.01062747101155143, "E_c": {"0": 0}, "c_x": {"0": 17.108388028953428, "1": 45.64621940627907, "2": 31.34115616770364}, "c_res": {"0": 17.108388028953428}, "inv_c_res": 0.01062747101155143, "_timestamp": 1683280416.743606, "_runtime": 3724.6026821136475, "_step": 49, "_wandb": {"runtime": 3723}}