{"best_f": 148.24445980763232, "f_hat_x": 1.3845170191765828, "f_x": -153.47592079747284, "f_res": 154.8604378166494, "sum_c_x": 24.15422932767749, "cum_costs": 1509.8220482568713, "E_inv_c": 0, "sum_Ec": 0, "inv_cost": 0.04140061711073244, "E_c": {"0": 0}, "c_x": {"0": 2.450324431512188, "1": 7.525634076287503, "2": 14.178270819877799}, "c_res": {"0": 2.450324431512188}, "inv_c_res": 0.04140061711073244, "eta": 0.8, "_timestamp": 1683649126.2295637, "_runtime": 3650.969041824341, "_step": 49, "_wandb": {"runtime": 3650}}