{"best_f": -5.497657064230526, "f_hat_x": 6.480466663446603, "f_x": -5.4976570643144935, "f_res": 11.978123727761098, "sum_c_x": 143.79720767170494, "cum_costs": 5202.354649668176, "E_inv_c": 0, "sum_Ec": 0, "inv_cost": 0.0031133660132814534, "E_c": {"0": 0}, "c_x": {"0": 0.10000000149011612, "1": 0.10000000149011612, "2": 143.5972076687247}, "c_res": {"0": 140.14447475942532}, "inv_c_res": 0.0031133660132814534, "eta": 1.1974738784767571, "_timestamp": 1683837119.7813306, "_runtime": 364.6638774871826, "_step": 9}