{"best_f": 0.6383994650723454, "f_hat_x": 1.1061243089618455, "f_x": -6.3416466255633255, "f_res": 7.447770934525171, "sum_c_x": 13.12407631132833, "cum_costs": 342.9671695006518, "E_inv_c": 0.12449909764453485, "sum_Ec": 15.142313008648316, "inv_cost": 0.0761958385701269, "E_c": {"0": 2.0001488180716502, "1": 10.997333624499348, "2": 2.1448305660773173}, "c_x": {"0": 2.0001505234231223, "1": 8.98058155838781, "2": 2.1433442295174006}, "c_res": {"0": 1.7053514720366536e-06, "1": 2.016752066111538, "2": 0.001486336559916701}, "inv_c_res": 0.04830325907440794, "eta": 1.0, "_timestamp": 1683594524.2846096, "_runtime": 3645.5369036197662, "_step": 49, "_wandb": {"runtime": 3644}}