{"best_f": -5.12675104758412, "f_hat_x": 9.717694984332143, "f_x": -6.271316729451216, "f_res": 15.98901171378336, "sum_c_x": 271.89737575367434, "cum_costs": 4540.235819063772, "E_inv_c": 0, "sum_Ec": 0, "inv_cost": 0.003677858225840145, "E_c": {"0": 0}, "c_x": {"0": 140.0313001336773, "1": 35.730350643952065, "2": 96.13572497604497}, "c_res": {"0": 140.0313001336773}, "inv_c_res": 0.003677858225840145, "eta": 1.0, "_timestamp": 1683812563.3033228, "_runtime": 49.691428899765015, "_step": 2, "_wandb": {"runtime": 48}}