{"best_f": -36.08161250151002, "f_hat_x": 9.313173472182477, "f_x": -36.08161250151002, "f_res": 45.3947859736925, "sum_c_x": 31.94615001638683, "cum_costs": 1052.690478745451, "E_inv_c": 0, "sum_Ec": 0, "inv_cost": 0.031302676519300396, "E_c": {"0": 0}, "c_x": {"0": 9.766107843047331, "1": 10.600474522297677, "2": 11.579567651041819}, "c_res": {"0": 9.766107843047331}, "inv_c_res": 0.031302676519300396, "eta": 1.0, "_timestamp": 1683805223.0088143, "_runtime": 25.150598287582397, "_step": 0}