{"best_f": -3.3646556811638555, "f_hat_x": -0.25167713256663216, "f_x": -3.833409338775149, "f_res": 3.5817322062085166, "sum_c_x": 16.5944882657214, "cum_costs": 1263.7250603572343, "E_inv_c": 0, "sum_Ec": 0, "inv_cost": 0.06026097243779803, "E_c": {"0": 0}, "c_x": {"0": 8.344529680688522, "1": 0.36391514109512435, "2": 7.886043443937754}, "c_res": {"0": 8.344529680688522}, "inv_c_res": 0.06026097243779803, "eta": 0.0, "_timestamp": 1683386535.9268775, "_runtime": 7263.360549449921, "_step": 49, "_wandb": {"runtime": 7262}}