{"best_f": 137.33531668811764, "f_hat_x": 1.4434287157583034, "f_x": -9.174682543596425, "f_res": 10.618111259354729, "sum_c_x": 20.43798283457107, "cum_costs": 1370.3668143338323, "E_inv_c": 0, "sum_Ec": 0, "inv_cost": 0.04892850767584016, "E_c": {"0": 0}, "c_x": {"0": 2.010147294923728, "1": 5.75398254301357, "2": 12.673852996633773}, "c_res": {"0": 2.010147294923728}, "inv_c_res": 0.04892850767584016, "eta": 5.0, "_timestamp": 1683642360.379091, "_runtime": 942.018620967865, "_step": 49, "_wandb": {"runtime": 940}}