{"best_f": -2.121649314668412, "f_hat_x": -0.7829150259159966, "f_x": -11.385793331428612, "f_res": 10.602878305512615, "sum_c_x": 20.677879748932508, "cum_costs": 863.5040801669837, "E_inv_c": 0, "sum_Ec": 0, "inv_cost": 0.04836085769633247, "E_c": {"0": 0}, "c_x": {"0": 2.8750181675507305, "1": 6.973534936335181, "2": 10.829326645046596}, "c_res": {"0": 2.8750181675507305}, "inv_c_res": 0.04836085769633247, "eta": 1.0, "_timestamp": 1683371420.2014945, "_runtime": 3882.9894783496857, "_step": 49, "_wandb": {"runtime": 3880}}