{"best_f": 107.47700233669173, "f_hat_x": -0.6776510775887709, "f_x": -9921.153919439563, "f_res": 9920.476268361974, "sum_c_x": 25.860174476467474, "cum_costs": 1051.073017221997, "E_inv_c": 0, "sum_Ec": 0, "inv_cost": 0.03866949934579873, "E_c": {"0": 0}, "c_x": {"0": 2.000080204181705, "1": 7.870600520751821, "2": 15.98949375153395}, "c_res": {"0": 2.000080204181705}, "inv_c_res": 0.03866949934579873, "eta": 1.0, "_timestamp": 1683635480.970877, "_runtime": 62.98775100708008, "_step": 30}