{"best_f": -2.424295398966372, "f_hat_x": 4.592955579639633, "f_x": -5.718193496812053, "f_res": 10.311149076451686, "sum_c_x": 9.577966264539182, "cum_costs": 565.8710871731216, "E_inv_c": 0.10424392517045897, "sum_Ec": 9.5935746650317, "inv_cost": 0.10440629799483976, "E_c": {"0": 1.999921247208259, "1": 0.06729056221750446, "2": 7.526362855605936}, "c_x": {"0": 2.000000000458763, "1": 0.06079285411051216, "2": 7.517173409969906}, "c_res": {"0": 7.875325050377135e-05, "1": 0.006497708106992295, "2": 0.009189445636030413}, "inv_c_res": 0.0001623728243807937, "eta": 1.0, "_timestamp": 1683576929.440508, "_runtime": 6298.8307337760925, "_step": 49, "_wandb": {"runtime": 6297}}