{"best_f": 65.34195217792815, "f_hat_x": 1.170405358348533, "f_x": 2.728234488044965, "f_res": 1.557829129696432, "sum_c_x": 25.043113105339792, "cum_costs": 1395.6469099564777, "E_inv_c": 0, "sum_Ec": 0, "inv_cost": 0.039931137786011754, "E_c": {"0": 0}, "c_x": {"0": 3.0722703967324367, "1": 7.733220502802437, "2": 14.237622205804918}, "c_res": {"0": 3.0722703967324367}, "inv_c_res": 0.039931137786011754, "eta": 1.0, "_timestamp": 1683616510.3328676, "_runtime": 1398.8927705287933, "_step": 49, "_wandb": {"runtime": 1398}}