{"best_f": -10.04244124002798, "f_hat_x": 1.2053777024197143, "f_x": -10.524002297636988, "f_res": 11.729380000056702, "sum_c_x": 214.4751979247606, "cum_costs": 8939.843989577044, "E_inv_c": 0, "sum_Ec": 0, "inv_cost": 0.004662543779774512, "E_c": {"0": 0}, "c_x": {"0": 129.7320706551743, "1": 54.769653081550715, "2": 29.97347418803561}, "c_res": {"0": 129.7320706551743}, "inv_c_res": 0.004662543779774512, "eta": 0.1352759542790559, "_timestamp": 1683313850.5899448, "_runtime": 4166.206702947617, "_step": 49, "_wandb": {"runtime": 4165}}