{"best_f": 64.77035696819317, "f_hat_x": 1.400699740309913, "f_x": -14.098607208067184, "f_res": 15.499306948377097, "sum_c_x": 18.121918533226037, "cum_costs": 1020.8644048196074, "E_inv_c": 0, "sum_Ec": 0, "inv_cost": 0.055181795358285476, "E_c": {"0": 0}, "c_x": {"0": 2.0165917413815304, "1": 0.11248337877084669, "2": 15.992843413073661}, "c_res": {"0": 2.0165917413815304}, "inv_c_res": 0.055181795358285476, "eta": 4.0, "_timestamp": 1683629652.534194, "_runtime": 993.49276304245, "_step": 49, "_wandb": {"runtime": 992}}