{"best_f": 1.077820262541081, "f_hat_x": -0.6659680792574205, "f_x": -7.953309779212608, "f_res": 7.287341699955188, "sum_c_x": 13.551642549924932, "cum_costs": 744.9047473581761, "E_inv_c": 0, "sum_Ec": 0, "inv_cost": 0.07379179286318613, "E_c": {"0": 0}, "c_x": {"0": 8.926652363012163, "1": 1.949159271528624, "2": 2.675830915384144}, "c_res": {"0": 8.926652363012163}, "inv_c_res": 0.07379179286318613, "eta": 1.0, "_timestamp": 1683371847.6164215, "_runtime": 4310.515417575836, "_step": 49, "_wandb": {"runtime": 4307}}