{"best_f": -1.0251478742678513, "f_hat_x": 2.880907799281996, "f_x": -6.593710166732821, "f_res": 9.474617966014817, "sum_c_x": 101.78269079755216, "cum_costs": 7598.172930444444, "E_inv_c": 0, "sum_Ec": 0, "inv_cost": 0.009824853245322628, "E_c": {"0": 0}, "c_x": {"0": 21.67530078869938, "1": 48.84660246374118, "2": 31.26078754511161}, "c_res": {"0": 21.67530078869938}, "inv_c_res": 0.009824853245322628, "eta": 1.0, "_timestamp": 1683294346.1498566, "_runtime": 1722.0261914730072, "_step": 49, "_wandb": {"runtime": 1721}}