{"best_f": -3.880931513291048, "f_hat_x": 6.464540375522243, "f_x": -7.187587769274972, "f_res": 13.652128144797215, "sum_c_x": 26.548872681201622, "cum_costs": 1135.9224900573959, "E_inv_c": 0, "sum_Ec": 0, "inv_cost": 0.03766638275033301, "E_c": {"0": 0}, "c_x": {"0": 2.0000000000037694, "1": 0.02545973814096114, "2": 24.52341294305689}, "c_res": {"0": 2.0000000000037694}, "inv_c_res": 0.03766638275033301, "eta": 1.0, "_timestamp": 1683662346.7191353, "_runtime": 211.0781033039093, "_step": 21}