{"best_f": -1.7660446491694712, "f_hat_x": -0.22733980433278084, "f_x": -1.7660446491694712, "f_res": 1.5387048448366905, "sum_c_x": 17.267611724482773, "cum_costs": 1034.5784111066346, "E_inv_c": 0.05768212171760798, "sum_Ec": 17.34809331627002, "inv_cost": 0.05791188821915404, "E_c": {"0": 3.149859298454621, "1": 9.061936254725387, "2": 5.136297763090012}, "c_x": {"0": 3.145219324302831, "1": 8.984129268585404, "2": 5.138263131594539}, "c_res": {"0": 0.004639974151790405, "1": 0.07780698613998283, "2": 0.0019653685045266656}, "inv_c_res": 0.000229766501546054, "eta": 0.1352759542790559, "_timestamp": 1683487852.7953043, "_runtime": 9286.001941204071, "_step": 49, "_wandb": {"runtime": 9285}}