{"best_f": -16.74753093614938, "f_hat_x": 2.042048798949305, "f_x": -76.04929209054632, "f_res": 78.09134088949563, "sum_c_x": 6.191046174862466, "cum_costs": 250.79013082270293, "E_inv_c": 0, "sum_Ec": 0, "inv_cost": 0.16152358935074734, "E_c": {"0": 0}, "c_x": {"0": 2.1682218406731, "1": 1.9024777630617735, "2": 2.120346571127593}, "c_res": {"0": 2.1682218406731}, "inv_c_res": 0.16152358935074734, "eta": 0.01, "_timestamp": 1683452372.6914506, "_runtime": 76.75861167907715, "_step": 0, "_wandb": {"runtime": 154}}