{"best_f": -0.4808129275140043, "f_hat_x": -0.26904107322524395, "f_x": -10.72155257118167, "f_res": 10.452511497956426, "sum_c_x": 16.177432482992018, "cum_costs": 993.4356550641539, "E_inv_c": 0.06160999165609573, "sum_Ec": 16.27231231967737, "inv_cost": 0.061814506167856983, "E_c": {"0": 8.936689775078557, "1": 2.1180294657882768, "2": 5.217593078810536}, "c_x": {"0": 8.937508805175074, "1": 2.020830694452024, "2": 5.21909298336492}, "c_res": {"0": 0.0008190300965171815, "1": 0.09719877133625276, "2": 0.0014999045543842016}, "inv_c_res": 0.0002045145117612543, "eta": 0.6757290490602831, "_timestamp": 1683486630.7884426, "_runtime": 8064.379244565964, "_step": 49, "_wandb": {"runtime": 8063}}