{"best_f": -4.607723474278445, "f_hat_x": 7.256706756092219, "f_x": -8.877888803331002, "f_res": 16.13459555942322, "sum_c_x": 176.1313327738727, "cum_costs": 10911.263749850134, "E_inv_c": 0, "sum_Ec": 0, "inv_cost": 0.003162517175857756, "E_c": {"0": 0}, "c_x": {"0": 0.10000000149011612, "1": 54.91705394965183, "2": 121.11427882273077}, "c_res": {"0": 140.1724834895083}, "inv_c_res": 0.003162517175857756, "eta": 4.0, "_timestamp": 1683831476.2357504, "_runtime": 1912.1028563976288, "_step": 49, "_wandb": {"runtime": 1911}}