{"best_f": -5.808137813435437, "f_hat_x": 4.082893646562285, "f_x": -7.708082582407623, "f_res": 11.790976228969907, "sum_c_x": 127.41879831941179, "cum_costs": 3860.0881315239453, "E_inv_c": 0, "sum_Ec": 0, "inv_cost": 0.007848135543495026, "E_c": {"0": 0}, "c_x": {"0": 40.36057310919331, "1": 55.64835719834771, "2": 31.40986801187077}, "c_res": {"0": 40.36057310919331}, "inv_c_res": 0.007848135543495026, "eta": 3.906250000000001e-19, "_timestamp": 1683296633.0341804, "_runtime": 2203.770299434662, "_step": 18}