{"best_f": -3.4658410363460135, "f_hat_x": -0.758630606289925, "f_x": -5.7436668035391, "f_res": 4.985036197249175, "sum_c_x": 17.058571327471014, "cum_costs": 1354.162584399631, "E_inv_c": 0, "sum_Ec": 0, "inv_cost": 0.058621556331016206, "E_c": {"0": 0}, "c_x": {"0": 8.669181873728434, "1": 0.0037853884417432537, "2": 8.38560406530084}, "c_res": {"0": 8.669181873728434}, "inv_c_res": 0.058621556331016206, "eta": 0.6757290490602831, "_timestamp": 1683492206.8205945, "_runtime": 13640.023228645325, "_step": 49, "_wandb": {"runtime": 13639}}