{"best_f": 135.07910235729037, "f_hat_x": 8.923804663488514, "f_x": 135.07910235729037, "f_res": 126.15529769380186, "sum_c_x": 11.7114213999367, "cum_costs": 345.8587213730119, "E_inv_c": 0, "sum_Ec": 0, "inv_cost": 0.08538673196452524, "E_c": {"0": 0}, "c_x": {"0": 2.000000000215384, "1": 7.710903431029181, "2": 2.000517968692135}, "c_res": {"0": 2.000000000215384}, "inv_c_res": 0.08538673196452524, "eta": 1.0, "_timestamp": 1683567160.0805967, "_runtime": 141.38693571090698, "_step": 18}