{"best_f": -2.5274312711433566, "f_hat_x": 1.6511656270404014, "f_x": -2.5274312711433566, "f_res": 4.178596898183758, "sum_c_x": 13.20762005575318, "cum_costs": 390.7733736629179, "E_inv_c": 0.07687912551165381, "sum_Ec": 13.009760784275965, "inv_cost": 0.07571386788677378, "E_c": {"0": 4.0416258774525815, "1": 0.7846521109854188, "2": 8.183482795837964}, "c_x": {"0": 4.245335629026377, "1": 0.7787548482814799, "2": 8.183529578445324}, "c_res": {"0": 0.20370975157379512, "1": 0.005897262703938866, "2": 4.678260735957451e-05}, "inv_c_res": 0.0011652576248800256, "eta": 0.95, "_timestamp": 1683478344.5909398, "_runtime": 818.8956408500671, "_step": 13}