{"best_f": 0.9746764884715793, "f_hat_x": 11.00161881680147, "f_x": 0.6018078085814036, "f_res": 10.399811008220066, "sum_c_x": 147.6471879295385, "cum_costs": 10566.258118921827, "E_inv_c": 0, "sum_Ec": 0, "inv_cost": 0.002853882608217737, "E_c": {"0": 0}, "c_x": {"0": 0.10000000149011612, "1": 0.10000000149011612, "2": 147.44718792655826}, "c_res": {"0": 140.1068762226534}, "inv_c_res": 0.002853882608217737, "eta": 1.0, "_timestamp": 1683840108.397998, "_runtime": 2670.8892641067505, "_step": 32}