{"best_f": -3.219510815427215, "f_hat_x": -0.7844143218153938, "f_x": -12.349452021744195, "f_res": 11.565037699928801, "sum_c_x": 8.781879356300895, "cum_costs": 1157.9168475392391, "E_inv_c": 0, "sum_Ec": 0, "inv_cost": 0.1138708423821049, "E_c": {"0": 0}, "c_x": {"0": 2.683709761604824, "1": 0.8335639202655984, "2": 5.264605674430473}, "c_res": {"0": 2.683709761604824}, "inv_c_res": 0.1138708423821049, "eta": 4.6163659884006325, "_timestamp": 1683398636.4460754, "_runtime": 2263.891967535019, "_step": 49, "_wandb": {"runtime": 2263}}