{"best_f": -31.99973296850387, "f_hat_x": 14.766528080052295, "f_x": -31.99973296850387, "f_res": 46.76626104855617, "sum_c_x": 43.607414309103675, "cum_costs": 1211.181286755496, "E_inv_c": 0, "sum_Ec": 0, "inv_cost": 0.022931880182385306, "E_c": {"0": 0}, "c_x": {"0": 11.308921605475192, "1": 21.919932189661992, "2": 10.378560513966491}, "c_res": {"0": 11.308921605475192}, "inv_c_res": 0.022931880182385306, "eta": 1.0, "_timestamp": 1683804977.8517742, "_runtime": 31.20233416557312, "_step": 6}