{"best_f": -4.926480982968799, "f_hat_x": 3.496008928378279, "f_x": -11.919102098858916, "f_res": 15.415111027237195, "sum_c_x": 343.48371215370514, "cum_costs": 20078.125223887975, "E_inv_c": 0, "sum_Ec": 0, "inv_cost": 0.0029113461995907133, "E_c": {"0": 0}, "c_x": {"0": 143.0040526112962, "1": 39.627578441067904, "2": 160.85208110134104}, "c_res": {"0": 143.0040526112962}, "inv_c_res": 0.0029113461995907133, "eta": 2.0, "_timestamp": 1683684160.2582366, "_runtime": 141.777649641037, "_step": 49, "_wandb": {"runtime": 141}}