{"best_f": -5.951309749208125, "f_hat_x": 7.703722759660712, "f_x": -5.951309749208125, "f_res": 13.655032508868837, "sum_c_x": 302.22242508318413, "cum_costs": 4429.344242584528, "E_inv_c": 0, "sum_Ec": 0, "inv_cost": 0.0033088213084279186, "E_c": {"0": 0}, "c_x": {"0": 143.16825138255786, "1": 65.61090689709724, "2": 93.44326680352901}, "c_res": {"0": 143.16825138255786}, "inv_c_res": 0.0033088213084279186, "eta": 1.0, "_timestamp": 1683844126.433399, "_runtime": 37.37849402427673, "_step": 2}