{"best_f": -16.74753093614938, "f_hat_x": 1.0539106814423729, "f_x": -50.73380686080719, "f_res": 51.78771754224957, "sum_c_x": 4.931868370867946, "cum_costs": 260.50317112789395, "E_inv_c": 0, "sum_Ec": 0, "inv_cost": 0.20276291352520684, "E_c": {"0": 0}, "c_x": {"0": 2.3206642098986894, "1": 0.0015308260781734528, "2": 2.6096733348910828}, "c_res": {"0": 2.3206642098986894}, "inv_c_res": 0.20276291352520684, "eta": 0.01, "_timestamp": 1683453228.105528, "_runtime": 181.9011311531067, "_step": 2}