{"best_f": 155.00912088168246, "f_hat_x": 2.316041817828129, "f_x": 92.09662599565215, "f_res": 89.78058417782401, "sum_c_x": 23.470220699909028, "cum_costs": 1469.8722944150622, "E_inv_c": 0, "sum_Ec": 0, "inv_cost": 0.04260718349375709, "E_c": {"0": 0}, "c_x": {"0": 2.0074518136138098, "1": 7.055325145716282, "2": 14.407443740578934}, "c_res": {"0": 2.0074518136138098}, "inv_c_res": 0.04260718349375709, "eta": 5.0, "_timestamp": 1683642356.1464062, "_runtime": 937.9204752445221, "_step": 49, "_wandb": {"runtime": 936}}