{"best_f": 117.76940811885703, "f_hat_x": 8.116649021967099, "f_x": 117.76940811885703, "f_res": 109.65275909688992, "sum_c_x": 11.531223136999117, "cum_costs": 282.6886696048926, "E_inv_c": 0.0869480607035441, "sum_Ec": 11.503757176805204, "inv_cost": 0.08672106923257751, "E_c": {"0": 2.0000000414085686, "1": 7.492748735575484, "2": 2.011008399821151}, "c_x": {"0": 2.000000000020604, "1": 7.5299189347493405, "2": 2.0013042022291714}, "c_res": {"0": 4.1387964611061534e-08, "1": 0.037170199173856666, "2": 0.009704197591979824}, "inv_c_res": 0.0002269914709665949, "eta": 1.0, "_timestamp": 1683566724.47561, "_runtime": 392.6226670742035, "_step": 13}