{"best_f": -6.861292426171202, "f_hat_x": -3.252378248262847, "f_x": -42.64342074421108, "f_res": 39.39104249594823, "sum_c_x": 327.44442889534184, "cum_costs": 21145.54664862046, "E_inv_c": 0, "sum_Ec": 0, "inv_cost": 0.003053953317738752, "E_c": {"0": 0}, "c_x": {"0": 140.7244377034438, "1": 71.75951488540238, "2": 114.96047630649562}, "c_res": {"0": 140.7244377034438}, "inv_c_res": 0.003053953317738752, "eta": 1.0, "_timestamp": 1683675824.3983293, "_runtime": 114.98155426979065, "_step": 49, "_wandb": {"runtime": 114}}