{"best_f": -2.9023141197427, "f_hat_x": 9.659481943281884, "f_x": -2.9023141197427, "f_res": 12.561796063024584, "sum_c_x": 28.035177095571925, "cum_costs": 1161.7756138306247, "E_inv_c": 0, "sum_Ec": 0, "inv_cost": 0.03566947326892211, "E_c": {"0": 0}, "c_x": {"0": 9.156339103512956, "1": 9.675378234845873, "2": 9.203459757213095}, "c_res": {"0": 9.156339103512956}, "inv_c_res": 0.03566947326892211, "eta": 1.0, "_timestamp": 1683804978.5158455, "_runtime": 32.022942543029785, "_step": 9}