{"best_f": 76.35603335393388, "f_hat_x": 0.6370359757837234, "f_x": 76.35603335393388, "f_res": 75.71899737815016, "sum_c_x": 264.73431329445134, "cum_costs": 10546.98281559307, "E_inv_c": 0, "sum_Ec": 0, "inv_cost": 0.003777372066188291, "E_c": {"0": 0}, "c_x": {"0": 95.53438483729201, "1": 47.626160216258796, "2": 121.5737682409005}, "c_res": {"0": 95.53438483729201}, "inv_c_res": 0.003777372066188291, "eta": 1.0, "_timestamp": 1683728773.3286848, "_runtime": 201.03538584709167, "_step": 22}