{"best_f": 75.7969184732996, "f_hat_x": -1.8872342787039071, "f_x": -36.2200127865572, "f_res": 34.33277850785329, "sum_c_x": 322.9426304429498, "cum_costs": 12460.778009454752, "E_inv_c": 0, "sum_Ec": 0, "inv_cost": 0.00309652522068206, "E_c": {"0": 0}, "c_x": {"0": 163.67017094514605, "1": 44.496241922171045, "2": 114.7762175756327}, "c_res": {"0": 163.67017094514605}, "inv_c_res": 0.00309652522068206, "eta": 1.0, "_timestamp": 1683730712.6346428, "_runtime": 1914.4160237312317, "_step": 49, "_wandb": {"runtime": 1913}}