{"best_f": -5.418097725005702, "f_hat_x": 9.647896531514663, "f_x": -6.708028847379336, "f_res": 16.355925378894, "sum_c_x": 287.96329438363614, "cum_costs": 4220.7349285741, "E_inv_c": 0, "sum_Ec": 0, "inv_cost": 0.0034726648135500224, "E_c": {"0": 0}, "c_x": {"0": 140.07786401783844, "1": 50.45153893087418, "2": 97.43389143492354}, "c_res": {"0": 140.07786401783844}, "inv_c_res": 0.0034726648135500224, "eta": 1.0, "_timestamp": 1683814968.8837895, "_runtime": 12.403843641281128, "_step": 2, "_wandb": {"runtime": 11}}