{"best_f": 64.38933945667728, "f_hat_x": 0.5454304658072706, "f_x": 53.94085136592262, "f_res": 53.39542090011535, "sum_c_x": 209.5539580258673, "cum_costs": 5074.933853900325, "E_inv_c": 0.0033989709185692518, "sum_Ec": 294.24535586704684, "inv_cost": 0.0033905225282455475, "E_c": {"0": 85.47694661571927, "1": 82.36008995379312, "2": 126.40831929753442}, "c_x": {"0": 0.10000000149011612, "1": 83.12253116137389, "2": 126.33142686300329}, "c_res": {"0": 0.008884631104166374, "1": 0.7624412075807641, "2": 0.07689243453113193}, "inv_c_res": 8.448390323704223e-06, "eta": 1.0, "_timestamp": 1683728772.9705951, "_runtime": 200.61351013183594, "_step": 8}