{"best_f": 75.8007608456176, "f_hat_x": 0.10361850963131954, "f_x": 72.55422080346985, "f_res": 72.45060229383853, "sum_c_x": 269.46818266570676, "cum_costs": 19173.847658974402, "E_inv_c": 0, "sum_Ec": 0, "inv_cost": 0.0037110132636347893, "E_c": {"0": 0}, "c_x": {"0": 82.36615571095165, "1": 57.1914038729923, "2": 129.91062308176282}, "c_res": {"0": 82.36615571095165}, "inv_c_res": 0.0037110132636347893, "eta": 0.6050060671375365, "_timestamp": 1683744082.5685365, "_runtime": 282.65747261047363, "_step": 49, "_wandb": {"runtime": 281}}