{"best_f": -1.741972668688192, "f_hat_x": -0.19429855391783993, "f_x": -4.860617265030079, "f_res": 4.666318711112239, "sum_c_x": 23.97101430957335, "cum_costs": 1015.2320776866553, "E_inv_c": 0, "sum_Ec": 0, "inv_cost": 0.041717049895574426, "E_c": {"0": 0}, "c_x": {"0": 9.19210657589683, "1": 8.85878011967953, "2": 5.920127613996991}, "c_res": {"0": 9.19210657589683}, "inv_c_res": 0.041717049895574426, "eta": 0.1352759542790559, "_timestamp": 1683490201.9160745, "_runtime": 11634.985197544098, "_step": 49, "_wandb": {"runtime": 11634}}