{"best_f": -2.4531576700090287, "f_hat_x": 5.006232130252037, "f_x": -2.467693422125974, "f_res": 7.473925552378011, "sum_c_x": 9.262914218252503, "cum_costs": 1360.2591831429938, "E_inv_c": 0.036672106867756536, "sum_Ec": 27.268694306070984, "inv_cost": 0.03667168426596541, "E_c": {"0": 9.165454037527104, "1": 9.040399337490468, "2": 9.062840931053412}, "c_x": {"0": 0.10000000149011612, "1": 0.10000000149011612, "2": 9.06291421527227}, "c_res": {"0": 4.548465962983528e-06, "1": 0.0002326428954333437, "2": 7.328421885866021e-05}, "inv_c_res": 4.2260179112380003e-07, "eta": 1.0, "_timestamp": 1683767957.1579626, "_runtime": 4485.304269552231, "_step": 49, "_wandb": {"runtime": 4484}}