{"best_f": -1.7439550339528997, "f_hat_x": -0.9661257352640468, "f_x": -8.390339819720753, "f_res": 7.424214084456706, "sum_c_x": 6.68304500206669, "cum_costs": 657.740652328431, "E_inv_c": 0.14997298976502652, "sum_Ec": 6.66858859983391, "inv_cost": 0.1496323905780608, "E_c": {"0": 2.369202204548216, "1": 0.19077828937729846, "2": 4.108608105908395}, "c_x": {"0": 2.3689046203522164, "1": 0.207733278118177, "2": 4.106407103596297}, "c_res": {"0": 0.00029758419599978936, "1": 0.01695498874087853, "2": 0.00220100231209841}, "inv_c_res": 0.00034059918696571767, "eta": 2.0, "_timestamp": 1683412058.8265684, "_runtime": 5082.672669410706, "_step": 49, "_wandb": {"runtime": 5081}}