{"best_f": 72.23209084577911, "f_hat_x": 1.0803485406695035, "f_x": 72.23209084577911, "f_res": 71.15174230510961, "sum_c_x": 362.8796926544978, "cum_costs": 19920.67797650572, "E_inv_c": 0, "sum_Ec": 0, "inv_cost": 0.0027557342564002675, "E_c": {"0": 0}, "c_x": {"0": 150.50165740656888, "1": 49.47501345263073, "2": 162.90302179529817}, "c_res": {"0": 150.50165740656888}, "inv_c_res": 0.0027557342564002675, "eta": 4.0, "_timestamp": 1683743922.5894303, "_runtime": 119.38780236244202, "_step": 49, "_wandb": {"runtime": 118}}