{"best_f": -1.260951031093764, "f_hat_x": -0.49910832157945195, "f_x": -2.582641824962894, "f_res": 2.083533503383442, "sum_c_x": 14.584806037688601, "cum_costs": 1038.841322833062, "E_inv_c": 0, "sum_Ec": 0, "inv_cost": 0.0685645045546646, "E_c": {"0": 0}, "c_x": {"0": 3.2270181700804486, "1": 6.586178439645641, "2": 4.7716094279625105}, "c_res": {"0": 3.2270181700804486}, "inv_c_res": 0.0685645045546646, "eta": 0.0, "_timestamp": 1683385525.1917658, "_runtime": 6252.387663841248, "_step": 49, "_wandb": {"runtime": 6251}}