{"best_f": -3.433247620990276, "f_hat_x": -0.5267277387143161, "f_x": -10.826900692843706, "f_res": 10.30017295412939, "sum_c_x": 18.071650882396362, "cum_costs": 1120.7726602124412, "E_inv_c": 0, "sum_Ec": 0, "inv_cost": 0.05533528765620978, "E_c": {"0": 0}, "c_x": {"0": 8.318064522076565, "1": 1.9551690248775415, "2": 7.798417335442255}, "c_res": {"0": 8.318064522076565}, "inv_c_res": 0.05533528765620978, "eta": 1.0, "_timestamp": 1683371992.8577578, "_runtime": 4455.682409763336, "_step": 49, "_wandb": {"runtime": 4452}}