{"best_f": -3.8682014122794737, "f_hat_x": 8.997027287358502, "f_x": -4.616628347147995, "f_res": 13.613655634506497, "sum_c_x": 163.66797224874063, "cum_costs": 10612.123142667746, "E_inv_c": 0.07401385531385947, "sum_Ec": 368.6905618645844, "inv_cost": 0.0027145559396433475, "E_c": {"0": 140.24182749567316, "1": 64.68901547926583, "2": 163.75971888964543}, "c_x": {"0": 0.10000000149011612, "1": 0.10000000149011612, "2": 163.4679722457604}, "c_res": {"0": 0.0016539469962424391, "1": 0.012783779023422426, "2": 0.291746643885034}, "inv_c_res": 0.07129929937421613, "eta": 1.0, "_timestamp": 1683848019.9549809, "_runtime": 3343.6994597911835, "_step": 39, "_wandb": {"runtime": 3343}}