{"best_f": -1.2660114594267668, "f_hat_x": 3.5116699546122825, "f_x": -2.4700881616135844, "f_res": 5.981758116225867, "sum_c_x": 16.110381953277038, "cum_costs": 656.7920497804042, "E_inv_c": 0.06684117292455719, "sum_Ec": 16.469568126536984, "inv_cost": 0.06207177476612145, "E_c": {"0": 1.9998769709508597, "1": 9.307697142860889, "2": 5.161994012725238}, "c_x": {"0": 2.000031390470597, "1": 8.947276476563475, "2": 5.163074086242965}, "c_res": {"0": 0.000154419519737381, "1": 0.3604206662974132, "2": 0.0010800735177269871}, "inv_c_res": 0.004769398158435738, "eta": 1.0, "_timestamp": 1683575908.9488616, "_runtime": 5278.112884521484, "_step": 49, "_wandb": {"runtime": 5277}}