{"best_f": -3.432646616436694, "f_hat_x": -0.3716856651077659, "f_x": -7.768748948978621, "f_res": 7.397063283870855, "sum_c_x": 25.04149739607933, "cum_costs": 1222.407420547492, "E_inv_c": 0.04774176829905551, "sum_Ec": 21.947872954627588, "inv_cost": 0.039933714193807236, "E_c": {"0": 8.142165432574323, "1": 4.650709660590708, "2": 9.154997861462556}, "c_x": {"0": 8.141960583605918, "1": 7.740384917213907, "2": 9.159151895259502}, "c_res": {"0": 0.00020484896840500255, "1": 3.089675256623199, "2": 0.0041540337969454555}, "inv_c_res": 0.007808054105248277, "eta": 0.1352759542790559, "_timestamp": 1683490747.7196047, "_runtime": 12181.332509756088, "_step": 49, "_wandb": {"runtime": 12180}}