{"best_f": -6.861292426171202, "f_hat_x": -2.9678834035827637, "f_x": -6.861292426171202, "f_res": 3.8934090225884384, "sum_c_x": 326.89974467826335, "cum_costs": 20818.10221972512, "E_inv_c": 0, "sum_Ec": 0, "inv_cost": 0.0030590418508408624, "E_c": {"0": 0}, "c_x": {"0": 140.8241509414024, "1": 89.84414417923873, "2": 96.2314495576222}, "c_res": {"0": 140.8241509414024}, "inv_c_res": 0.0030590418508408624, "eta": 1.0, "_timestamp": 1683674837.71849, "_runtime": 110.77057600021362, "_step": 48}