{"best_f": 130.96764878131327, "f_hat_x": 8.59230165957595, "f_x": 130.96764878131327, "f_res": 122.37534712173732, "sum_c_x": 11.680969684489481, "cum_costs": 261.5724146410895, "E_inv_c": 0, "sum_Ec": 0, "inv_cost": 0.08560933098969045, "E_c": {"0": 0}, "c_x": {"0": 2.00000000005038, "1": 7.680379713166307, "2": 2.0005899712727935}, "c_res": {"0": 2.00000000005038}, "inv_c_res": 0.08560933098969045, "eta": 1.0, "_timestamp": 1683566746.951862, "_runtime": 414.2052249908447, "_step": 11}