{"best_f": -2.988261006557699, "f_hat_x": -0.3608050790489683, "f_x": -6.214401062600194, "f_res": 5.853595983551226, "sum_c_x": 124.86937271271287, "cum_costs": 11243.507237765647, "E_inv_c": 0, "sum_Ec": 0, "inv_cost": 0.0031117198401857185, "E_c": {"0": 0}, "c_x": {"0": 0.10000000149011612, "1": 0.10000000149011612, "2": 124.66937270973264}, "c_res": {"0": 152.16897998161718}, "inv_c_res": 0.0031117198401857185, "eta": 0.6050060671375365, "_timestamp": 1683721688.2079937, "_runtime": 6065.7593767642975, "_step": 49, "_wandb": {"runtime": 6064}}