{"best_f": -5.481431320513623, "f_hat_x": 2.9728146621010842, "f_x": -5.481431320513625, "f_res": 8.45424598261471, "sum_c_x": 140.66571977009542, "cum_costs": 4496.58884618955, "E_inv_c": 0.0031216038915030464, "sum_Ec": 320.63657393103404, "inv_cost": 0.0030650412358086618, "E_c": {"0": 140.1685895950627, "1": 45.62654130155374, "2": 134.84144303441758}, "c_x": {"0": 0.10000000149011612, "1": 0.10000000149011612, "2": 140.4657197671152}, "c_res": {"0": 140.0685895935726, "1": 45.52654130006363, "2": 5.624276732697609}, "inv_c_res": 5.656265569438466e-05, "eta": 1.0, "_timestamp": 1683674974.0483294, "_runtime": 101.81472039222717, "_step": 4}