{"best_f": 136.8422814579555, "f_hat_x": 9.24946805370308, "f_x": 136.8422814579555, "f_res": 127.59281340425241, "sum_c_x": 11.808178253559332, "cum_costs": 248.89032946564805, "E_inv_c": 0, "sum_Ec": 0, "inv_cost": 0.08468706844754573, "E_c": {"0": 0}, "c_x": {"0": 2.0000000002204468, "1": 7.794808835835175, "2": 2.013369417503709}, "c_res": {"0": 2.0000000002204468}, "inv_c_res": 0.08468706844754573, "eta": 2.0, "_timestamp": 1683566709.6226492, "_runtime": 377.84958720207214, "_step": 9}