{"best_f": 119.07658329637488, "f_hat_x": 7.931878357979761, "f_x": 116.97057044867014, "f_res": 109.03869209069039, "sum_c_x": 11.147225132767748, "cum_costs": 251.99122513948205, "E_inv_c": 0.08973878805482668, "sum_Ec": 11.144802822433892, "inv_cost": 0.08970842412256096, "E_c": {"0": 2.0000000024794438, "1": 7.147327199389405, "2": 1.9974756205650421}, "c_x": {"0": 2.000000002488406, "1": 7.147202766556442, "2": 2.0000223637228975}, "c_res": {"0": 8.962164343984114e-12, "1": 0.00012443283296281749, "2": 0.0025467431578554134}, "inv_c_res": 3.036393226572842e-05, "eta": 1.0, "_timestamp": 1683568439.6289306, "_runtime": 129.95894050598145, "_step": 10}