{"best_f": -7.925497843598339, "f_hat_x": 1.2440214735602344, "f_x": -101.39870549954976, "f_res": 102.64272697311, "sum_c_x": 149.06670861669312, "cum_costs": 4291.878711039939, "E_inv_c": 0, "sum_Ec": 0, "inv_cost": 0.006708405983333127, "E_c": {"0": 0}, "c_x": {"0": 62.32641235646973, "1": 57.76741504973999, "2": 28.972881210483383}, "c_res": {"0": 62.32641235646973}, "inv_c_res": 0.006708405983333127, "eta": 0.0, "_timestamp": 1683329111.9079885, "_runtime": 182.5519666671753, "_step": 12}