{"best_f": -2.8925253147692156, "f_hat_x": -0.3073274271022799, "f_x": -4.036281570437165, "f_res": 3.728954143334885, "sum_c_x": 107.89780587062302, "cum_costs": 10306.451955873274, "E_inv_c": 0, "sum_Ec": 0, "inv_cost": 0.0027870537080691166, "E_c": {"0": 0}, "c_x": {"0": 0.10000000149011612, "1": 0.10000000149011612, "2": 107.69780586764278}, "c_res": {"0": 176.43023520678864}, "inv_c_res": 0.0027870537080691166, "eta": 0.6050060671375365, "_timestamp": 1683722123.9197586, "_runtime": 6501.408598661423, "_step": 49, "_wandb": {"runtime": 6500}}