{"best_f": -5.485884499798761, "f_hat_x": 5.846859458248508, "f_x": -5.510364422052364, "f_res": 11.357223880300872, "sum_c_x": 9.24240990700795, "cum_costs": 1543.3755420380894, "E_inv_c": 0.03628123963948872, "sum_Ec": 27.562477202624038, "inv_cost": 0.036281278836975996, "E_c": {"0": 9.058599141231793, "1": 9.460911689176212, "2": 9.042966372216034}, "c_x": {"0": 0.10000000149011612, "1": 0.10000000149011612, "2": 9.042409904027718}, "c_res": {"0": 0.00020168927709640627, "1": 0.0007052148388435597, "2": 0.0005564681883161171}, "inv_c_res": 3.919748727682082e-08, "eta": 1.0, "_timestamp": 1683767149.0817926, "_runtime": 3677.195845603943, "_step": 49, "_wandb": {"runtime": 3676}}