{"best_f": 71.24375279860358, "f_hat_x": -0.059964696250677, "f_x": 71.24375279860358, "f_res": 71.30371749485425, "sum_c_x": 134.08251766497446, "cum_costs": 11502.292077043407, "E_inv_c": 0.003914575501878519, "sum_Ec": 255.45563011617983, "inv_cost": 0.003914661952516202, "E_c": {"0": 72.41254623844787, "1": 49.15721041927435, "2": 133.8858734584576}, "c_x": {"0": 0.10000000149011612, "1": 0.10000000149011612, "2": 133.88251766199423}, "c_res": {"0": 0.00015382633843330495, "1": 0.002529245528762658, "2": 0.0033557964633814663}, "inv_c_res": 8.645063768325523e-08, "eta": 4.0, "_timestamp": 1683754039.5670643, "_runtime": 1163.3183193206787, "_step": 49, "_wandb": {"runtime": 1162}}