{"best_f": -2.4848437019477188, "f_hat_x": -0.8089936599750304, "f_x": -4.443373650894512, "f_res": 3.6343799909194816, "sum_c_x": 15.032773538010115, "cum_costs": 911.8436611406748, "E_inv_c": 0.06652299431864328, "sum_Ec": 15.032560869302294, "inv_cost": 0.06652132405716861, "E_c": {"0": 9.032347832807947, "1": 1.5772647539562499, "2": 4.422948282538097}, "c_x": {"0": 9.032274788196059, "1": 1.5772986117910066, "2": 4.423200138023051}, "c_res": {"0": 7.30446118879513e-05, "1": 3.3857834756734206e-05, "2": 0.000251855484954433}, "inv_c_res": 1.6702614746705313e-06, "eta": 0.6111172395328651, "_timestamp": 1683510591.572649, "_runtime": 4796.078847885132, "_step": 48}