{"best_f": -3.5996540588075896, "f_hat_x": 5.632952785258689, "f_x": -4.382116506470825, "f_res": 10.015069291729514, "sum_c_x": 100.83478651620814, "cum_costs": 10347.739076963553, "E_inv_c": 0.08489215626483315, "sum_Ec": 312.9006629192346, "inv_cost": 0.003198894091226904, "E_c": {"0": 141.38268499895037, "1": 70.59068819026976, "2": 100.92728973001445}, "c_x": {"0": 0.10000000149011612, "1": 0.10000000149011612, "2": 100.63478651322791}, "c_res": {"0": 0.0033955753392547194, "1": 0.0035190372189219943, "2": 0.29250321678654245}, "inv_c_res": 0.08169326217360624, "eta": 0.2570243131302062, "_timestamp": 1683862894.0617247, "_runtime": 3850.333386659622, "_step": 39, "_wandb": {"runtime": 3849}}