{"best_f": -7.566007034142025, "f_hat_x": 8.990412025194182, "f_x": -8.49309716120689, "f_res": 17.483509186401072, "sum_c_x": 263.84458570753554, "cum_costs": 4135.558272975517, "E_inv_c": 0, "sum_Ec": 0, "inv_cost": 0.0037901099896303064, "E_c": {"0": 0}, "c_x": {"0": 139.99994244280464, "1": 35.004413810250426, "2": 88.84022945448052}, "c_res": {"0": 139.99994244280464}, "inv_c_res": 0.0037901099896303064, "eta": 1.0, "_timestamp": 1683841682.4088113, "_runtime": 13.99232530593872, "_step": 2, "_wandb": {"runtime": 13}}