{"best_f": -3.8836120388722732, "f_hat_x": 0.8382135259842842, "f_x": -3.8836120388722732, "f_res": 4.721825564856557, "sum_c_x": 8.322981417317209, "cum_costs": 642.0147017054672, "E_inv_c": 0, "sum_Ec": 0, "inv_cost": 0.12014925299717122, "E_c": {"0": 0}, "c_x": {"0": 2.291716979799374, "1": 1.008518783758604, "2": 5.022745653759229}, "c_res": {"0": 2.291716979799374}, "inv_c_res": 0.12014925299717122, "eta": 4.6163659884006325, "_timestamp": 1683400478.0181453, "_runtime": 4105.356457233429, "_step": 49, "_wandb": {"runtime": 4104}}