{"best_f": 1.0132959097490366, "f_hat_x": 0.011596458815086632, "f_x": -2.1067018880874357, "f_res": 2.1182983469025225, "sum_c_x": 12.884293758584485, "cum_costs": 1029.4451964406276, "E_inv_c": 0, "sum_Ec": 0, "inv_cost": 0.07761387769769879, "E_c": {"0": 0}, "c_x": {"0": 7.8361640782932245, "1": 1.133384361701215, "2": 3.9147453185900467}, "c_res": {"0": 7.8361640782932245}, "inv_c_res": 0.07761387769769879, "eta": 0.00016615349947311482, "_timestamp": 1683366979.7721026, "_runtime": 4702.459011554718, "_step": 49, "_wandb": {"runtime": 4701}}