{"best_f": -0.7226736986553735, "f_hat_x": -2.3911200260440513, "f_x": -40.20439178564553, "f_res": 37.81327175960148, "sum_c_x": 19.881755680204183, "cum_costs": 1045.0330575936566, "E_inv_c": 0.0505898363363477, "sum_Ec": 19.820665571228268, "inv_cost": 0.050297368908706466, "E_c": {"0": 8.966522554979631, "1": 6.973288744921254, "2": 3.8808542713273813}, "c_x": {"0": 9.034311064072735, "1": 6.973534936335181, "2": 3.8739096797962667}, "c_res": {"0": 0.06778850909310385, "1": 0.0002461914139271215, "2": 0.006944591531114597}, "inv_c_res": 0.00029246742764123257, "eta": 0.1352759542790559, "_timestamp": 1683498054.1499321, "_runtime": 4988.698705196381, "_step": 49, "_wandb": {"runtime": 4987}}