{"best_f": -9.226637883319787, "f_hat_x": 8.964954638668233, "f_x": -9.226791066975853, "f_res": 18.191745705644088, "sum_c_x": 105.12995111366914, "cum_costs": 3863.6820189196765, "E_inv_c": 0.07338675507203471, "sum_Ec": 302.89404248652323, "inv_cost": 0.0032886079556588145, "E_c": {"0": 143.53065312845655, "1": 55.61897250356283, "2": 103.74441685450387}, "c_x": {"0": 0.10000000149011612, "1": 0.10000000149011612, "2": 104.9299511106889}, "c_res": {"0": 0.0011487362055788708, "1": 0.0016002252807254536, "2": 1.1855342561850364}, "inv_c_res": 0.0700981471163759, "eta": 1.0, "_timestamp": 1683821785.2058573, "_runtime": 23.82219934463501, "_step": 2, "_wandb": {"runtime": 22}}