{"best_f": -0.7421575718291771, "f_hat_x": -1.6099704565358384, "f_x": -12.694240881625417, "f_res": 11.084270425089578, "sum_c_x": 27.657468773169914, "cum_costs": 1119.8226849610219, "E_inv_c": 0, "sum_Ec": 0, "inv_cost": 0.03615659871846569, "E_c": {"0": 0}, "c_x": {"0": 10.601199669443815, "1": 8.99835945488747, "2": 8.057909648838628}, "c_res": {"0": 10.601199669443815}, "inv_c_res": 0.03615659871846569, "eta": 3.022314549036579e-16, "_timestamp": 1683340598.4630926, "_runtime": 4865.447547674179, "_step": 49, "_wandb": {"runtime": 4863}}