{"best_f": -16.74753093614938, "f_hat_x": 2.041992973769017, "f_x": -76.04253173453326, "f_res": 78.08452470830227, "sum_c_x": 4.295095060198376, "cum_costs": 248.89417970803885, "E_inv_c": 0, "sum_Ec": 0, "inv_cost": 0.23282371774882518, "E_c": {"0": 0}, "c_x": {"0": 2.1682560116867187, "1": 0.0064924773840648875, "2": 2.120346571127593}, "c_res": {"0": 2.1682560116867187}, "inv_c_res": 0.23282371774882518, "eta": 0.01, "_timestamp": 1683453219.0855262, "_runtime": 172.80618333816528, "_step": 0}