{"best_f": -8.498727555917968, "f_hat_x": 9.590256157742676, "f_x": -8.498728105731578, "f_res": 18.088984263474252, "sum_c_x": 137.2604754053473, "cum_costs": 4109.132189279694, "E_inv_c": 0.0028531458259009683, "sum_Ec": 350.6190281906348, "inv_cost": 0.002847454582659841, "E_c": {"0": 140.89306320111768, "1": 73.2272404779309, "2": 136.49872451158623}, "c_x": {"0": 0.10000000149011612, "1": 0.10000000149011612, "2": 137.06047540236708}, "c_res": {"0": 0.01031825353911131, "1": 0.00024565651003172206, "2": 0.5617508907808428}, "inv_c_res": 5.6912432411272695e-06, "eta": 1.0, "_timestamp": 1683843719.4182053, "_runtime": 859.7070331573486, "_step": 2, "_wandb": {"runtime": 858}}