{"best_f": -6.48361375842569, "f_hat_x": 0.9367597504908229, "f_x": -29.254840757722782, "f_res": 30.191600508213604, "sum_c_x": 335.6024561671762, "cum_costs": 17600.285501172526, "E_inv_c": 0, "sum_Ec": 0, "inv_cost": 0.0029797159753260642, "E_c": {"0": 0}, "c_x": {"0": 169.1221796559387, "1": 53.76555153967857, "2": 112.7147249715589}, "c_res": {"0": 169.1221796559387}, "inv_c_res": 0.0029797159753260642, "eta": 1.0, "_timestamp": 1683674836.0674932, "_runtime": 109.12561321258545, "_step": 40}