{"best_f": -0.8068482008575995, "f_hat_x": 0.14007535524401163, "f_x": -3.295775002421503, "f_res": 3.4358503576655144, "sum_c_x": 11.503132366503397, "cum_costs": 610.4245322420704, "E_inv_c": 0, "sum_Ec": 0, "inv_cost": 0.08693284299778684, "E_c": {"0": 0}, "c_x": {"0": 2.838999932543702, "1": 1.7139201166283131, "2": 6.950212317331383}, "c_res": {"0": 2.838999932543702}, "inv_c_res": 0.08693284299778684, "eta": 1.8, "_timestamp": 1683395905.624551, "_runtime": 6116.043401002884, "_step": 49, "_wandb": {"runtime": 6115}}