{"best_f": -1.9567983705532268, "f_hat_x": 5.066503618120918, "f_x": -2.5056022974877283, "f_res": 7.572105915608646, "sum_c_x": 330.5191196515606, "cum_costs": 17354.57879343991, "E_inv_c": 0, "sum_Ec": 0, "inv_cost": 0.003025543578399394, "E_c": {"0": 0}, "c_x": {"0": 140.01795373503103, "1": 58.51846844644851, "2": 131.98269747008106}, "c_res": {"0": 140.01795373503103}, "inv_c_res": 0.003025543578399394, "eta": 1.0, "_timestamp": 1683845319.4081354, "_runtime": 643.1211605072021, "_step": 39, "_wandb": {"runtime": 642}}