{"best_f": 1.3102832791807537, "f_hat_x": 1.4577547321419138, "f_x": -60.14750992124692, "f_res": 61.605264653388836, "sum_c_x": 6.108201527297691, "cum_costs": 322.2734401963094, "E_inv_c": 0, "sum_Ec": 0, "inv_cost": 0.16371431026480993, "E_c": {"0": 0}, "c_x": {"0": 2.0683954792238257, "1": 2.020830694452024, "2": 2.0189753536218413}, "c_res": {"0": 2.0683954792238257}, "inv_c_res": 0.16371431026480993, "eta": 1.0, "_timestamp": 1683595482.7429867, "_runtime": 4603.985317707062, "_step": 49, "_wandb": {"runtime": 4603}}