{"best_f": -0.8281837579114073, "f_hat_x": -0.06637353634942485, "f_x": -7.101350213870205, "f_res": 7.03497667752078, "sum_c_x": 16.790676795714667, "cum_costs": 706.037348904717, "E_inv_c": 0, "sum_Ec": 0, "inv_cost": 0.05955686076068244, "E_c": {"0": 0}, "c_x": {"0": 9.114666350432064, "1": 2.200660538814026, "2": 5.475349906468576}, "c_res": {"0": 9.114666350432064}, "inv_c_res": 0.05955686076068244, "eta": 1.2, "_timestamp": 1683385408.2055204, "_runtime": 6135.643147468567, "_step": 49, "_wandb": {"runtime": 6134}}