{"best_f": 194.8221239462173, "f_hat_x": 3.2543330123117706, "f_x": 194.81857203175318, "f_res": 191.5642390194414, "sum_c_x": 25.738482990676076, "cum_costs": 1545.6087132178982, "E_inv_c": 0, "sum_Ec": 0, "inv_cost": 0.03885232864587459, "E_c": {"0": 0}, "c_x": {"0": 2.000002369991508, "1": 7.740972723491026, "2": 15.99750789719354}, "c_res": {"0": 2.000002369991508}, "inv_c_res": 0.03885232864587459, "eta": 1.0, "_timestamp": 1683581732.1760852, "_runtime": 3441.3310573101044, "_step": 49, "_wandb": {"runtime": 3440}}