{"best_f": -1.5264605676324121, "f_hat_x": 1.8049167776730866, "f_x": -8.052532954258911, "f_res": 9.857449731931998, "sum_c_x": 290.4058195458402, "cum_costs": 20618.032232293015, "E_inv_c": 0, "sum_Ec": 0, "inv_cost": 0.003443457164749246, "E_c": {"0": 0}, "c_x": {"0": 141.4647106792603, "1": 42.9797688264232, "2": 105.9613400401567}, "c_res": {"0": 141.4647106792603}, "inv_c_res": 0.003443457164749246, "eta": 1.0, "_timestamp": 1683676728.7130284, "_runtime": 330.6189043521881, "_step": 49, "_wandb": {"runtime": 329}}