{"best_f": 235.085971503057, "f_hat_x": 7.526295898254158, "f_x": 234.9572309939737, "f_res": 227.43093509571955, "sum_c_x": 86.43647678695243, "cum_costs": 6564.147932786047, "E_inv_c": 0.004778089262183626, "sum_Ec": 209.28895944470042, "inv_cost": 0.004777979908236647, "E_c": {"0": 57.43976450894549, "1": 65.61261976083972, "2": 86.2365751749152}, "c_x": {"0": 0.10000000149011612, "1": 0.10000000149011612, "2": 86.2364767839722}, "c_res": {"0": 0.000921777905602994, "1": 0.0036883016340283348, "2": 9.839094300900797e-05}, "inv_c_res": 1.0935394697837025e-07, "eta": 1.0, "_timestamp": 1683770146.7736766, "_runtime": 1281.7013397216797, "_step": 49, "_wandb": {"runtime": 1280}}