{"best_f": 147.00619230561801, "f_hat_x": 1.870811378988042, "f_x": 109.06357260929951, "f_res": 107.19276123031148, "sum_c_x": 25.40717694051975, "cum_costs": 1499.9782131120983, "E_inv_c": 0, "sum_Ec": 0, "inv_cost": 0.039358957602455426, "E_c": {"0": 0}, "c_x": {"0": 2.008272352176112, "1": 7.403582328483716, "2": 15.995322259859922}, "c_res": {"0": 2.008272352176112}, "inv_c_res": 0.039358957602455426, "eta": 3.0, "_timestamp": 1683642370.5077772, "_runtime": 948.8760151863098, "_step": 49, "_wandb": {"runtime": 948}}