{"best_f": -3.5623747877215357, "f_hat_x": -0.21994589391736447, "f_x": -3.8647783842376295, "f_res": 3.644832490320265, "sum_c_x": 361.3644991331685, "cum_costs": 19789.39837094593, "E_inv_c": 0, "sum_Ec": 0, "inv_cost": 0.0027672889904757476, "E_c": {"0": 0}, "c_x": {"0": 174.97426591038376, "1": 74.5873330045161, "2": 111.80290021826868}, "c_res": {"0": 174.97426591038376}, "inv_c_res": 0.0027672889904757476, "eta": 0.6050060671375365, "_timestamp": 1683725217.1432202, "_runtime": 315.8613862991333, "_step": 49, "_wandb": {"runtime": 315}}