{"best_f": -5.441459420457829, "f_hat_x": 5.5574946047695795, "f_x": -5.937678785430691, "f_res": 11.495173390200272, "sum_c_x": 143.60326382836544, "cum_costs": 9024.201600905231, "E_inv_c": 0, "sum_Ec": 0, "inv_cost": 0.003497164087217472, "E_c": {"0": 0}, "c_x": {"0": 0.10000000149011612, "1": 36.18380284142965, "2": 107.31946098544567}, "c_res": {"0": 142.44271270168173}, "inv_c_res": 0.003497164087217472, "eta": 0.2570243131302062, "_timestamp": 1683857915.8279457, "_runtime": 8188.340289592743, "_step": 39, "_wandb": {"runtime": 8187}}