{"best_f": -5.6391599624987006, "f_hat_x": 8.400620476846985, "f_x": -5.6391599624987006, "f_res": 14.039780439345686, "sum_c_x": 51.44225176984859, "cum_costs": 822.3348111012438, "E_inv_c": 0.019169482472074967, "sum_Ec": 52.18497603376391, "inv_cost": 0.019439273468703822, "E_c": {"0": 2.122794868004082, "1": 0.9398505613662375, "2": 49.12233060439359}, "c_x": {"0": 2.00196464616388, "1": 0.3024780650428198, "2": 49.13780905864189}, "c_res": {"0": 0.12083022184020198, "1": 0.6373724963234176, "2": 0.015478454248302853}, "inv_c_res": 0.00026979099662885475, "eta": 1.0, "_timestamp": 1683667967.886021, "_runtime": 35.99515700340271, "_step": 1, "_wandb": {"runtime": 52}}