{"best_f": -1.3334039653576706, "f_hat_x": 3.9964953285376406, "f_x": -2.8894123621651353, "f_res": 6.885907690702776, "sum_c_x": 14.614520688848383, "cum_costs": 550.5025069130369, "E_inv_c": 0.08101094932862239, "sum_Ec": 17.06236584609082, "inv_cost": 0.06842509729128855, "E_c": {"0": 2.000000064780139, "1": 11.038893025791953, "2": 4.023472755518727}, "c_x": {"0": 2.0000000000686304, "1": 8.591365172670944, "2": 4.023155516108807}, "c_res": {"0": 6.471150859610475e-08, "1": 2.4475278531210094, "2": 0.0003172394099193454}, "inv_c_res": 0.012585852037333839, "eta": 2.0, "_timestamp": 1683576746.629092, "_runtime": 6115.835103034973, "_step": 49, "_wandb": {"runtime": 6115}}