{"best_f": -12.751678352508534, "f_hat_x": 10.843483131317637, "f_x": -20.40780627211244, "f_res": 31.251289403430075, "sum_c_x": 10.021703337287505, "cum_costs": 725.5220760399864, "E_inv_c": 0, "sum_Ec": 0, "inv_cost": 0.03410253444619768, "E_c": {"0": 0}, "c_x": {"0": 0.10000000149011612, "1": 0.10000000149011612, "2": 9.821703334307273}, "c_res": {"0": 9.523707067709896}, "inv_c_res": 0.03410253444619768, "eta": 1.0, "_timestamp": 1683805236.08493, "_runtime": 38.26686406135559, "_step": 1}