{"best_f": 1.2809804092271078, "f_hat_x": 3.091752770506673, "f_x": -11.238594188259555, "f_res": 14.330346958766228, "sum_c_x": 136.34830516694143, "cum_costs": 7610.427741307941, "E_inv_c": 0, "sum_Ec": 0, "inv_cost": 0.007334157903727701, "E_c": {"0": 0}, "c_x": {"0": 33.798818709795164, "1": 71.33374061883859, "2": 31.215745838307654}, "c_res": {"0": 33.798818709795164}, "inv_c_res": 0.007334157903727701, "eta": 1.4551915228366859e-83, "_timestamp": 1683296727.615595, "_runtime": 2298.406771183014, "_step": 46}