{"best_f": 76.68344627395132, "f_hat_x": -0.46051361051313233, "f_x": 70.08137943640519, "f_res": 70.54189304691832, "sum_c_x": 190.30086939000756, "cum_costs": 13091.060073254164, "E_inv_c": 0.0037276578317758393, "sum_Ec": 268.29061355095854, "inv_cost": 0.0037308894626208026, "E_c": {"0": 77.84308894945123, "1": 65.28198509715348, "2": 125.16553950435384}, "c_x": {"0": 0.10000000149011612, "1": 65.1994908808178, "2": 125.00137850769966}, "c_res": {"0": 0.01135913639937769, "1": 0.08249421633567522, "2": 0.16416099665418926}, "inv_c_res": 3.231630844963314e-06, "eta": 0.6050060671375365, "_timestamp": 1683756611.2605135, "_runtime": 3735.185578584671, "_step": 49, "_wandb": {"runtime": 3734}}