{"best_f": -4.593350622901097, "f_hat_x": 1.510007212146148, "f_x": -9.644714280942917, "f_res": 11.154721493089065, "sum_c_x": 115.85343072444658, "cum_costs": 6871.020416029169, "E_inv_c": 0, "sum_Ec": 0, "inv_cost": 0.008631595920352723, "E_c": {"0": 0}, "c_x": {"0": 36.551376208055316, "1": 47.79783115234281, "2": 31.504223364048464}, "c_res": {"0": 36.551376208055316}, "inv_c_res": 0.008631595920352723, "eta": 1.152921504606848e-72, "_timestamp": 1683297399.099997, "_runtime": 2502.771296977997, "_step": 40}