{"best_f": -0.865098889558896, "f_hat_x": -0.2517087122108861, "f_x": -5.433263737014165, "f_res": 5.181555024803279, "sum_c_x": 10.14834249091573, "cum_costs": 761.8162301607335, "E_inv_c": 0, "sum_Ec": 0, "inv_cost": 0.09853825892209965, "E_c": {"0": 0}, "c_x": {"0": 3.311126035316751, "1": 3.184275607001685, "2": 3.6529408485972956}, "c_res": {"0": 3.311126035316751}, "inv_c_res": 0.09853825892209965, "eta": 1.47412250850319, "_timestamp": 1683401608.3421166, "_runtime": 5235.754424571991, "_step": 49, "_wandb": {"runtime": 5234}}