{"best_f": -8.493956318752081, "f_hat_x": 5.6064295216607265, "f_x": -11.514717996032173, "f_res": 17.1211475176929, "sum_c_x": 95.61660197888463, "cum_costs": 5379.665097068856, "E_inv_c": 0.07242874715506384, "sum_Ec": 311.8860569307146, "inv_cost": 0.003219299345224262, "E_c": {"0": 143.92243823611219, "1": 71.28692380108734, "2": 96.67669489351506}, "c_x": {"0": 0.10000000149011612, "1": 0.10000000149011612, "2": 95.4166019759044}, "c_res": {"0": 0.00042654196974467595, "1": 0.0010594259426142116, "2": 1.2600929176106632}, "inv_c_res": 0.06920944780983958, "eta": 1.080720175325273, "_timestamp": 1683837113.089359, "_runtime": 360.56515097618103, "_step": 11}