{"best_f": 76.304244371994, "f_hat_x": -3.687822041581183, "f_x": 52.00752463812375, "f_res": 55.69534667970493, "sum_c_x": 187.10131061182489, "cum_costs": 12998.852949200622, "E_inv_c": 0, "sum_Ec": 0, "inv_cost": 0.004018683425972802, "E_c": {"0": 0}, "c_x": {"0": 0.10000000149011612, "1": 67.27970797527712, "2": 119.72160263505764}, "c_res": {"0": 61.8364041339985}, "inv_c_res": 0.004018683425972802, "eta": 1.0, "_timestamp": 1683731072.5605502, "_runtime": 2274.416132211685, "_step": 49, "_wandb": {"runtime": 2273}}