{"best_f": -4.4350991427187285, "f_hat_x": -0.2750230194539121, "f_x": -6.263024901115527, "f_res": 5.9880018816616145, "sum_c_x": 12.660354174856494, "cum_costs": 931.3384907831166, "E_inv_c": 0.07898626950222731, "sum_Ec": 12.660603003238126, "inv_cost": 0.07898673182350643, "E_c": {"0": 9.09969723915205, "1": 0.1503099096070153, "2": 3.41059585447906}, "c_x": {"0": 9.099694784292105, "1": 0.15053232461243515, "2": 3.410127065951955}, "c_res": {"0": 2.4548599455442854e-06, "1": 0.0002224150054198626, "2": 0.00046878852710507957}, "inv_c_res": 4.6232127912104737e-07, "eta": 4.0, "_timestamp": 1683416861.56859, "_runtime": 4193.33153295517, "_step": 49, "_wandb": {"runtime": 4192}}