{"best_f": -8.561445463420807, "f_hat_x": 2.3476774837687966, "f_x": -174.36058122541908, "f_res": 176.70825870918787, "sum_c_x": 4.2355149702645605, "cum_costs": 249.90136057651426, "E_inv_c": 0, "sum_Ec": 0, "inv_cost": 0.23609879956050245, "E_c": {"0": 0}, "c_x": {"0": 2.107959651386751, "1": 0.0018422200940352296, "2": 2.1257130987837742}, "c_res": {"0": 2.107959651386751}, "inv_c_res": 0.23609879956050245, "eta": 0.01, "_timestamp": 1683452318.345817, "_runtime": 22.74057102203369, "_step": 0, "_wandb": {"runtime": 23}}