{"best_f": -2.652296115493394, "f_hat_x": -1.2841697085562742, "f_x": -7.38833055893326, "f_res": 6.104160850376986, "sum_c_x": 10.755764471415798, "cum_costs": 514.6372572024708, "E_inv_c": 0, "sum_Ec": 0, "inv_cost": 0.09297340069667484, "E_c": {"0": 0}, "c_x": {"0": 2.101989521161321, "1": 0.022860719539682495, "2": 8.630914230714794}, "c_res": {"0": 2.101989521161321}, "inv_c_res": 0.09297340069667484, "eta": 5.0, "_timestamp": 1683403984.1603084, "_runtime": 1423.9874062538147, "_step": 49, "_wandb": {"runtime": 1423}}