{"best_f": -1.4762782547522435, "f_hat_x": 4.954018833741524, "f_x": -1.476278262671077, "f_res": 6.430297096412602, "sum_c_x": 168.30557427940786, "cum_costs": 11595.50910650507, "E_inv_c": 0, "sum_Ec": 0, "inv_cost": 0.0027108298992572057, "E_c": {"0": 0}, "c_x": {"0": 0.10000000149011612, "1": 0.10000000149011612, "2": 168.10557427642763}, "c_res": {"0": 140.3942094704048}, "inv_c_res": 0.0027108298992572057, "eta": 0.05912353176573843, "_timestamp": 1683858393.9543004, "_runtime": 8666.41940832138, "_step": 39, "_wandb": {"runtime": 8665}}