{"best_f": -4.224637155481953, "f_hat_x": 2.6078750828742403, "f_x": -7.885195100848385, "f_res": 10.493070183722626, "sum_c_x": 159.64511852699246, "cum_costs": 10392.71940401104, "E_inv_c": 0, "sum_Ec": 0, "inv_cost": 0.0033378028118850015, "E_c": {"0": 0}, "c_x": {"0": 0.10000000149011612, "1": 35.093672290309755, "2": 124.45144623519258}, "c_res": {"0": 140.0531670410608}, "inv_c_res": 0.0033378028118850015, "eta": 4.0, "_timestamp": 1683832572.368, "_runtime": 3008.2563030719757, "_step": 49, "_wandb": {"runtime": 3007}}