{"best_f": -0.26601398104729324, "f_hat_x": -0.658603434004611, "f_x": -0.26601398104729324, "f_res": 0.39258945295731773, "sum_c_x": 255.9774694588259, "cum_costs": 11284.825651550276, "E_inv_c": 0, "sum_Ec": 0, "inv_cost": 0.003906593819034727, "E_c": {"0": 0}, "c_x": {"0": 140.45146086822436, "1": 65.67622570790786, "2": 49.849782882693695}, "c_res": {"0": 140.45146086822436}, "inv_c_res": 0.003906593819034727, "eta": 1.0, "_timestamp": 1683864083.132424, "_runtime": 489.6818540096283, "_step": 39, "_wandb": {"runtime": 488}}