{"best_f": -0.7229365648329626, "f_hat_x": 2.677302638984827, "f_x": -7.383397214817171, "f_res": 10.060699853801998, "sum_c_x": 114.92903986129241, "cum_costs": 7033.6980134933865, "E_inv_c": 0.008697318974518253, "sum_Ec": 115.05146446481874, "inv_cost": 0.008701021092727284, "E_c": {"0": 29.721700866588318, "1": 54.98040548499736, "2": 30.349358113233045}, "c_x": {"0": 29.114488082064895, "1": 55.524531173340065, "2": 30.29002060588745}, "c_res": {"0": 0.6072127845234228, "1": 0.544125688342703, "2": 0.05933750734559595}, "inv_c_res": 3.7021182090306304e-06, "eta": 0.1352759542790559, "_timestamp": 1683302129.3086884, "_runtime": 5328.964659452438, "_step": 49, "_wandb": {"runtime": 5328}}