{"best_f": -1.5660073881496654, "f_hat_x": -0.3328448165458619, "f_x": -1.5780424368096346, "f_res": 1.2451976202637727, "sum_c_x": 294.00675374926584, "cum_costs": 16150.655134973615, "E_inv_c": 0, "sum_Ec": 0, "inv_cost": 0.0034012824101748956, "E_c": {"0": 0}, "c_x": {"0": 97.15613183695737, "1": 71.9315260725146, "2": 124.9190958397939}, "c_res": {"0": 97.15613183695737}, "inv_c_res": 0.0034012824101748956, "eta": 0.6050060671375365, "_timestamp": 1683725118.7828345, "_runtime": 217.49472641944885, "_step": 49, "_wandb": {"runtime": 216}}