{"best_f": -8.596966338847691, "f_hat_x": 9.878015573983413, "f_x": -8.596966338847691, "f_res": 18.474981912831105, "sum_c_x": 355.69455613680043, "cum_costs": 3844.4629340657975, "E_inv_c": 0.04637527259979854, "sum_Ec": 357.9675053840205, "inv_cost": 0.0028114009133594926, "E_c": {"0": 138.42839895216918, "1": 71.30177919198464, "2": 148.23732723986672}, "c_x": {"0": 140.1021084610084, "1": 72.90108582784895, "2": 142.6913618479431}, "c_res": {"0": 1.673709508839238, "1": 1.599306635864309, "2": 5.545965391923602}, "inv_c_res": 0.04356387168643905, "eta": 1.0, "_timestamp": 1683840418.8523755, "_runtime": 37.445685625076294, "_step": 0}