{"best_f": 118.045899663597, "f_hat_x": 8.672107916771584, "f_x": 118.045899663597, "f_res": 109.37379174682542, "sum_c_x": 11.595799741321402, "cum_costs": 201.12904497841708, "E_inv_c": 0.08387781335047174, "sum_Ec": 11.962068489921096, "inv_cost": 0.08623812262266999, "E_c": {"0": 2.0000000133322824, "1": 7.9543304361622775, "2": 2.007738040426537}, "c_x": {"0": 2.000000010492607, "1": 7.5921487489332025, "2": 2.0036509818955928}, "c_res": {"0": 2.8396756057702532e-09, "1": 0.36218168722907507, "2": 0.004087058530944265}, "inv_c_res": 0.002360309272198241, "eta": 1.0, "_timestamp": 1683568225.7220721, "_runtime": 65.65369915962219, "_step": 6}