{"best_f": -1.0305012060623402, "f_hat_x": 2.7397730776807903, "f_x": -7.157642269858118, "f_res": 9.897415347538908, "sum_c_x": 70.14477636329187, "cum_costs": 3698.148319856237, "E_inv_c": 0, "sum_Ec": 0, "inv_cost": 0.014256229071439731, "E_c": {"0": 0}, "c_x": {"0": 2.0003505326411153, "1": 2.741617349747542, "2": 65.40280848090322}, "c_res": {"0": 2.0003505326411153}, "inv_c_res": 0.014256229071439731, "eta": 2.0, "_timestamp": 1683668111.163078, "_runtime": 181.99127316474915, "_step": 49, "_wandb": {"runtime": 181}}