{"best_f": -2.9856528327708713, "f_hat_x": 6.76959272631352, "f_x": -3.7973943133231725, "f_res": 10.566987039636693, "sum_c_x": 348.7636674312581, "cum_costs": 10559.826175236456, "E_inv_c": 0, "sum_Ec": 0, "inv_cost": 0.0028672711448565714, "E_c": {"0": 0}, "c_x": {"0": 140.03283682467614, "1": 80.60629559900839, "2": 128.12453500757354}, "c_res": {"0": 140.03283682467614}, "inv_c_res": 0.0028672711448565714, "eta": 0.05912353176573843, "_timestamp": 1683858206.999945, "_runtime": 8479.390002965927, "_step": 39, "_wandb": {"runtime": 8478}}