{"best_f": 194.24043131048504, "f_hat_x": 3.0593343546123726, "f_x": 194.24043131048504, "f_res": 191.18109695587268, "sum_c_x": 25.94626831729536, "cum_costs": 1520.0933685144528, "E_inv_c": 0.03854109287067894, "sum_Ec": 25.946332759761745, "inv_cost": 0.03854118780284933, "E_c": {"0": 2.086137552258103, "1": 7.862707449209876, "2": 15.997487758293763}, "c_x": {"0": 2.0861356605042882, "1": 7.862708724458889, "2": 15.997423932332183}, "c_res": {"0": 1.8917538149310076e-06, "1": 1.2752490130552019e-06, "2": 6.382596158083231e-05}, "inv_c_res": 9.493217039552304e-08, "eta": 5.0, "_timestamp": 1683589283.2393942, "_runtime": 977.9777572154999, "_step": 49, "_wandb": {"runtime": 977}}