{"best_f": -15.106436648601857, "f_hat_x": 8.086148321349615, "f_x": -21.96273709839715, "f_res": 30.048885419746764, "sum_c_x": 38.812946885143774, "cum_costs": 1436.2495173940347, "E_inv_c": 0, "sum_Ec": 0, "inv_cost": 0.025764598677838726, "E_c": {"0": 0}, "c_x": {"0": 12.423416019437287, "1": 12.836777109283638, "2": 13.55275375642285}, "c_res": {"0": 12.423416019437287}, "inv_c_res": 0.025764598677838726, "eta": 1.0, "_timestamp": 1683805080.5785909, "_runtime": 46.095319986343384, "_step": 13}