{"best_f": -5.457060345574878, "f_hat_x": 6.053645669662805, "f_x": -5.814110053765413, "f_res": 11.867755723428218, "sum_c_x": 118.18920243126107, "cum_costs": 6694.289213303297, "E_inv_c": 0, "sum_Ec": 0, "inv_cost": 0.0031727629846278007, "E_c": {"0": 0}, "c_x": {"0": 0.10000000149011612, "1": 0.10000000149011612, "2": 117.98920242828083}, "c_res": {"0": 142.882635701585}, "inv_c_res": 0.0031727629846278007, "eta": 1.0, "_timestamp": 1683681911.79464, "_runtime": 290.9884121417999, "_step": 27}