{"best_f": -15.040050969736788, "f_hat_x": -0.7994105635524659, "f_x": -30.843411261046644, "f_res": 30.044000697494177, "sum_c_x": 101.50562260867883, "cum_costs": 2951.819081849656, "E_inv_c": 0, "sum_Ec": 0, "inv_cost": 0.0046851246615228345, "E_c": {"0": 0}, "c_x": {"0": 0.10000000149011612, "1": 0.10000000149011612, "2": 101.3056226056986}, "c_res": {"0": 57.38110310465116}, "inv_c_res": 0.0046851246615228345, "eta": 1.0, "_timestamp": 1683715574.1560547, "_runtime": 25.834309816360474, "_step": 1}