{"best_f": -2.690469992156979, "f_hat_x": 5.811509743699995, "f_x": -4.3851215858930885, "f_res": 10.196631329593083, "sum_c_x": 93.77478145189846, "cum_costs": 10985.095115124748, "E_inv_c": 0, "sum_Ec": 0, "inv_cost": 0.003498706115611181, "E_c": {"0": 0}, "c_x": {"0": 0.10000000149011612, "1": 0.10000000149011612, "2": 93.57478144891823}, "c_res": {"0": 140.0078841295121}, "inv_c_res": 0.003498706115611181, "eta": 0.2570243131302062, "_timestamp": 1683858324.601555, "_runtime": 8597.0864880085, "_step": 39, "_wandb": {"runtime": 8596}}