{"best_f": -2.536846181337236, "f_hat_x": 5.04570410467621, "f_x": -3.8088891852127915, "f_res": 8.854593289889001, "sum_c_x": 326.8361405786014, "cum_costs": 16176.37132009033, "E_inv_c": 0, "sum_Ec": 0, "inv_cost": 0.0030596371571078086, "E_c": {"0": 0}, "c_x": {"0": 140.13824078782307, "1": 58.2620505288118, "2": 128.4358492619665}, "c_res": {"0": 140.13824078782307}, "inv_c_res": 0.0030596371571078086, "eta": 1.0, "_timestamp": 1683845252.3491366, "_runtime": 576.1201546192169, "_step": 39, "_wandb": {"runtime": 575}}