{"best_f": -1.9949817053156154, "f_hat_x": 6.032972324232683, "f_x": -3.9861287661436737, "f_res": 10.019101090376356, "sum_c_x": 74.43329767646422, "cum_costs": 3472.995750653604, "E_inv_c": 0, "sum_Ec": 0, "inv_cost": 0.013434847456935925, "E_c": {"0": 0}, "c_x": {"0": 2.0000000019675843, "1": 7.077794743497126, "2": 65.3555029309995}, "c_res": {"0": 2.0000000019675843}, "inv_c_res": 0.013434847456935925, "eta": 1.0, "_timestamp": 1683668958.3995798, "_runtime": 733.014607667923, "_step": 49, "_wandb": {"runtime": 732}}