{"best_f": 122.11613579764065, "f_hat_x": 7.038536116848956, "f_x": 121.6279447042471, "f_res": 114.58940858739814, "sum_c_x": 11.941567766063622, "cum_costs": 748.2464731472845, "E_inv_c": 0, "sum_Ec": 0, "inv_cost": 0.08374109828710008, "E_c": {"0": 0}, "c_x": {"0": 2.0000007526234036, "1": 7.791593190741897, "2": 2.149973822698323}, "c_res": {"0": 2.0000007526234036}, "inv_c_res": 0.08374109828710008, "eta": 1, "_timestamp": 1683544476.8288639, "_runtime": 3021.150734901428, "_step": 49, "_wandb": {"runtime": 3020}}