{"best_f": 194.44574884329967, "f_hat_x": 3.581218375319638, "f_x": 194.44574884329967, "f_res": 190.86453046798002, "sum_c_x": 25.873879645775396, "cum_costs": 1508.4762881146141, "E_inv_c": 0.03864900791525042, "sum_Ec": 25.87388644228301, "inv_cost": 0.03864901644787842, "E_c": {"0": 2.000017062858597, "1": 7.876826280913388, "2": 15.997043098511023}, "c_x": {"0": 2.0000172521539135, "1": 7.876828447789169, "2": 15.997033945832316}, "c_res": {"0": 1.892953163107336e-07, "1": 2.1668757810289208e-06, "2": 9.152678707380346e-06}, "inv_c_res": 8.532627999990883e-09, "eta": 4.0, "_timestamp": 1683589305.806222, "_runtime": 996.9250009059906, "_step": 49, "_wandb": {"runtime": 996}}