{"best_f": -6.905574425435367, "f_hat_x": 9.219930735359059, "f_x": -6.905574437142894, "f_res": 16.125505172501953, "sum_c_x": 95.60649501798729, "cum_costs": 3826.275307745804, "E_inv_c": 0, "sum_Ec": 0, "inv_cost": 0.003478956853952611, "E_c": {"0": 0}, "c_x": {"0": 0.10000000149011612, "1": 0.10000000149011612, "2": 95.40649501500705}, "c_res": {"0": 140.75238416482674}, "inv_c_res": 0.003478956853952611, "eta": 1.0, "_timestamp": 1683811638.2592044, "_runtime": 64.35216426849365, "_step": 2, "_wandb": {"runtime": 63}}