{"best_f": -16.70320947070198, "f_hat_x": -1.6015200707717754, "f_x": -51.19170743387015, "f_res": 49.59018736309837, "sum_c_x": 7.769630595324419, "cum_costs": 241.8864149646622, "E_inv_c": 0, "sum_Ec": 0, "inv_cost": 0.12870624770780947, "E_c": {"0": 0}, "c_x": {"0": 3.1004792072454697, "1": 2.2468430648803164, "2": 2.4223083231986333}, "c_res": {"0": 3.1004792072454697}, "inv_c_res": 0.12870624770780947, "eta": 0.01, "_timestamp": 1683453067.5867262, "_runtime": 21.516163110733032, "_step": 2}