{"best_f": -5.182669212692771, "f_hat_x": 1.25020636965495, "f_x": -7.896151624025079, "f_res": 9.146357993680029, "sum_c_x": 140.7626069825839, "cum_costs": 6609.185415646058, "E_inv_c": 0, "sum_Ec": 0, "inv_cost": 0.00407485775631235, "E_c": {"0": 0}, "c_x": {"0": 0.10000000149011612, "1": 62.75881767964601, "2": 77.90378930144777}, "c_res": {"0": 104.7447323182727}, "inv_c_res": 0.00407485775631235, "eta": 1.0, "_timestamp": 1683867381.3203232, "_runtime": 3788.045931339264, "_step": 39, "_wandb": {"runtime": 3787}}