{"best_f": 71.4668927528522, "f_hat_x": -2.3457661490003914, "f_x": 68.62993694906658, "f_res": 70.97570309806697, "sum_c_x": 372.5249827010414, "cum_costs": 19728.40082093663, "E_inv_c": 0, "sum_Ec": 0, "inv_cost": 0.00268438372307105, "E_c": {"0": 0}, "c_x": {"0": 166.1073001165148, "1": 57.75613901356892, "2": 148.66154357095766}, "c_res": {"0": 166.1073001165148}, "inv_c_res": 0.00268438372307105, "eta": 2.0, "_timestamp": 1683743933.9636824, "_runtime": 134.20915031433105, "_step": 49, "_wandb": {"runtime": 132}}