{"best_f": -5.755412317176898, "f_hat_x": 3.876360646294791, "f_x": -6.624476696327314, "sum_c_x": 138.3141315392562, "cum_costs": 7721.70732613655, "E_inv_c": 0, "sum_Ec": 0, "inv_cost": 0.007229919234363849, "E_c": {"0": 0}, "c_x": {"0": 36.375965309448915, "1": 71.05449646636637, "2": 30.883669763440928}, "c_res": {"0": 36.375965309448915}, "inv_c_res": 0.007229919234363849, "_timestamp": 1683281139.6333618, "_runtime": 4442.318589925766, "_step": 49, "_wandb": {"runtime": 4441}}