{"best_f": -6.0320489383676, "f_hat_x": -1.9699730926213455, "f_x": -35.97398144817747, "f_res": 34.004008355556124, "sum_c_x": 19.512722163814317, "cum_costs": 326.94747574682793, "E_inv_c": 0, "sum_Ec": 0, "inv_cost": 0.05124861572899686, "E_c": {"0": 0}, "c_x": {"0": 5.860143959235115, "1": 3.9277701959998317, "2": 9.724808008579368}, "c_res": {"0": 5.860143959235115}, "inv_c_res": 0.05124861572899686, "eta": 0.01, "_timestamp": 1683453088.5718577, "_runtime": 42.275797605514526, "_step": 4}