{"best_f": 69.7625050523203, "f_hat_x": 1.1717340276578363, "f_x": 7.034348931620574, "f_res": 5.862614903962738, "sum_c_x": 24.869965350240008, "cum_costs": 1275.2002561538973, "E_inv_c": 0, "sum_Ec": 0, "inv_cost": 0.04020914327451403, "E_c": {"0": 0}, "c_x": {"0": 4.805028406453136, "1": 7.485072762117705, "2": 12.57986418166917}, "c_res": {"0": 4.805028406453136}, "inv_c_res": 0.04020914327451403, "eta": 1.0, "_timestamp": 1683616583.8408666, "_runtime": 1472.4187145233154, "_step": 49, "_wandb": {"runtime": 1471}}