{"best_f": 115.68235000041575, "f_hat_x": 5.75998042354441, "f_x": 115.68235000041575, "f_res": 109.92236957687135, "sum_c_x": 15.240205129092057, "cum_costs": 883.9757385336897, "E_inv_c": 0.0656543814153548, "sum_Ec": 15.231295944994823, "inv_cost": 0.06561591471568175, "E_c": {"0": 2.000585970163926, "1": 7.763444192199036, "2": 5.467265782631861}, "c_x": {"0": 2.0005932327585887, "1": 7.763411605694112, "2": 5.476200290639357}, "c_res": {"0": 7.262594662549304e-06, "1": 3.2586504923770576e-05, "2": 0.008934508007496511}, "inv_c_res": 3.846669967305649e-05, "eta": 1.0, "_timestamp": 1683537504.7535956, "_runtime": 3672.3126306533813, "_step": 49, "_wandb": {"runtime": 3671}}