{"best_f": -1.9274962258750263, "f_hat_x": -0.8034768386502821, "f_x": -6.187091607307179, "f_res": 5.383614768656897, "sum_c_x": 15.007431003164704, "cum_costs": 871.0790526810636, "E_inv_c": 0, "sum_Ec": 0, "inv_cost": 0.06663365633925782, "E_c": {"0": 0}, "c_x": {"0": 3.333127570232807, "1": 8.08978445511655, "2": 3.5845189778153452}, "c_res": {"0": 3.333127570232807}, "inv_c_res": 0.06663365633925782, "eta": 1.2, "_timestamp": 1683384417.5464025, "_runtime": 5142.080298423767, "_step": 49, "_wandb": {"runtime": 5141}}