{"best_f": -8.493956318752081, "f_hat_x": 2.1842630698453545, "f_x": -16.122785619447868, "f_res": 18.30704868929322, "sum_c_x": 96.05121733057436, "cum_costs": 4927.41490785758, "E_inv_c": 0, "sum_Ec": 0, "inv_cost": 0.00313839409083224, "E_c": {"0": 0}, "c_x": {"0": 0.10000000149011612, "1": 0.10000000149011612, "2": 95.85121732759413}, "c_res": {"0": 164.57152478844563}, "inv_c_res": 0.00313839409083224, "eta": 1.1974738784767571, "_timestamp": 1683837112.4526434, "_runtime": 359.8285913467407, "_step": 9}