{"best_f": -8.493956318752081, "f_hat_x": -2.511159656549474, "f_x": -48.23502632567248, "f_res": 45.723866669123005, "sum_c_x": 352.88304536672507, "cum_costs": 21234.95735692736, "E_inv_c": 0, "sum_Ec": 0, "inv_cost": 0.002833800073791515, "E_c": {"0": 0}, "c_x": {"0": 141.31310709136798, "1": 57.02527422831408, "2": 154.544664047043}, "c_res": {"0": 141.31310709136798}, "inv_c_res": 0.002833800073791515, "eta": 1.0, "_timestamp": 1683676131.1007006, "_runtime": 117.24772667884827, "_step": 49, "_wandb": {"runtime": 115}}