{"best_f": 119.07658329637488, "f_hat_x": 8.11806920552617, "f_x": 118.41683483266277, "f_res": 110.2987656271366, "sum_c_x": 11.999000818358962, "cum_costs": 229.69309419176736, "E_inv_c": 0.08013995964933014, "sum_Ec": 12.482457746241803, "inv_cost": 0.08334027267253447, "E_c": {"0": 2.000000002476411, "1": 7.655312309522078, "2": 2.8271454342433127}, "c_x": {"0": 2.000000002488406, "1": 7.6553158073130065, "2": 2.34368500855755}, "c_res": {"0": 1.1994849558050191e-11, "1": 3.4977909288969045e-06, "2": 0.48346042568576264}, "inv_c_res": 0.0032003130232043236, "eta": 1.0, "_timestamp": 1683568791.2686465, "_runtime": 109.89302659034729, "_step": 8}