{"best_f": 196.59233211476982, "f_hat_x": 3.774938633624815, "f_x": 196.4846144599736, "f_res": 192.70967582634879, "sum_c_x": 25.827878663000668, "cum_costs": 1544.4683389157274, "E_inv_c": 0.03871738018089519, "sum_Ec": 25.82819456530286, "inv_cost": 0.03871785263698543, "E_c": {"0": 2.0001382062731685, "1": 7.830404492213692, "2": 15.997651866815996}, "c_x": {"0": 2.0000044982274776, "1": 7.830475553892653, "2": 15.997398610880538}, "c_res": {"0": 0.00013370804569090566, "1": 7.106167896164806e-05, "2": 0.0002532559354584407}, "inv_c_res": 4.724560902363839e-07, "eta": 1.0, "_timestamp": 1683580641.032311, "_runtime": 2344.9465460777283, "_step": 49, "_wandb": {"runtime": 2344}}