{"best_f": -3.3680812232927506, "f_hat_x": 6.031512671777243, "f_x": -4.4560333195801185, "f_res": 10.487545991357361, "sum_c_x": 47.74702125390113, "cum_costs": 3124.164062047918, "E_inv_c": 0.020020983541490622, "sum_Ec": 49.9506606103929, "inv_cost": 0.02014178707159357, "E_c": {"0": 2.0010062131056126, "1": 1.1525712658596972, "2": 46.79708313142759}, "c_x": {"0": 0.10000000149011612, "1": 1.152497995211474, "2": 46.49452325719954}, "c_res": {"0": 1.9010062116154964, "1": 7.327064822315599e-05, "2": 0.3025598742280522}, "inv_c_res": 0.00012080353010294684, "eta": 2.0, "_timestamp": 1683669209.6930828, "_runtime": 984.3518078327179, "_step": 48}