{"best_f": -1.7749138660530654, "f_hat_x": -1.7340386699388013, "f_x": -21.185371528975153, "f_res": 19.451332859036352, "sum_c_x": 10.846282136929197, "cum_costs": 1048.443209825538, "E_inv_c": 0.09834439037656642, "sum_Ec": 10.174203757498733, "inv_cost": 0.09219749102738353, "E_c": {"0": 2.041571342884839, "1": 2.0235934047309607, "2": 6.109039009882933}, "c_x": {"0": 2.041302642997433, "1": 2.0238149960465197, "2": 6.781164497885245}, "c_res": {"0": 0.0002686998874059654, "1": 0.0002215913155589888, "2": 0.6721254880023118}, "inv_c_res": 0.006146899349182888, "eta": 0.6757290490602831, "_timestamp": 1683486820.2459102, "_runtime": 8253.821216106415, "_step": 49, "_wandb": {"runtime": 8252}}