{"best_f": 183.1725235714149, "f_hat_x": 2.0563418627736585, "f_x": -141.35318197735506, "f_res": 143.4095238401287, "sum_c_x": 25.792941314566225, "cum_costs": 1521.5859504935606, "E_inv_c": 0, "sum_Ec": 0, "inv_cost": 0.03877029718341053, "E_c": {"0": 0}, "c_x": {"0": 2.102647041489341, "1": 7.690332098441162, "2": 15.999962174635723}, "c_res": {"0": 2.102647041489341}, "inv_c_res": 0.03877029718341053, "eta": 0.5, "_timestamp": 1683649122.6897929, "_runtime": 3652.0217928886414, "_step": 49, "_wandb": {"runtime": 3651}}