{"best_f": -1.0509445271945643, "f_hat_x": -0.7638709647101865, "f_x": -4.835724057252122, "f_res": 4.071853092541936, "sum_c_x": 65.92231800647374, "cum_costs": 5140.141608715924, "E_inv_c": 0, "sum_Ec": 0, "inv_cost": 0.00568720606907365, "E_c": {"0": 0}, "c_x": {"0": 0.10000000149011612, "1": 0.10000000149011612, "2": 65.72231800349351}, "c_res": {"0": 72.99245436432443}, "inv_c_res": 0.00568720606907365, "eta": 1.0, "_timestamp": 1683867183.9485524, "_runtime": 3587.7588183879852, "_step": 39, "_wandb": {"runtime": 3586}}