{"best_f": 57.04045370589693, "f_hat_x": 2.142265044108719, "f_x": -27.542199213362487, "f_res": 29.684464257471205, "sum_c_x": 17.228912890108663, "cum_costs": 1106.391599939183, "E_inv_c": 0, "sum_Ec": 0, "inv_cost": 0.05804196738228984, "E_c": {"0": 0}, "c_x": {"0": 2.018027775714284, "1": 1.5127454282864914, "2": 13.698139686107888}, "c_res": {"0": 2.018027775714284}, "inv_c_res": 0.05804196738228984, "eta": 2.0, "_timestamp": 1683634853.9457648, "_runtime": 6195.1847677230835, "_step": 49, "_wandb": {"runtime": 6194}}