{"best_f": -3.2545657237237733, "f_hat_x": -0.18921077496945565, "f_x": -12.071114834469244, "f_res": 11.881904059499789, "sum_c_x": 24.16523697348527, "cum_costs": 1173.5718698400015, "E_inv_c": 0, "sum_Ec": 0, "inv_cost": 0.04138175847798332, "E_c": {"0": 0}, "c_x": {"0": 9.04190118331318, "1": 7.226588380010606, "2": 7.896747410161486}, "c_res": {"0": 9.04190118331318}, "inv_c_res": 0.04138175847798332, "eta": 0.00016615349947311482, "_timestamp": 1683366761.8794577, "_runtime": 4484.540413618088, "_step": 49, "_wandb": {"runtime": 4483}}