{"best_f": -3.873296087157363, "f_hat_x": 6.719229877155578, "f_x": -4.187460865709179, "f_res": 10.906690742864757, "sum_c_x": 101.38895427707342, "cum_costs": 9362.707126941115, "E_inv_c": 0.07359792035767151, "sum_Ec": 297.50913383795665, "inv_cost": 0.003364558671074585, "E_c": {"0": 140.00816260836754, "1": 56.028880029244505, "2": 101.4720912003446}, "c_x": {"0": 0.10000000149011612, "1": 0.10000000149011612, "2": 101.18895427409319}, "c_res": {"0": 0.00889777967512373, "1": 0.0012982612976983887, "2": 0.28313692625140163}, "inv_c_res": 0.07023336168659693, "eta": 1.0, "_timestamp": 1683840153.3545232, "_runtime": 2715.76113820076, "_step": 34}