{"best_f": -4.119221883518071, "f_hat_x": 5.8156539389222, "f_x": -7.848800575010479, "f_res": 13.664454513932679, "sum_c_x": 55.092268235614284, "cum_costs": 2672.54691008654, "E_inv_c": 0, "sum_Ec": 0, "inv_cost": 0.018151367370159432, "E_c": {"0": 0}, "c_x": {"0": 2.001031247490924, "1": 3.691918074781542, "2": 49.399318913341816}, "c_res": {"0": 2.001031247490924}, "inv_c_res": 0.018151367370159432, "eta": 1.0, "_timestamp": 1683668158.987933, "_runtime": 227.88259601593018, "_step": 36}