{"best_f": 76.69446811001815, "f_hat_x": 0.10210842196903226, "f_x": 75.7469032704439, "f_res": 75.64479484847486, "sum_c_x": 129.93397380755042, "cum_costs": 13106.681818791134, "E_inv_c": 0, "sum_Ec": 0, "inv_cost": 0.0033792341657205294, "E_c": {"0": 0}, "c_x": {"0": 0.10000000149011612, "1": 0.10000000149011612, "2": 129.73397380457018}, "c_res": {"0": 115.16832020122577}, "inv_c_res": 0.0033792341657205294, "eta": 1.0, "_timestamp": 1683731581.603624, "_runtime": 2783.362160205841, "_step": 49, "_wandb": {"runtime": 2782}}