{"best_f": -7.071792482902714, "f_hat_x": 8.045789967007122, "f_x": -7.071792482902714, "f_res": 15.117582449909836, "sum_c_x": 90.87263894250844, "cum_costs": 3905.0538497258267, "E_inv_c": 0.0453012143352798, "sum_Ec": 295.6686620502956, "inv_cost": 0.0033966665146973308, "E_c": {"0": 143.94058193408358, "1": 59.85372353381977, "2": 91.87435658239227}, "c_x": {"0": 0.10000000149011612, "1": 0.10000000149011612, "2": 90.67263893952821}, "c_res": {"0": 0.012890239163965589, "1": 0.07354080732303458, "2": 1.201717642864054}, "inv_c_res": 0.04190454782058247, "eta": 1.0, "_timestamp": 1683812742.1074734, "_runtime": 62.06955647468567, "_step": 1}