{"best_f": -1.3882905016607427, "f_hat_x": 6.16905016372316, "f_x": -2.943869727734238, "f_res": 9.112919891457398, "sum_c_x": 186.0774319673757, "cum_costs": 11801.334547667655, "E_inv_c": 0, "sum_Ec": 0, "inv_cost": 0.003067130402341027, "E_c": {"0": 0}, "c_x": {"0": 0.10000000149011612, "1": 44.12457967639735, "2": 141.85285228948823}, "c_res": {"0": 140.06022174350255}, "inv_c_res": 0.003067130402341027, "eta": 1.0, "_timestamp": 1683686270.3120494, "_runtime": 2251.768203496933, "_step": 49, "_wandb": {"runtime": 2251}}