{"best_f": 0.034911983345414635, "f_hat_x": 1.17924246142847, "f_x": -2.1105159713110817, "f_res": 3.2897584327395517, "sum_c_x": 7.396877688868258, "cum_costs": 385.2995810579484, "E_inv_c": 0, "sum_Ec": 0, "inv_cost": 0.13519217730271846, "E_c": {"0": 0}, "c_x": {"0": 2.002333116117277, "1": 2.145393984856683, "2": 3.249150587894299}, "c_res": {"0": 2.002333116117277}, "inv_c_res": 0.13519217730271846, "eta": 1.0, "_timestamp": 1683595612.934063, "_runtime": 4734.167150974274, "_step": 49, "_wandb": {"runtime": 4733}}