{"best_f": -0.16919749559937114, "f_hat_x": -1.807021778353223, "f_x": -65.21596571092704, "f_res": 63.40894393257381, "sum_c_x": 12.167821936882689, "cum_costs": 936.624314900189, "E_inv_c": 0.08217324502218488, "sum_Ec": 12.16984214122985, "inv_cost": 0.08218397714786028, "E_c": {"0": 8.62876432283431, "1": 1.3702379831771774, "2": 2.1708398352183624}, "c_x": {"0": 8.630460063203419, "1": 1.3673136526579002, "2": 2.1700482210213696}, "c_res": {"0": 0.001695740369108023, "1": 0.0029243305192772073, "2": 0.000791614196992807}, "inv_c_res": 1.073212567540005e-05, "eta": 1.0, "_timestamp": 1683504018.305596, "_runtime": 3328.989004135132, "_step": 49, "_wandb": {"runtime": 3328}}