{"best_f": -6.956862773458068, "f_hat_x": 8.223058376047481, "f_x": -6.956862773458068, "f_res": 15.17992114950555, "sum_c_x": 293.0332027510933, "cum_costs": 3637.4808059274437, "E_inv_c": 0, "sum_Ec": 0, "inv_cost": 0.003412582569523409, "E_c": {"0": 0}, "c_x": {"0": 141.48306773147917, "1": 51.52235353400531, "2": 100.02778148560881}, "c_res": {"0": 141.48306773147917}, "inv_c_res": 0.003412582569523409, "eta": 1.0, "_timestamp": 1683844115.5758703, "_runtime": 26.49036717414856, "_step": 0}