{"best_f": -1.6462702986899385, "f_hat_x": 6.309069011313155, "f_x": -1.6462702986899385, "f_res": 7.955339310003094, "sum_c_x": 366.9417207751052, "cum_costs": 17887.49814925973, "E_inv_c": 0, "sum_Ec": 0, "inv_cost": 0.002725228403812086, "E_c": {"0": 0}, "c_x": {"0": 140.1272052578708, "1": 55.74328514270773, "2": 171.07123037452666}, "c_res": {"0": 140.1272052578708}, "inv_c_res": 0.002725228403812086, "eta": 1.0, "_timestamp": 1683838036.0850065, "_runtime": 594.4871394634247, "_step": 39, "_wandb": {"runtime": 593}}