{"best_f": -12.549993693803515, "f_hat_x": 1.6690607781216629, "f_x": -406.12353034253783, "f_res": 407.7925911206595, "sum_c_x": 209.27000306738464, "cum_costs": 5687.327736718502, "E_inv_c": 0, "sum_Ec": 0, "inv_cost": 0.004778515722953383, "E_c": {"0": 0}, "c_x": {"0": 130.07168315426696, "1": 49.25045250281928, "2": 29.947867410298393}, "c_res": {"0": 130.07168315426696}, "inv_c_res": 0.004778515722953383, "eta": 0.0, "_timestamp": 1683315464.8543112, "_runtime": 451.9588301181793, "_step": 21, "_wandb": {"runtime": 478}}