{"best_f": 119.01232521866253, "f_hat_x": 8.237539445410269, "f_x": 108.99738136716894, "f_res": 100.75984192175868, "sum_c_x": 11.114443531289494, "cum_costs": 259.80191070188386, "E_inv_c": 0.0903364502199508, "sum_Ec": 11.070411604123649, "inv_cost": 0.0899730154896905, "E_c": {"0": 2.0000002933678216, "1": 7.113425554259925, "2": 1.9569857564959012}, "c_x": {"0": 2.0000002933641277, "1": 7.113452997933983, "2": 2.000990239991383}, "c_res": {"0": 3.693934047532821e-12, "1": 2.7443674057714418e-05, "2": 0.044004483495481805}, "inv_c_res": 0.00036343473026030637, "eta": 1.0, "_timestamp": 1683566743.6448083, "_runtime": 412.2193012237549, "_step": 10}