{"best_f": -0.7083729395193448, "f_hat_x": -0.3791189986157021, "f_x": -5.418693298973385, "f_res": 5.039574300357683, "sum_c_x": 15.66566882716526, "cum_costs": 617.9860763239232, "E_inv_c": 0, "sum_Ec": 0, "inv_cost": 0.06383385293233933, "E_c": {"0": 0}, "c_x": {"0": 9.060438828092783, "1": 1.971520777066724, "2": 4.633709222005754}, "c_res": {"0": 9.060438828092783}, "inv_c_res": 0.06383385293233933, "eta": 0.6622820409839835, "_timestamp": 1683510507.5400777, "_runtime": 4711.210380792618, "_step": 40}