{"best_f": -1.20673937661849, "f_hat_x": 7.288235798841863, "f_x": -2.088609061619323, "f_res": 9.376844860461187, "sum_c_x": 27.22389306752572, "cum_costs": 2439.2682428661196, "E_inv_c": 0, "sum_Ec": 0, "inv_cost": 0.03673243931423091, "E_c": {"0": 0}, "c_x": {"0": 9.077164827342557, "1": 9.050535626296602, "2": 9.096192613886561}, "c_res": {"0": 9.077164827342557}, "inv_c_res": 0.03673243931423091, "eta": 1.0, "_timestamp": 1683763866.2108467, "_runtime": 394.4295916557312, "_step": 49, "_wandb": {"runtime": 393}}