{"best_f": -2.4322426660198655, "f_hat_x": -5.753439959745419, "f_x": -43.179014131576935, "f_res": 37.425574171831514, "sum_c_x": 45.691919500177484, "cum_costs": 2820.989244852773, "E_inv_c": 0, "sum_Ec": 0, "inv_cost": 0.021885707821841797, "E_c": {"0": 0}, "c_x": {"0": 13.253348525359968, "1": 11.181683405638127, "2": 21.25688756917939}, "c_res": {"0": 13.253348525359968}, "inv_c_res": 0.021885707821841797, "eta": 1.0, "_timestamp": 1683763966.0376902, "_runtime": 494.1564211845398, "_step": 49, "_wandb": {"runtime": 493}}