{"best_f": 67.69957410005188, "f_hat_x": 0.5282727144987518, "f_x": -105.27095393844223, "f_res": 105.79922665294099, "sum_c_x": 19.35737351917769, "cum_costs": 1418.2728253437303, "E_inv_c": 0, "sum_Ec": 0, "inv_cost": 0.05165990101959248, "E_c": {"0": 0}, "c_x": {"0": 6.189590462596671, "1": 0.241094971105565, "2": 12.926688085475451}, "c_res": {"0": 6.189590462596671}, "inv_c_res": 0.05165990101959248, "eta": 1.0, "_timestamp": 1683616504.516485, "_runtime": 1393.1069769859314, "_step": 49, "_wandb": {"runtime": 1392}}