{"best_f": -2.7907880565665657, "f_hat_x": -4.880044930858765, "f_x": -38.594347987183596, "f_res": 33.71430305632483, "sum_c_x": 47.03053044843905, "cum_costs": 3067.222959762866, "E_inv_c": 0, "sum_Ec": 0, "inv_cost": 0.021262783780343054, "E_c": {"0": 0}, "c_x": {"0": 25.799160284291144, "1": 11.317088535776282, "2": 9.914281628371628}, "c_res": {"0": 25.799160284291144}, "inv_c_res": 0.021262783780343054, "eta": 1.0, "_timestamp": 1683763802.6301463, "_runtime": 330.8664593696594, "_step": 49, "_wandb": {"runtime": 330}}