{"best_f": -2.3481923965173532, "f_hat_x": 4.543145436293279, "f_x": -4.084405856037482, "sum_c_x": 118.69030097678002, "cum_costs": 7026.037456476504, "E_inv_c": 0.008474004265966027, "sum_Ec": 118.11040201981344, "inv_cost": 0.008425288265092824, "E_c": {"0": 59.42484534235961, "1": 53.647572591920195, "2": 5.037984085533633}, "c_x": {"0": 59.425951926215504, "1": 54.225477789951725, "2": 5.038871260612795}, "c_res": {"0": 0.0011065838558934615, "1": 0.5779051980315302, "2": 0.000887175079161473}, "inv_c_res": 4.871600087320328e-05, "_timestamp": 1683275011.0205204, "_runtime": 3996.146822452545, "_step": 49, "_wandb": {"runtime": 3995}}