{"best_f": 73.97902446469294, "f_hat_x": 0.47660331333749517, "f_x": 73.9767422098005, "f_res": 73.50013889646301, "sum_c_x": 125.06777035438118, "cum_costs": 10680.65657017637, "E_inv_c": 0, "sum_Ec": 0, "inv_cost": 0.004103760070847082, "E_c": {"0": 0}, "c_x": {"0": 0.10000000149011612, "1": 0.10000000149011612, "2": 124.86777035140095}, "c_res": {"0": 70.09681444035765}, "inv_c_res": 0.004103760070847082, "eta": 2.0, "_timestamp": 1683748234.6347468, "_runtime": 827.9904186725616, "_step": 49, "_wandb": {"runtime": 827}}