{"best_f": -2.9128807504805536, "f_hat_x": -0.3855243161152778, "f_x": -15.416733098402219, "f_res": 15.03120878228694, "sum_c_x": 212.40660993328603, "cum_costs": 11044.387091011495, "E_inv_c": 0.002810327112556176, "sum_Ec": 355.9016578066873, "inv_cost": 0.0027686300636053664, "E_c": {"0": 148.87978101148624, "1": 84.35231034568906, "2": 122.669566449512}, "c_x": {"0": 0.10000000149011612, "1": 89.64223742367707, "2": 122.66437250811884}, "c_res": {"0": 0.0030699187369407355, "1": 5.289927077988011, "2": 0.005193941393159207}, "inv_c_res": 4.169704895080938e-05, "eta": 1.0, "_timestamp": 1683689909.057228, "_runtime": 2368.15180516243, "_step": 49, "_wandb": {"runtime": 2367}}