{"best_f": -0.6966991866530559, "f_hat_x": -0.9326468791161392, "f_x": -15.767307367480417, "f_res": 14.834660488364277, "sum_c_x": 11.738577240877175, "cum_costs": 537.0072757520848, "E_inv_c": 0, "sum_Ec": 0, "inv_cost": 0.08518919963466323, "E_c": {"0": 0}, "c_x": {"0": 9.060438828092783, "1": 0.12196814003501211, "2": 2.5561702727493802}, "c_res": {"0": 9.060438828092783}, "inv_c_res": 0.08518919963466323, "eta": 3.0, "_timestamp": 1683395584.3549604, "_runtime": 5794.801007509232, "_step": 49, "_wandb": {"runtime": 5794}}