{"best_f": -1.2556937145381224, "f_hat_x": 6.521931974739569, "f_x": -1.2556937145381277, "f_res": 7.777625689277697, "sum_c_x": 49.97590673758775, "cum_costs": 3285.2190761331276, "E_inv_c": 0.017883988404563417, "sum_Ec": 55.918350472467864, "inv_cost": 0.017916550666437235, "E_c": {"0": 2.0004125373029753, "1": 4.037893245171046, "2": 49.880044689993845}, "c_x": {"0": 0.10000000149011612, "1": 0.10000000149011612, "2": 49.77590673460752}, "c_res": {"0": 1.9004125358128592, "1": 3.9378932436809295, "2": 0.10413795538632797}, "inv_c_res": 3.256226187381764e-05, "eta": 2.0, "_timestamp": 1683669216.1724865, "_runtime": 990.8977265357971, "_step": 46}