{"best_f": -3.0749608341406196, "f_hat_x": 0.6973603907339636, "f_x": -8.619028158292815, "f_res": 9.31638854902678, "sum_c_x": 227.40279796857334, "cum_costs": 12500.854747681618, "E_inv_c": 0.06957614692800163, "sum_Ec": 369.5434677615434, "inv_cost": 0.0027119638738141204, "E_c": {"0": 141.4333978870978, "1": 88.69735289554222, "2": 139.41271697890335}, "c_x": {"0": 0.10000000149011612, "1": 89.5848718738256, "2": 137.71792609325763}, "c_res": {"0": 0.00027945645601334945, "1": 0.8875189782833814, "2": 1.6947908856457161}, "inv_c_res": 0.06686418305418751, "eta": 1.0, "_timestamp": 1683828092.9564562, "_runtime": 5593.019995212555, "_step": 49, "_wandb": {"runtime": 5592}}