{"best_f": -6.2289358184882575, "f_hat_x": -2.6060923506098455, "f_x": -16.65503979273083, "f_res": 14.048947442120983, "sum_c_x": 347.81282586502914, "cum_costs": 20980.122432690696, "E_inv_c": 0, "sum_Ec": 0, "inv_cost": 0.002875109615388525, "E_c": {"0": 0}, "c_x": {"0": 153.9659315298601, "1": 50.27002135953448, "2": 143.57687297563456}, "c_res": {"0": 153.9659315298601}, "inv_c_res": 0.002875109615388525, "eta": 1.0, "_timestamp": 1683676127.6756694, "_runtime": 113.86146640777588, "_step": 49, "_wandb": {"runtime": 112}}