{"best_f": -9.591223048305674, "f_hat_x": 13.080016759477678, "f_x": -9.591223048305674, "f_res": 22.67123980778335, "sum_c_x": 31.10119734291731, "cum_costs": 1416.6354575339856, "E_inv_c": 0, "sum_Ec": 0, "inv_cost": 0.03215310294887185, "E_c": {"0": 0}, "c_x": {"0": 9.36245734566811, "1": 9.461616904015056, "2": 12.277123093234145}, "c_res": {"0": 9.36245734566811}, "inv_c_res": 0.03215310294887185, "eta": 1.0, "_timestamp": 1683805261.0158987, "_runtime": 63.166924715042114, "_step": 12}