{"best_f": 34.659555416286416, "f_hat_x": 1.2290611271743772, "f_x": -11.876202409562339, "f_res": 13.105263536736716, "sum_c_x": 16.507029123374725, "cum_costs": 1009.3008335471234, "E_inv_c": 0, "sum_Ec": 0, "inv_cost": 0.060580252965323315, "E_c": {"0": 0}, "c_x": {"0": 2.0368639358697616, "1": 0.03703860467487252, "2": 14.433126582830091}, "c_res": {"0": 2.0368639358697616}, "inv_c_res": 0.060580252965323315, "eta": 2.0, "_timestamp": 1683635054.578571, "_runtime": 6395.821246147156, "_step": 49, "_wandb": {"runtime": 6395}}