{"best_f": -3.0983913871482467, "f_hat_x": -0.4519090186541729, "f_x": -7.326452916352992, "f_res": 6.874543897698819, "sum_c_x": 341.5441309081342, "cum_costs": 19244.19221470826, "E_inv_c": 0, "sum_Ec": 0, "inv_cost": 0.0029278793265780697, "E_c": {"0": 0}, "c_x": {"0": 160.86913397750183, "1": 74.638661275527, "2": 106.03633565510535}, "c_res": {"0": 160.86913397750183}, "inv_c_res": 0.0029278793265780697, "eta": 1.0, "_timestamp": 1683687923.6511576, "_runtime": 379.8274416923523, "_step": 49, "_wandb": {"runtime": 379}}