{"best_f": 194.21919154448148, "f_hat_x": 1.2705351248244596, "f_x": 187.49076704658117, "f_res": 186.22023192175672, "sum_c_x": 26.576683239456397, "cum_costs": 1538.5995198289122, "E_inv_c": 0.03765471266094566, "sum_Ec": 26.55916700011771, "inv_cost": 0.037626967631362494, "E_c": {"0": 2.38968861905507, "1": 8.167193031759766, "2": 16.002285349302873}, "c_x": {"0": 2.3897786486853674, "1": 8.18918919432646, "2": 15.997715396444569}, "c_res": {"0": 9.002963029747235e-05, "1": 0.02199616256669401, "2": 0.004569952858304305}, "inv_c_res": 2.7745029583164937e-05, "eta": 2.0, "_timestamp": 1683580529.59906, "_runtime": 2233.7242431640625, "_step": 49, "_wandb": {"runtime": 2232}}