{"best_f": -3.011377058901891, "f_hat_x": 0.7889514066054726, "f_x": -3.3609018600392946, "f_res": 4.149853266644767, "sum_c_x": 288.83042003054254, "cum_costs": 16454.55640009732, "E_inv_c": 0, "sum_Ec": 0, "inv_cost": 0.0034622391917522206, "E_c": {"0": 0}, "c_x": {"0": 84.53850370470197, "1": 79.60161291669377, "2": 124.69030340914676}, "c_res": {"0": 84.53850370470197}, "inv_c_res": 0.0034622391917522206, "eta": 0.6050060671375365, "_timestamp": 1683725129.383381, "_runtime": 224.54392290115356, "_step": 49, "_wandb": {"runtime": 223}}