{"best_f": -1.823582734780493, "f_hat_x": 3.6697870376144497, "f_x": -7.15056840179577, "f_res": 10.82035543941022, "sum_c_x": 47.012414584601935, "cum_costs": 3401.4541603197304, "E_inv_c": 0, "sum_Ec": 0, "inv_cost": 0.021270977226673482, "E_c": {"0": 0}, "c_x": {"0": 2.0028840326711785, "1": 2.050795012043212, "2": 42.95873553988754}, "c_res": {"0": 2.0028840326711785}, "inv_c_res": 0.021270977226673482, "eta": 1.0, "_timestamp": 1683667598.4749064, "_runtime": 5185.778741359711, "_step": 49, "_wandb": {"runtime": 5185}}