{"best_f": 204.17081592062826, "f_hat_x": 7.335147594483353, "f_x": 204.16379905850494, "f_res": 196.8286514640216, "sum_c_x": 68.1960128236389, "cum_costs": 4754.41082672003, "E_inv_c": 0.005609341824339181, "sum_Ec": 178.27417100228803, "inv_cost": 0.005609366721709994, "E_c": {"0": 66.93149571941964, "1": 43.34753143234375, "2": 67.99514385052464}, "c_x": {"0": 0.10000000149011612, "1": 0.10000000149011612, "2": 67.99601282065866}, "c_res": {"0": 0.002106393013207253, "1": 0.00031001682258846586, "2": 0.0008689701340216516}, "inv_c_res": 2.489737081345228e-08, "eta": 1.0, "_timestamp": 1683770216.5813096, "_runtime": 1351.5031504631042, "_step": 49, "_wandb": {"runtime": 1350}}