{"best_f": -1.7221641065742737, "f_hat_x": -0.6203108231773415, "f_x": -5.912079583997972, "f_res": 5.291768760820631, "sum_c_x": 192.23171422993187, "cum_costs": 9370.723495340764, "E_inv_c": 0.0035987573726713384, "sum_Ec": 277.873931350453, "inv_cost": 0.0035986920875434028, "E_c": {"0": 85.7471269052073, "1": 88.95197787161811, "2": 103.17482657362758}, "c_x": {"0": 0.10000000149011612, "1": 88.95254841341406, "2": 103.1791658150277}, "c_res": {"0": 0.00010750666731951242, "1": 0.00057054179595184, "2": 0.004339241400117544}, "inv_c_res": 6.528512793563257e-08, "eta": 1.0, "_timestamp": 1683690268.5152981, "_runtime": 2727.632735013962, "_step": 49, "_wandb": {"runtime": 2726}}