{"best_f": 1.0203061037120205, "f_hat_x": -1.0654638181819687, "f_x": -11.36806509976535, "f_res": 10.302601281583382, "sum_c_x": 10.896436605478392, "cum_costs": 656.3372390535562, "E_inv_c": 0, "sum_Ec": 0, "inv_cost": 0.09177312145304739, "E_c": {"0": 0}, "c_x": {"0": 2.401924037730943, "1": 0.45130234377239975, "2": 8.043210223975048}, "c_res": {"0": 2.401924037730943}, "inv_c_res": 0.09177312145304739, "eta": 2.6, "_timestamp": 1683406241.2329292, "_runtime": 3681.059123277664, "_step": 49, "_wandb": {"runtime": 3680}}