{"best_f": -8.197616947248967, "f_hat_x": 9.257159503998956, "f_x": -8.197616947248967, "f_res": 17.454776451247923, "sum_c_x": 350.4781489672098, "cum_costs": 3839.246526896207, "E_inv_c": 0, "sum_Ec": 0, "inv_cost": 0.0028532449253877976, "E_c": {"0": 0}, "c_x": {"0": 139.97173697863056, "1": 73.81615842533193, "2": 136.69025356324727}, "c_res": {"0": 139.97173697863056}, "inv_c_res": 0.0028532449253877976, "eta": 1.0, "_timestamp": 1683812708.5727022, "_runtime": 28.562554121017456, "_step": 0, "_wandb": {"runtime": 37}}