{"best_f": -9.303151688852639, "f_hat_x": 9.548119462003111, "f_x": -9.303151688852639, "f_res": 18.85127115085575, "sum_c_x": 73.4073359412402, "cum_costs": 758.9579801548002, "E_inv_c": 0.013085384677658634, "sum_Ec": 77.19869129584696, "inv_cost": 0.013622616693247963, "E_c": {"0": 1.9988969124931655, "1": 10.711914377219246, "2": 64.48788000613455}, "c_x": {"0": 2.000001751213068, "1": 8.888801227253268, "2": 62.51853296277387}, "c_res": {"0": 0.0011048387199024123, "1": 1.8231131499659785, "2": 1.9693470433606777}, "inv_c_res": 0.0005372320155893288, "eta": 2.0, "_timestamp": 1683667950.6388974, "_runtime": 21.460930347442627, "_step": 0, "_wandb": {"runtime": 32}}