{"best_f": 135.8214793646106, "f_hat_x": 7.159577404482296, "f_x": 134.32769774367623, "f_res": 127.16812033919393, "sum_c_x": 11.89314958198317, "cum_costs": 726.9173735408635, "E_inv_c": 0, "sum_Ec": 0, "inv_cost": 0.08408201655135082, "E_c": {"0": 0}, "c_x": {"0": 2.0000000005534133, "1": 7.755838182278366, "2": 2.137311399151389}, "c_res": {"0": 2.0000000005534133}, "inv_c_res": 0.08408201655135082, "eta": 1, "_timestamp": 1683544407.1478374, "_runtime": 2951.4977264404297, "_step": 49, "_wandb": {"runtime": 2950}}