{"best_f": -1.5555364738012059, "f_hat_x": -0.38427799230231585, "f_x": -3.425081377684905, "f_res": 3.0408033853825893, "sum_c_x": 19.329663644808758, "cum_costs": 1062.561450876173, "E_inv_c": 0, "sum_Ec": 0, "inv_cost": 0.05173395762986096, "E_c": {"0": 0}, "c_x": {"0": 2.26124124509802, "1": 8.884892821265414, "2": 8.183529578445324}, "c_res": {"0": 2.26124124509802}, "inv_c_res": 0.05173395762986096, "eta": 0.0, "_timestamp": 1683385214.6458662, "_runtime": 5942.096790075302, "_step": 49, "_wandb": {"runtime": 5941}}