{"best_f": -15.106436648601857, "f_hat_x": 3.6145522587530396, "f_x": -23.39980648883635, "f_res": 27.01435874758939, "sum_c_x": 39.303936386485105, "cum_costs": 1583.7794709174393, "E_inv_c": 0, "sum_Ec": 0, "inv_cost": 0.025442744211845815, "E_c": {"0": 0}, "c_x": {"0": 12.423416019437287, "1": 11.633278418095264, "2": 15.247241948952558}, "c_res": {"0": 12.423416019437287}, "inv_c_res": 0.025442744211845815, "eta": 1.0, "_timestamp": 1683805262.645424, "_runtime": 64.79442286491394, "_step": 16}