{"best_f": -10.882734699649848, "f_hat_x": 8.954429823212417, "f_x": -11.396640323822355, "f_res": 20.351070147034772, "sum_c_x": 154.32729845315345, "cum_costs": 4397.714737671975, "E_inv_c": 0.06895935081872885, "sum_Ec": 387.55402899314527, "inv_cost": 0.002578328392894297, "E_c": {"0": 144.1785701835049, "1": 89.54003252089063, "2": 153.83542628874974}, "c_x": {"0": 0.10000000149011612, "1": 0.10000000149011612, "2": 154.1272984501732}, "c_res": {"0": 0.0008087319276910421, "1": 0.0030974184723220333, "2": 0.29187216142346983}, "inv_c_res": 0.06638102242583456, "eta": 1.0, "_timestamp": 1683822379.2120519, "_runtime": 50.07629585266113, "_step": 2, "_wandb": {"runtime": 49}}