{"best_f": -1.5644780360855164, "f_hat_x": -1.2232624992596148, "f_x": -155.391550471099, "f_res": 154.1682879718394, "sum_c_x": 119.17910237114066, "cum_costs": 15766.536683428174, "E_inv_c": 0, "sum_Ec": 0, "inv_cost": 0.00316352403830552, "E_c": {"0": 0}, "c_x": {"0": 0.10000000149011612, "1": 0.10000000149011612, "2": 118.97910236816043}, "c_res": {"0": 122.24552110941691}, "inv_c_res": 0.00316352403830552, "eta": 0.07694497527671314, "_timestamp": 1683721934.2918928, "_runtime": 6311.821047782898, "_step": 49, "_wandb": {"runtime": 6310}}