{"best_f": -4.702278029966406, "f_hat_x": 5.870975420453837, "f_x": -4.702278265983434, "f_res": 10.57325368643727, "sum_c_x": 106.6620735097146, "cum_costs": 8364.41843351433, "E_inv_c": 0, "sum_Ec": 0, "inv_cost": 0.003421424487133445, "E_c": {"0": 0}, "c_x": {"0": 0.10000000149011612, "1": 0.10000000149011612, "2": 106.46207350673437}, "c_res": {"0": 140.71241529816496}, "inv_c_res": 0.003421424487133445, "eta": 1.0, "_timestamp": 1683849061.7542439, "_runtime": 4385.482484817505, "_step": 39, "_wandb": {"runtime": 4384}}