{"best_f": 75.97158327306569, "f_hat_x": 0.2777851199347033, "f_x": 75.97158327306569, "f_res": 75.69379815313098, "sum_c_x": 238.33668563944616, "cum_costs": 12508.385077824529, "E_inv_c": 0.004207097553548109, "sum_Ec": 237.69423385237536, "inv_cost": 0.004195745180046651, "E_c": {"0": 65.83903385080627, "1": 48.49501637322173, "2": 123.36018362834736}, "c_x": {"0": 66.49928145151077, "1": 48.492149884665054, "2": 123.34525430327034}, "c_res": {"0": 0.6602476007044942, "1": 0.002866488556676927, "2": 0.01492932507701994}, "inv_c_res": 1.1352373501458124e-05, "eta": 0.6050060671375365, "_timestamp": 1683755761.0633247, "_runtime": 2881.6160316467285, "_step": 49, "_wandb": {"runtime": 2880}}