{"best_f": -0.6505361431901984, "f_hat_x": 3.302726369851186, "f_x": -2.4280960046468802, "sum_c_x": 80.18356709953598, "cum_costs": 6685.302376558964, "E_inv_c": 0.012262029665144746, "sum_Ec": 81.60243816068792, "inv_cost": 0.012471383304245479, "E_c": {"0": 21.242247476197488, "1": 54.44506953043335, "2": 5.915121154057092}, "c_x": {"0": 21.24398920116688, "1": 53.024589177297685, "2": 5.91498872107141}, "c_res": {"0": 0.0017417249693920667, "1": 1.420480353135666, "2": 0.00013243298568177408}, "inv_c_res": 0.00020935363910073307, "_timestamp": 1683276243.766234, "_runtime": 5228.826357841492, "_step": 49, "_wandb": {"runtime": 5227}}