{"best_f": -0.4352508289558463, "f_hat_x": -0.07830370169132075, "f_x": -9.026232387135764, "f_res": 8.947928685444444, "sum_c_x": 7.880582865406742, "cum_costs": 639.3381872179652, "E_inv_c": 0, "sum_Ec": 0, "inv_cost": 0.12689416723091418, "E_c": {"0": 0}, "c_x": {"0": 2.5782690684137384, "1": 0.12299400046695275, "2": 5.179319796526051}, "c_res": {"0": 2.5782690684137384}, "inv_c_res": 0.12689416723091418, "eta": 6.704751154404438, "_timestamp": 1683400191.3854175, "_runtime": 3818.799733400345, "_step": 49, "_wandb": {"runtime": 3818}}