{"best_f": -2.121407131826057, "f_hat_x": 6.522666788785582, "f_x": -4.085869953863576, "f_res": 10.608536742649157, "sum_c_x": 322.3322858133481, "cum_costs": 20320.106791668935, "E_inv_c": 0, "sum_Ec": 0, "inv_cost": 0.0031023885723289496, "E_c": {"0": 0}, "c_x": {"0": 139.99983455875818, "1": 64.95826084947069, "2": 117.37419040511926}, "c_res": {"0": 139.99983455875818}, "inv_c_res": 0.0031023885723289496, "eta": 1.0, "_timestamp": 1683823257.5733225, "_runtime": 760.602644443512, "_step": 49, "_wandb": {"runtime": 759}}