{"best_f": 74.91837755055458, "f_hat_x": 0.3021166319554451, "f_x": 72.18805435033033, "f_res": 71.88593771837489, "sum_c_x": 322.0215753433923, "cum_costs": 10282.340908359301, "E_inv_c": 0, "sum_Ec": 0, "inv_cost": 0.0031053819885628335, "E_c": {"0": 0}, "c_x": {"0": 140.05684627413825, "1": 40.57248446350098, "2": 141.3922446057531}, "c_res": {"0": 140.05684627413825}, "inv_c_res": 0.0031053819885628335, "eta": 1.0, "_timestamp": 1683728774.6318827, "_runtime": 202.24604773521423, "_step": 21}