{"best_f": -1.8903652702161104, "f_hat_x": 5.353261558510927, "f_x": -3.906624266616325, "f_res": 9.259885825127252, "sum_c_x": 156.0643248645493, "cum_costs": 11302.212882017686, "E_inv_c": 0, "sum_Ec": 0, "inv_cost": 0.002901968320235638, "E_c": {"0": 0}, "c_x": {"0": 0.10000000149011612, "1": 0.10000000149011612, "2": 155.86432486156906}, "c_res": {"0": 140.78905329318582}, "inv_c_res": 0.002901968320235638, "eta": 2.0, "_timestamp": 1683835184.8046415, "_runtime": 5620.490564584732, "_step": 49, "_wandb": {"runtime": 5619}}