{"best_f": 107.61568191765446, "f_hat_x": 7.037727013277777, "f_x": 51.18220109219588, "f_res": 44.14447407891811, "sum_c_x": 10.958889485813081, "cum_costs": 163.44041209903253, "E_inv_c": 0.09047643642356669, "sum_Ec": 11.069199590514128, "inv_cost": 0.091250121765947, "E_c": {"0": 2.0000000003797695, "1": 6.958363535785447, "2": 2.1108360543489098}, "c_x": {"0": 2.0000000003785248, "1": 6.958378986316599, "2": 2.0005104991179588}, "c_res": {"0": 1.2447820552097255e-12, "1": 1.545053115137307e-05, "2": 0.110325555230951}, "inv_c_res": 0.0007736853423803147, "eta": 1.0, "_timestamp": 1683569860.321797, "_runtime": 29.807491779327393, "_step": 3}