{"best_f": 76.95333256295281, "f_hat_x": -1.3356905971483926, "f_x": 27.056115574888626, "f_res": 28.39180617203702, "sum_c_x": 249.6639335792351, "cum_costs": 18770.592880720043, "E_inv_c": 0, "sum_Ec": 0, "inv_cost": 0.004005384300662847, "E_c": {"0": 0}, "c_x": {"0": 56.09624127913128, "1": 63.83371849553366, "2": 129.73397380457018}, "c_res": {"0": 56.09624127913128}, "inv_c_res": 0.004005384300662847, "eta": 0.07694497527671314, "_timestamp": 1683744203.4465108, "_runtime": 403.71607184410095, "_step": 49, "_wandb": {"runtime": 403}}