{"best_f": 81.54663453503409, "f_hat_x": -0.8946054075725883, "f_x": -1781.6171996033004, "f_res": 1780.7225941957279, "sum_c_x": 26.66429363601395, "cum_costs": 944.7740219608183, "E_inv_c": 0, "sum_Ec": 0, "inv_cost": 0.03750333737134355, "E_c": {"0": 0}, "c_x": {"0": 2.893240188054798, "1": 7.793117704411334, "2": 15.977935743547818}, "c_res": {"0": 2.893240188054798}, "inv_c_res": 0.03750333737134355, "eta": 1.0, "_timestamp": 1683635478.5841987, "_runtime": 60.668293714523315, "_step": 26}