{"best_f": 0.6799088876510462, "f_hat_x": 0.8856992219044416, "f_x": -62.36133184855891, "f_res": 63.24703107046335, "sum_c_x": 7.175300045451048, "cum_costs": 340.1267116851371, "E_inv_c": 0, "sum_Ec": 0, "inv_cost": 0.1393669942254155, "E_c": {"0": 0}, "c_x": {"0": 2.2722122701544922, "1": 1.982478313239956, "2": 2.9206094620566}, "c_res": {"0": 2.2722122701544922}, "inv_c_res": 0.1393669942254155, "eta": 1.0, "_timestamp": 1683595676.6108348, "_runtime": 4797.839177846909, "_step": 49, "_wandb": {"runtime": 4797}}