{"best_f": -0.7681716749062948, "f_hat_x": -0.7709858563342107, "f_x": -4.9161929319536295, "f_res": 4.145207075619419, "sum_c_x": 21.05019761905103, "cum_costs": 742.2117519875374, "E_inv_c": 0, "sum_Ec": 0, "inv_cost": 0.047505492256992944, "E_c": {"0": 0}, "c_x": {"0": 5.5832434526632575, "1": 8.623983702336812, "2": 6.84297046405096}, "c_res": {"0": 5.5832434526632575}, "inv_c_res": 0.047505492256992944, "eta": 1.8, "_timestamp": 1683395748.516046, "_runtime": 5958.92302107811, "_step": 49, "_wandb": {"runtime": 5958}}