{"best_f": -8.28453787987404, "f_hat_x": 8.244787366605335, "f_x": -8.28453787987404, "f_res": 16.529325246479374, "sum_c_x": 334.5287203749948, "cum_costs": 5881.75017154197, "E_inv_c": 0.07099699454694601, "sum_Ec": 337.7025547945937, "inv_cost": 0.0029892799604142673, "E_c": {"0": 139.97443604682294, "1": 78.97296732227731, "2": 118.75515142549345}, "c_x": {"0": 140.00006805467302, "1": 76.00445904996903, "2": 118.52419327035275}, "c_res": {"0": 0.025632007850077798, "1": 2.9685082723082843, "2": 0.23095815514069784}, "inv_c_res": 0.06800771458653174, "eta": 0.6276211921800003, "_timestamp": 1683837112.7888234, "_runtime": 360.2478322982788, "_step": 10}