{"best_f": -4.90328122109785, "f_hat_x": -0.029329698892985718, "f_x": -5.333727745750699, "f_res": 5.304398046857713, "sum_c_x": 102.60422102523, "cum_costs": 10053.608101248412, "E_inv_c": 0, "sum_Ec": 0, "inv_cost": 0.003935617035863386, "E_c": {"0": 0}, "c_x": {"0": 0.10000000149011612, "1": 0.10000000149011612, "2": 102.40422102224977}, "c_res": {"0": 64.18131689396371}, "inv_c_res": 0.003935617035863386, "eta": 2.0, "_timestamp": 1683714248.323395, "_runtime": 570.1334009170532, "_step": 49, "_wandb": {"runtime": 567}}