{"best_f": 76.76029881772848, "f_hat_x": -0.9586702585049405, "f_x": 62.468425047579416, "f_res": 63.427095306084354, "sum_c_x": 399.7996766036291, "cum_costs": 15083.42540561385, "E_inv_c": 0.0025025583671201587, "sum_Ec": 399.5980298279077, "inv_cost": 0.0025012526485643552, "E_c": {"0": 171.4250509199642, "1": 65.43393661886616, "2": 162.73904228907733}, "c_x": {"0": 171.4427673353091, "1": 65.6857917232173, "2": 162.67111754510267}, "c_res": {"0": 0.017716415344892766, "1": 0.25185510435115077, "2": 0.06792474397465753}, "inv_c_res": 1.3057185558034562e-06, "eta": 0.07694497527671314, "_timestamp": 1683757270.0484142, "_runtime": 4393.996868133545, "_step": 49, "_wandb": {"runtime": 4393}}