{"best_f": -3.2047747686133414, "f_hat_x": -0.4029657744622793, "f_x": -10.081260631391705, "f_res": 9.678294856929426, "sum_c_x": 12.967987744333314, "cum_costs": 752.7862195615127, "E_inv_c": 0, "sum_Ec": 0, "inv_cost": 0.07711296615290024, "E_c": {"0": 0}, "c_x": {"0": 8.94329664998742, "1": 0.10947280952179017, "2": 3.915218284824104}, "c_res": {"0": 8.94329664998742}, "inv_c_res": 0.07711296615290024, "eta": 0.6491026283684022, "_timestamp": 1683510543.0695958, "_runtime": 4746.74046087265, "_step": 42}