{"best_f": -41.89385875455234, "f_hat_x": 8.748107269594664, "f_x": -41.89385875455234, "f_res": 50.641966024147, "sum_c_x": 11.172709881337292, "cum_costs": 1089.970639815858, "E_inv_c": 0.34745939539089093, "sum_Ec": 31.96502459061692, "inv_cost": 0.03060860877838405, "E_c": {"0": 11.022187723302673, "1": 10.66218626592904, "2": 10.280650601385204}, "c_x": {"0": 0.10000000149011612, "1": 0.10000000149011612, "2": 10.97270987835706}, "c_res": {"0": 0.011676527648170065, "1": 0.0017868759675181423, "2": 0.6920592769718557}, "inv_c_res": 0.3168507866125069, "eta": 1.0, "_timestamp": 1683809939.0745568, "_runtime": 35.26455092430115, "_step": 2, "_wandb": {"runtime": 34}}