{"best_f": -0.42738849817982794, "f_hat_x": 3.397955430302493, "f_x": -4.386519455593061, "f_res": 7.784474885895554, "sum_c_x": 17.15722921115546, "cum_costs": 737.8976424592494, "E_inv_c": 0, "sum_Ec": 0, "inv_cost": 0.058284469344840946, "E_c": {"0": 0}, "c_x": {"0": 2.0001646963749566, "1": 6.973534936335181, "2": 8.183529578445324}, "c_res": {"0": 2.0001646963749566}, "inv_c_res": 0.058284469344840946, "eta": 1, "_timestamp": 1683544231.2375553, "_runtime": 2774.903473377228, "_step": 49, "_wandb": {"runtime": 2774}}