{"best_f": -1.338332877157102, "f_hat_x": 6.9369489381258695, "f_x": -11.04438366751397, "f_res": 17.98133260563984, "sum_c_x": 29.504288950704243, "cum_costs": 2672.4836635982183, "E_inv_c": 0, "sum_Ec": 0, "inv_cost": 0.03389337738898909, "E_c": {"0": 0}, "c_x": {"0": 11.088320114398673, "1": 9.22960002689139, "2": 9.186368809414182}, "c_res": {"0": 11.088320114398673}, "inv_c_res": 0.03389337738898909, "eta": 1.0, "_timestamp": 1683807007.5956242, "_runtime": 67.88964915275574, "_step": 49, "_wandb": {"runtime": 66}}