{"best_f": 119.07658329637488, "f_hat_x": 8.141052539182176, "f_x": 118.18041968811673, "f_res": 110.03936714893456, "sum_c_x": 11.212483962529316, "cum_costs": 263.2037091020114, "E_inv_c": 0.08919487373185946, "sum_Ec": 11.2115308848304, "inv_cost": 0.08918630370771292, "E_c": {"0": 2.00000000248053, "1": 7.147266035606513, "2": 2.0642648467433578}, "c_x": {"0": 2.000000002488406, "1": 7.147202766556442, "2": 2.0652811934844664}, "c_res": {"0": 7.87592213669086e-12, "1": 6.326905007103534e-05, "2": 0.0010163467411086202}, "inv_c_res": 8.570024146531408e-06, "eta": 1.0, "_timestamp": 1683566736.8550305, "_runtime": 404.1175684928894, "_step": 11}