{"best_f": -7.881485088803577, "f_hat_x": 9.5043586570526, "f_x": -7.881485088803577, "f_res": 17.385843745856178, "sum_c_x": 383.21644487015647, "cum_costs": 4834.637712255684, "E_inv_c": 0, "sum_Ec": 0, "inv_cost": 0.0026094913550456468, "E_c": {"0": 0}, "c_x": {"0": 140.00002543104006, "1": 88.5370536548052, "2": 154.6793657843112}, "c_res": {"0": 140.00002543104006}, "inv_c_res": 0.0026094913550456468, "eta": 1.0, "_timestamp": 1683813005.370675, "_runtime": 24.264831066131592, "_step": 2, "_wandb": {"runtime": 23}}