{"best_f": 72.08406397295738, "f_hat_x": -0.06931550707826034, "f_x": 72.08406397295738, "f_res": 72.15337948003564, "sum_c_x": 129.31876716778226, "cum_costs": 11234.385133938988, "E_inv_c": 0.002993802122437303, "sum_Ec": 334.0245217741948, "inv_cost": 0.002996116603260931, "E_c": {"0": 158.1743876384349, "1": 46.4748815867204, "2": 129.37525254903946}, "c_x": {"0": 0.10000000149011612, "1": 0.10000000149011612, "2": 129.11876716480202}, "c_res": {"0": 0.0012831900120318096, "1": 0.003938449070041372, "2": 0.25648538423743616}, "inv_c_res": 2.3144808236276633e-06, "eta": 2.0, "_timestamp": 1683754041.3049257, "_runtime": 1165.295705795288, "_step": 49, "_wandb": {"runtime": 1164}}