{"best_f": -2.4472739213691046, "f_hat_x": 6.823762094956296, "f_x": -5.676728946004552, "f_res": 12.500491040960847, "sum_c_x": 187.15407064113853, "cum_costs": 9544.563959934494, "E_inv_c": 0.08163571024623908, "sum_Ec": 328.15746895157724, "inv_cost": 0.003054373730141106, "E_c": {"0": 140.3445450220367, "1": 83.34557980686388, "2": 104.46734412267668}, "c_x": {"0": 0.10000000149011612, "1": 82.62299953287547, "2": 104.43107110677295}, "c_res": {"0": 0.0007428817116021946, "1": 0.7225802739884131, "2": 0.03627301590373122}, "inv_c_res": 0.07858133651609799, "eta": 1.0, "_timestamp": 1683848241.7924738, "_runtime": 3565.534567832947, "_step": 39, "_wandb": {"runtime": 3564}}