{"best_f": -3.770755550893922, "f_hat_x": -0.17504403854328593, "f_x": -18.77060539984455, "f_res": 18.59556136130126, "sum_c_x": 68.57586399190885, "cum_costs": 5939.938513053671, "E_inv_c": 0, "sum_Ec": 0, "inv_cost": 0.004122885065549449, "E_c": {"0": 0}, "c_x": {"0": 0.10000000149011612, "1": 0.10000000149011612, "2": 68.37586398892861}, "c_res": {"0": 84.56431760329183}, "inv_c_res": 0.004122885065549449, "eta": 1.0, "_timestamp": 1683867471.7878363, "_runtime": 3878.5281982421875, "_step": 39, "_wandb": {"runtime": 3877}}