{"best_f": -6.390260904520568, "f_hat_x": 2.246715859976036, "f_x": -32.57328488307694, "f_res": 34.82000074305297, "sum_c_x": 121.1283343418583, "cum_costs": 8147.998897073408, "E_inv_c": 0, "sum_Ec": 0, "inv_cost": 0.008255706688558254, "E_c": {"0": 0}, "c_x": {"0": 16.960877865008598, "1": 74.31862193253129, "2": 29.848834544318414}, "c_res": {"0": 16.960877865008598}, "inv_c_res": 0.008255706688558254, "eta": 0.1352759542790559, "_timestamp": 1683314114.1844995, "_runtime": 4429.602997541428, "_step": 49, "_wandb": {"runtime": 4428}}