{"best_f": 2.215900395104219, "f_hat_x": -1.3193307139964927, "f_x": -1.383476338997563, "f_res": 0.06414562500107035, "sum_c_x": 17.212495759037992, "cum_costs": 784.9174358410116, "E_inv_c": 0.06650923602613168, "sum_Ec": 19.926581174714418, "inv_cost": 0.05809732731378695, "E_c": {"0": 5.305077332822248, "1": 9.77135183341225, "2": 4.850152008479921}, "c_x": {"0": 5.305371586121155, "1": 7.05599762613774, "2": 4.851126546779097}, "c_res": {"0": 0.0002942532989074209, "1": 2.71535420727451, "2": 0.0009745382991761531}, "inv_c_res": 0.008411908712344728, "eta": 2.0, "_timestamp": 1683417420.409916, "_runtime": 4752.239109039307, "_step": 49, "_wandb": {"runtime": 4746}}