{"best_f": 73.94660724878742, "f_hat_x": 0.7566748200276117, "f_x": 73.87321267313865, "f_res": 73.11653785311104, "sum_c_x": 126.7735150915006, "cum_costs": 10725.667678519465, "E_inv_c": 0.004075048014759875, "sum_Ec": 245.39601527151763, "inv_cost": 0.004075233569757717, "E_c": {"0": 70.09712414085124, "1": 48.71531157897821, "2": 126.5835795516882}, "c_x": {"0": 0.10000000149011612, "1": 0.10000000149011612, "2": 126.57351508852037}, "c_res": {"0": 0.00030970049358813867, "1": 0.0009329966466182782, "2": 0.01006446316783638}, "inv_c_res": 1.855549978417234e-07, "eta": 2.0, "_timestamp": 1683754113.3091495, "_runtime": 1237.2338523864746, "_step": 49, "_wandb": {"runtime": 1236}}