{"best_f": 75.86578118416524, "f_hat_x": -0.7170400947611222, "f_x": 47.96401102730034, "f_res": 48.68105112206146, "sum_c_x": 345.7950296469379, "cum_costs": 14982.8501518443, "E_inv_c": 0.00290260710002178, "sum_Ec": 344.61724708628157, "inv_cost": 0.002891886563612599, "E_c": {"0": 154.88439142132597, "1": 63.75904853918207, "2": 125.97380712577355}, "c_x": {"0": 156.20765280833848, "1": 63.63111941122911, "2": 125.95625742737033}, "c_res": {"0": 1.3232613870125078, "1": 0.1279291279529602, "2": 0.017549698403215075}, "inv_c_res": 1.072053640918105e-05, "eta": 0.07694497527671314, "_timestamp": 1683757371.9645665, "_runtime": 4495.905837535858, "_step": 49, "_wandb": {"runtime": 4495}}