{"best_f": -6.36747403579534, "f_hat_x": 1.202033674438817, "f_x": -11.556946074027536, "f_res": 12.758979748466352, "sum_c_x": 4.873200447553762, "cum_costs": 394.02268373443667, "E_inv_c": 0.17511476483275007, "sum_Ec": 5.937736835424316, "inv_cost": 0.2052039539030203, "E_c": {"0": 2.672169722496783, "1": 1.1121770846808785, "2": 2.153390028246654}, "c_x": {"0": 2.6721698731756263, "1": 0.05403641393151759, "2": 2.146994160446618}, "c_res": {"0": 1.5067884318042957e-07, "1": 1.0581406707493608, "2": 0.006395867800035759}, "inv_c_res": 0.030089189070270222, "eta": 1.0, "_timestamp": 1683551476.833601, "_runtime": 6113.436319112778, "_step": 49, "_wandb": {"runtime": 6110}}