{"best_f": -6.927815985551568, "f_hat_x": 8.23471301639746, "f_x": -6.927815985551568, "f_res": 15.162529001949029, "sum_c_x": 297.01878885447627, "cum_costs": 3641.4663920308267, "E_inv_c": 0.003336690327141466, "sum_Ec": 300.2055974776724, "inv_cost": 0.0033667903766517204, "E_c": {"0": 144.07580635293317, "1": 54.03486959740505, "2": 102.09492152733424}, "c_x": {"0": 140.79467127078385, "1": 54.56390850765207, "2": 101.66020907604039}, "c_res": {"0": 3.2811350821493193, "1": 0.5290389102470243, "2": 0.43471245129384783}, "inv_c_res": 3.010004951025432e-05, "eta": 1.0, "_timestamp": 1683843182.2206333, "_runtime": 322.52010917663574, "_step": 0}