{"best_f": 195.76115519745963, "f_hat_x": 1.3689934276662235, "f_x": 170.44401302147048, "f_res": 169.07501959380426, "sum_c_x": 28.490369748356052, "cum_costs": 1536.865063428289, "E_inv_c": 0.03501783236370568, "sum_Ec": 28.557892521877818, "inv_cost": 0.03509957957136382, "E_c": {"0": 5.3616394064701565, "1": 7.2146336335069705, "2": 15.98161948190069}, "c_x": {"0": 5.307018550550601, "1": 7.200854908929787, "2": 15.982496288875664}, "c_res": {"0": 0.054620855919555567, "1": 0.013778724577183432, "2": 0.0008768069749738316}, "inv_c_res": 8.174720765814075e-05, "eta": 1.0, "_timestamp": 1683581593.4283783, "_runtime": 3297.6543233394623, "_step": 49, "_wandb": {"runtime": 3296}}