{"best_f": -5.929786798937267, "f_hat_x": 1.9740516803717865, "f_x": -63.208858158433294, "f_res": 65.18290983880507, "sum_c_x": 4.340130158923865, "cum_costs": 354.85240185771664, "E_inv_c": 0, "sum_Ec": 0, "inv_cost": 0.23040783648939, "E_c": {"0": 0}, "c_x": {"0": 2.000010393213768, "1": 0.12844423764759605, "2": 2.211675528062501}, "c_res": {"0": 2.000010393213768}, "inv_c_res": 0.23040783648939, "eta": 1.0, "_timestamp": 1683515127.390642, "_runtime": 4334.290942907333, "_step": 49, "_wandb": {"runtime": 4328}}