{"best_f": -6.605977417309282, "f_hat_x": 9.07284173370401, "f_x": -6.605977665363726, "f_res": 15.678819399067736, "sum_c_x": 95.98401162513227, "cum_costs": 3737.320807994352, "E_inv_c": 0.045323251858163376, "sum_Ec": 290.136826277487, "inv_cost": 0.0034453833471666273, "E_c": {"0": 140.71733911139293, "1": 53.74687178798925, "2": 95.6726153781048}, "c_x": {"0": 0.10000000149011612, "1": 0.10000000149011612, "2": 95.78401162215204}, "c_res": {"0": 0.0191210047881043, "1": 0.01436321189372336, "2": 0.11139624404724202}, "inv_c_res": 0.04187786851099675, "eta": 1.0, "_timestamp": 1683812738.8967588, "_runtime": 58.84392690658569, "_step": 1}