{"best_f": -4.588312543213258, "f_hat_x": -1.7513142146468597, "f_x": -24.375315926853737, "f_res": 22.624001712206876, "sum_c_x": 333.36694638153995, "cum_costs": 19929.527033844086, "E_inv_c": 0, "sum_Ec": 0, "inv_cost": 0.002999697513068664, "E_c": {"0": 0}, "c_x": {"0": 175.5494269339634, "1": 50.03485115069657, "2": 107.78266829687999}, "c_res": {"0": 175.5494269339634}, "inv_c_res": 0.002999697513068664, "eta": 2.0, "_timestamp": 1683713757.2854176, "_runtime": 79.1764235496521, "_step": 49, "_wandb": {"runtime": 76}}