{"best_f": 0.12126634102921074, "f_hat_x": 6.033820296937419, "f_x": -2.419440262581171, "f_res": 8.45326055951859, "sum_c_x": 90.84641035305839, "cum_costs": 5503.4226446055645, "E_inv_c": 0, "sum_Ec": 0, "inv_cost": 0.011007589580190104, "E_c": {"0": 0}, "c_x": {"0": 27.892826410049715, "1": 57.03859522193726, "2": 5.91498872107141}, "c_res": {"0": 27.892826410049715}, "inv_c_res": 0.011007589580190104, "eta": 2.980232238769533e-58, "_timestamp": 1683296711.6929867, "_runtime": 2282.4809646606445, "_step": 35}