{"best_f": -1.085076169410236, "f_hat_x": 2.5751574533185906, "f_x": -3.468437633728038, "sum_c_x": 104.03075660374812, "cum_costs": 7297.538578802102, "E_inv_c": 0.009609102087947937, "sum_Ec": 104.06896763410573, "inv_cost": 0.009612541835190027, "E_c": {"0": 15.411249426198856, "1": 57.62979612575713, "2": 31.027922082149743}, "c_x": {"0": 15.406160958195237, "1": 57.62166777554702, "2": 31.002927870005866}, "c_res": {"0": 0.005088468003618729, "1": 0.008128350210114377, "2": 0.024994212143877093}, "inv_c_res": 3.439747242090299e-06, "_timestamp": 1683280115.3203506, "_runtime": 3423.2370426654816, "_step": 49, "_wandb": {"runtime": 3422}}