{"best_f": -7.925497843598339, "f_hat_x": 1.2735313306811538, "f_x": -117.03804179896072, "f_res": 118.31157312964187, "sum_c_x": 169.22574431900225, "cum_costs": 3752.9728206077866, "E_inv_c": 0, "sum_Ec": 0, "inv_cost": 0.005909266370930718, "E_c": {"0": 0}, "c_x": {"0": 82.01935339260304, "1": 58.21007888133944, "2": 28.996312045059764}, "c_res": {"0": 82.01935339260304}, "inv_c_res": 0.005909266370930718, "eta": 0.01, "_timestamp": 1683315415.9264235, "_runtime": 403.4099485874176, "_step": 9, "_wandb": {"runtime": 478}}