{"best_f": -2.5171257938071596, "f_hat_x": -0.21664873246831123, "f_x": -2.9951301078221695, "f_res": 2.7784813753538584, "sum_c_x": 18.71950184811289, "cum_costs": 1271.0430337942523, "E_inv_c": 0, "sum_Ec": 0, "inv_cost": 0.05342022496719429, "E_c": {"0": 0}, "c_x": {"0": 8.960180136395543, "1": 0.8390782300970675, "2": 8.920243481620279}, "c_res": {"0": 8.960180136395543}, "inv_c_res": 0.05342022496719429, "eta": 0.6, "_timestamp": 1683377844.3323138, "_runtime": 5072.840768814087, "_step": 49, "_wandb": {"runtime": 5070}}