{"best_f": 71.51980750796078, "f_hat_x": -0.11637006985445474, "f_x": 71.51980750796078, "f_res": 71.63617757781523, "sum_c_x": 197.81815141341457, "cum_costs": 11850.078215766905, "E_inv_c": 0.002786582554237894, "sum_Ec": 358.8644219120111, "inv_cost": 0.0027870384795034143, "E_c": {"0": 161.0853173354011, "1": 42.69944593064618, "2": 155.07965864596383}, "c_x": {"0": 0.10000000149011612, "1": 42.63505489101342, "2": 155.08309652091103}, "c_res": {"0": 0.00033226017859533385, "1": 0.06439103963275983, "2": 0.003437874947195496}, "inv_c_res": 4.559252655203516e-07, "eta": 2.0, "_timestamp": 1683753969.9383388, "_runtime": 1093.8935828208923, "_step": 49, "_wandb": {"runtime": 1093}}