{"best_f": -3.3181116412577745, "f_hat_x": 5.878004135302616, "f_x": -4.797078563329592, "f_res": 10.675082698632208, "sum_c_x": 77.22872848440164, "cum_costs": 2337.941188824086, "E_inv_c": 0.013053310567231809, "sum_Ec": 76.7638224437591, "inv_cost": 0.012948549323869499, "E_c": {"0": 1.998743264805642, "1": 5.824503830189542, "2": 68.94057534876391}, "c_x": {"0": 2.000697301201832, "1": 6.549727364290575, "2": 68.67830381890924}, "c_res": {"0": 0.001954036396190073, "1": 0.7252235341010334, "2": 0.2622715298546723}, "inv_c_res": 0.00010476124336230956, "eta": 1.0, "_timestamp": 1683669180.6682377, "_runtime": 955.3831367492676, "_step": 24}