{"best_f": -1.8243436661596797, "f_hat_x": 1.6859231919042772, "f_x": -4.825641676028702, "f_res": 6.51156486793298, "sum_c_x": 323.4497349733175, "cum_costs": 16037.678880664875, "E_inv_c": 0, "sum_Ec": 0, "inv_cost": 0.0030916704880976126, "E_c": {"0": 0}, "c_x": {"0": 139.97562475999234, "1": 68.09816181647557, "2": 115.37594839684962}, "c_res": {"0": 139.97562475999234}, "inv_c_res": 0.0030916704880976126, "eta": 0.2570243131302062, "_timestamp": 1683859824.8312774, "_runtime": 779.1400563716888, "_step": 39, "_wandb": {"runtime": 778}}