{"best_f": -8.490051814366565, "f_hat_x": 9.226423936724249, "f_x": -8.490051814366565, "f_res": 17.71647575109081, "sum_c_x": 129.76909336887834, "cum_costs": 4096.438138492023, "E_inv_c": 0, "sum_Ec": 0, "inv_cost": 0.0029285449170724006, "E_c": {"0": 0}, "c_x": {"0": 0.10000000149011612, "1": 0.10000000149011612, "2": 129.5690933658981}, "c_res": {"0": 140.45016820097936}, "inv_c_res": 0.0029285449170724006, "eta": 1.0, "_timestamp": 1683811640.9595027, "_runtime": 66.99638175964355, "_step": 2, "_wandb": {"runtime": 66}}