{"best_f": 73.97481368548851, "f_hat_x": 0.16608485400987308, "f_x": 73.62957117144748, "f_res": 73.46348631743761, "sum_c_x": 118.6728471561228, "cum_costs": 11753.04908469335, "E_inv_c": 0.004329886620946134, "sum_Ec": 230.9532801019957, "inv_cost": 0.004329500372400024, "E_c": {"0": 62.81054499663162, "1": 49.70196400041344, "2": 118.44077110495064}, "c_x": {"0": 0.10000000149011612, "1": 0.10000000149011612, "2": 118.47284715314257}, "c_res": {"0": 0.01003888427683819, "1": 0.001783604875917888, "2": 0.03207604819192511}, "inv_c_res": 3.862485461096979e-07, "eta": 1.0, "_timestamp": 1683730054.3474987, "_runtime": 1256.1792585849762, "_step": 49, "_wandb": {"runtime": 1255}}