{"best_f": 106.46632140297747, "f_hat_x": 8.374521787909828, "f_x": 86.50031049654723, "f_res": 78.1257887086374, "sum_c_x": 11.018982124605596, "cum_costs": 175.10415146912385, "E_inv_c": 0.0901396605289645, "sum_Ec": 11.105289296636958, "inv_cost": 0.09075248409442294, "E_c": {"0": 2.000000000125903, "1": 7.006657835612092, "2": 2.098631460898963}, "c_x": {"0": 2.0000000001259055, "1": 7.006691362350222, "2": 2.012290762129468}, "c_res": {"0": 2.6645352591003757e-15, "1": 3.352673812972995e-05, "2": 0.08634069876949502}, "inv_c_res": 0.0006128235654584424, "eta": 1.0, "_timestamp": 1683569858.7946386, "_runtime": 28.343564748764038, "_step": 3}