{"best_f": -1.6904821619051607, "f_hat_x": 2.9044452896965804, "f_x": -7.44912543266862, "f_res": 10.3535707223652, "sum_c_x": 378.9807069811751, "cum_costs": 12130.787172866585, "E_inv_c": 0.06976125607857207, "sum_Ec": 378.2391597981404, "inv_cost": 0.0026386567484282847, "E_c": {"0": 142.14794186831872, "1": 72.10704628505054, "2": 163.98417164477115}, "c_x": {"0": 142.5746276239291, "1": 71.96839804633657, "2": 164.4376813109094}, "c_res": {"0": 0.4266857556103787, "1": 0.13864823871396936, "2": 0.4535096661382454}, "inv_c_res": 0.06712259933014379, "eta": 1.0, "_timestamp": 1683839753.9794993, "_runtime": 2316.3851993083954, "_step": 39, "_wandb": {"runtime": 2315}}