{"best_f": -3.723258328267464, "f_hat_x": -1.5011186946426536, "f_x": -31.305423931854726, "f_res": 29.804305237212073, "sum_c_x": 289.3133942029326, "cum_costs": 16758.01423045479, "E_inv_c": 0, "sum_Ec": 0, "inv_cost": 0.003456459396755657, "E_c": {"0": 0}, "c_x": {"0": 75.93467131665668, "1": 88.41396040718664, "2": 124.96476247908933}, "c_res": {"0": 75.93467131665668}, "inv_c_res": 0.003456459396755657, "eta": 2.0, "_timestamp": 1683713798.245727, "_runtime": 120.12370705604553, "_step": 49, "_wandb": {"runtime": 117}}