{"best_f": -3.991607540487001, "f_hat_x": -1.0479085686137073, "f_x": -15.169781389172794, "f_res": 14.121872820559087, "sum_c_x": 7.855900427865776, "cum_costs": 645.7996004221147, "E_inv_c": 0, "sum_Ec": 0, "inv_cost": 0.12729285575627788, "E_c": {"0": 0}, "c_x": {"0": 2.3671282490584726, "1": 0.0018422200940352296, "2": 5.486929958713268}, "c_res": {"0": 2.3671282490584726}, "inv_c_res": 0.12729285575627788, "eta": 2.4, "_timestamp": 1683406024.0884404, "_runtime": 3463.9042115211487, "_step": 49, "_wandb": {"runtime": 3463}}