{"best_f": -5.186307744847033, "f_hat_x": 6.084310404829508, "f_x": -5.186307744847033, "f_res": 11.27061814967654, "sum_c_x": 346.69018840495096, "cum_costs": 3842.303144185513, "E_inv_c": 0, "sum_Ec": 0, "inv_cost": 0.0028844196733711757, "E_c": {"0": 0}, "c_x": {"0": 140.0845964690783, "1": 38.621204614209574, "2": 167.98438732166306}, "c_res": {"0": 140.0845964690783}, "inv_c_res": 0.0028844196733711757, "eta": 1.0, "_timestamp": 1683844114.1851447, "_runtime": 25.153221607208252, "_step": 0}