{"best_f": 116.7567657995775, "f_hat_x": 8.475191883101727, "f_x": 115.81429457269351, "f_res": 107.33910268959178, "sum_c_x": 11.43041877850374, "cum_costs": 236.1054868890791, "E_inv_c": 0.08748900924915094, "sum_Ec": 11.430106157066437, "inv_cost": 0.08748585851295482, "E_c": {"0": 2.000000000008203, "1": 7.424761420987012, "2": 2.0053447360712218}, "c_x": {"0": 2.0000000000107576, "1": 7.42478627567163, "2": 2.005632502821352}, "c_res": {"0": 2.55440113505756e-12, "1": 2.4854684617992007e-05, "2": 0.0002877667501302028}, "inv_c_res": 3.15073619612527e-06, "eta": 1.0, "_timestamp": 1683568596.8423867, "_runtime": 89.81197261810303, "_step": 9}