{"best_f": 2.206446682004265, "f_hat_x": -1.4847812045311723, "f_x": -4.744448270476473, "f_res": 3.259667065945301, "sum_c_x": 22.68701606101179, "cum_costs": 929.9926445657687, "E_inv_c": 0.04733235020331436, "sum_Ec": 22.97181088701902, "inv_cost": 0.04407807519996097, "E_c": {"0": 9.064931068344817, "1": 7.343447080436305, "2": 6.563432738237901}, "c_x": {"0": 9.064990127895001, "1": 7.05599762613774, "2": 6.56602830697905}, "c_res": {"0": 5.9059550183704346e-05, "1": 0.2874494542985646, "2": 0.002595568741149634}, "inv_c_res": 0.003254275003353388, "eta": 1.0, "_timestamp": 1683503825.3682396, "_runtime": 3132.272212743759, "_step": 49, "_wandb": {"runtime": 3131}}