{"best_f": -1.5185173637961236, "f_hat_x": -1.0158772418559, "f_x": -7.90003167068841, "f_res": 6.88415442883251, "sum_c_x": 20.43159853809301, "cum_costs": 1000.0743094300049, "E_inv_c": 0.05130037037438389, "sum_Ec": 19.84235814503297, "inv_cost": 0.048943796450169254, "E_c": {"0": 2.20281673835141, "1": 8.396887023363739, "2": 9.242654383317822}, "c_x": {"0": 2.2018710210836705, "1": 8.98058155838781, "2": 9.24914595862153}, "c_res": {"0": 0.0009457172677396208, "1": 0.5836945350240708, "2": 0.006491575303707364}, "inv_c_res": 0.002356573924214636, "eta": 0.6757290490602831, "_timestamp": 1683498388.502131, "_runtime": 5322.8014960289, "_step": 49, "_wandb": {"runtime": 5322}}