{"best_f": -3.1845138144102694, "f_hat_x": 0.982829723342459, "f_x": -5.563689879603554, "f_res": 6.546519602946013, "sum_c_x": 12.83022456810788, "cum_costs": 797.1569435467446, "E_inv_c": 0, "sum_Ec": 0, "inv_cost": 0.07794095845256695, "E_c": {"0": 0}, "c_x": {"0": 8.94329664998742, "1": 0.319464319791008, "2": 3.567463598329451}, "c_res": {"0": 8.94329664998742}, "inv_c_res": 0.07794095845256695, "eta": 0.11598222130000553, "_timestamp": 1683510598.818643, "_runtime": 4803.554759979248, "_step": 41}