{"best_f": 58.3624710359301, "f_hat_x": 0.8265310169790281, "f_x": -85.96198553016448, "f_res": 86.78851654714352, "sum_c_x": 20.457134854946055, "cum_costs": 1138.4440725565053, "E_inv_c": 0, "sum_Ec": 0, "inv_cost": 0.04888270068563504, "E_c": {"0": 0}, "c_x": {"0": 2.5795465656647885, "1": 1.8776885102988032, "2": 15.999899778982464}, "c_res": {"0": 2.5795465656647885}, "inv_c_res": 0.04888270068563504, "eta": 0.8, "_timestamp": 1683634734.5643606, "_runtime": 6071.528424501419, "_step": 49, "_wandb": {"runtime": 6070}}