{"best_f": -6.786908637007961, "f_hat_x": 9.80799945002886, "f_x": -6.786908637007961, "f_res": 16.59490808703682, "sum_c_x": 102.7106990837789, "cum_costs": 4205.4885251977785, "E_inv_c": 0, "sum_Ec": 0, "inv_cost": 0.0033986999634076044, "E_c": {"0": 0}, "c_x": {"0": 0.10000000149011612, "1": 0.10000000149011612, "2": 102.51069908079867}, "c_res": {"0": 140.3097892497234}, "inv_c_res": 0.0033986999634076044, "eta": 1.0, "_timestamp": 1683811636.0842588, "_runtime": 62.346022844314575, "_step": 2, "_wandb": {"runtime": 61}}