{"best_f": -1.1898338177345738, "f_hat_x": 3.7451993975650733, "f_x": -5.314576385457883, "f_res": 9.059775783022957, "sum_c_x": 138.06846292297988, "cum_costs": 7287.686552581119, "E_inv_c": 0, "sum_Ec": 0, "inv_cost": 0.0072427836077080116, "E_c": {"0": 0}, "c_x": {"0": 35.12127594541857, "1": 72.24601009652106, "2": 30.701176881040247}, "c_res": {"0": 35.12127594541857}, "inv_c_res": 0.0072427836077080116, "eta": 5.820766091346744e-79, "_timestamp": 1683296677.363218, "_runtime": 2248.1349461078644, "_step": 44}