{"best_f": 1.3234076060832218, "f_hat_x": 10.10165855062642, "f_x": -1.8180418471851194, "f_res": 11.919700397811539, "sum_c_x": 366.1698482575997, "cum_costs": 14645.792098693493, "E_inv_c": 0, "sum_Ec": 0, "inv_cost": 0.0027309730846448673, "E_c": {"0": 0}, "c_x": {"0": 140.72581489293037, "1": 71.27018867861476, "2": 154.17384468605454}, "c_res": {"0": 140.72581489293037}, "inv_c_res": 0.0027309730846448673, "eta": 0.029561765882869215, "_timestamp": 1683858334.5187118, "_runtime": 8606.974488735199, "_step": 39, "_wandb": {"runtime": 8606}}