{"best_f": 114.70226455758689, "f_hat_x": -7.045716418638216, "f_x": 57.88729607927086, "f_res": 64.93301249790908, "sum_c_x": 18.23275722937249, "cum_costs": 892.1893403089998, "E_inv_c": 0, "sum_Ec": 0, "inv_cost": 0.05484633988264959, "E_c": {"0": 0}, "c_x": {"0": 2.0120759660750185, "1": 7.0088131679989125, "2": 9.21186809529856}, "c_res": {"0": 2.0120759660750185}, "inv_c_res": 0.05484633988264959, "eta": 1.0, "_timestamp": 1683538830.2885892, "_runtime": 5002.657789230347, "_step": 49, "_wandb": {"runtime": 5001}}