{"best_f": 1.7222707939051198, "f_hat_x": -0.2743857094967293, "f_x": -2.91727465484109, "f_res": 2.6428889453443607, "sum_c_x": 15.420121635883493, "cum_costs": 779.3623568344027, "E_inv_c": 0.0692201671642587, "sum_Ec": 14.904419992273427, "inv_cost": 0.0648503315092498, "E_c": {"0": 7.0936054700376525, "1": 2.3916832263508123, "2": 5.419131295884961}, "c_x": {"0": 8.65037058094875, "1": 1.352226329798263, "2": 5.417524725136482}, "c_res": {"0": 1.5567651109110967, "1": 1.0394568965525492, "2": 0.0016065707484793634}, "inv_c_res": 0.004369835655008897, "eta": 0.6298236312032323, "_timestamp": 1683510713.7718506, "_runtime": 4919.006363630295, "_step": 45}