{"best_f": -7.058875235332666, "f_hat_x": 8.182730041408695, "f_x": -7.058875235332666, "f_res": 15.24160527674136, "sum_c_x": 292.48516777650246, "cum_costs": 3636.932770952853, "E_inv_c": 0, "sum_Ec": 0, "inv_cost": 0.003418976789838905, "E_c": {"0": 0}, "c_x": {"0": 141.48192563253716, "1": 51.39144755467851, "2": 99.61179458928682}, "c_res": {"0": 141.48192563253716}, "inv_c_res": 0.003418976789838905, "eta": 1.0, "_timestamp": 1683675333.1481686, "_runtime": 20.367680549621582, "_step": 0, "_wandb": {"runtime": 31}}