{"best_f": -4.7180502205830255, "f_hat_x": -0.8847784154030955, "f_x": -29.209188403108346, "f_res": 28.324409987705252, "sum_c_x": 7.255961475084801, "cum_costs": 432.25123099804, "E_inv_c": 0, "sum_Ec": 0, "inv_cost": 0.13781771077944055, "E_c": {"0": 0}, "c_x": {"0": 2.03973291712303, "1": 2.1178307538725765, "2": 3.0983978040891946}, "c_res": {"0": 2.03973291712303}, "inv_c_res": 0.13781771077944055, "eta": 0.99, "_timestamp": 1683478392.9380956, "_runtime": 867.0819826126099, "_step": 14}