{"best_f": -1.745362020548214, "f_hat_x": 1.0183814894030234, "f_x": -2.3737836819757425, "f_res": 3.3921651713787657, "sum_c_x": 12.002784130380999, "cum_costs": 622.2912331551887, "E_inv_c": 0, "sum_Ec": 0, "inv_cost": 0.08331400357928935, "E_c": {"0": 0}, "c_x": {"0": 3.658048647890377, "1": 0.16120590404529778, "2": 8.183529578445324}, "c_res": {"0": 3.658048647890377}, "inv_c_res": 0.08331400357928935, "eta": 2.0, "_timestamp": 1683377048.0321434, "_runtime": 4276.711640357971, "_step": 49, "_wandb": {"runtime": 4274}}