{"best_f": -5.919592519089708, "f_hat_x": 7.676442164217738, "f_x": -7.237167413430782, "f_res": 14.91360957764852, "sum_c_x": 45.888293275344424, "cum_costs": 795.646543967023, "E_inv_c": 0, "sum_Ec": 0, "inv_cost": 0.021792050403785568, "E_c": {"0": 0}, "c_x": {"0": 2.0028840326317985, "1": 0.038499761355938356, "2": 43.84690948135669}, "c_res": {"0": 2.0028840326317985}, "inv_c_res": 0.021792050403785568, "eta": 1.0, "_timestamp": 1683660461.9314377, "_runtime": 65.44205284118652, "_step": 10}