{"best_f": -6.905574425435367, "f_hat_x": 9.162373722048779, "f_x": -6.976318156689155, "f_res": 16.138691878737934, "sum_c_x": 291.33152894437984, "cum_costs": 4216.4357846781595, "E_inv_c": 0, "sum_Ec": 0, "inv_cost": 0.0034325155386491554, "E_c": {"0": 0}, "c_x": {"0": 140.46058777888243, "1": 50.4094083899479, "2": 100.46153277554951}, "c_res": {"0": 140.46058777888243}, "inv_c_res": 0.0034325155386491554, "eta": 1.0, "_timestamp": 1683811617.2221103, "_runtime": 43.56323027610779, "_step": 2, "_wandb": {"runtime": 42}}