{"best_f": 130.91385424700732, "f_hat_x": 1.00194903539759, "f_x": -0.5584084949173658, "f_res": 1.5603575303149557, "sum_c_x": 21.961571756978717, "cum_costs": 1349.615809150352, "E_inv_c": 0, "sum_Ec": 0, "inv_cost": 0.04553408157966793, "E_c": {"0": 0}, "c_x": {"0": 2.031404784238646, "1": 5.4155596307346325, "2": 14.514607342005439}, "c_res": {"0": 2.031404784238646}, "inv_c_res": 0.04553408157966793, "eta": 3.0, "_timestamp": 1683642495.3262513, "_runtime": 1077.0692253112793, "_step": 49, "_wandb": {"runtime": 1076}}