{"best_f": 0.520991727859303, "f_hat_x": 8.542300110414974, "f_x": 0.0015793577573366413, "f_res": 8.540720752657638, "sum_c_x": 214.64241028604525, "cum_costs": 13209.104356820702, "E_inv_c": 0.0028148907581388477, "sum_Ec": 355.25401173787975, "inv_cost": 0.0028196573843871416, "E_c": {"0": 140.1074150033659, "1": 60.17522335459427, "2": 154.9713733799196}, "c_x": {"0": 0.10000000149011612, "1": 59.58362673806321, "2": 154.95878354649193}, "c_res": {"0": 140.00741500187578, "1": 0.5915966165310635, "2": 0.012589833427682606}, "inv_c_res": 4.766626248293906e-06, "eta": 1.0, "_timestamp": 1683677655.0487468, "_runtime": 1256.7928667068481, "_step": 49, "_wandb": {"runtime": 1256}}