{"best_f": -4.271683291335285, "f_hat_x": 5.330022843048713, "f_x": -4.279702696463672, "f_res": 9.609725539512386, "sum_c_x": 113.9081906204782, "cum_costs": 9166.386606385848, "E_inv_c": 0, "sum_Ec": 0, "inv_cost": 0.0031190858737489367, "E_c": {"0": 0}, "c_x": {"0": 0.10000000149011612, "1": 0.10000000149011612, "2": 113.70819061749796}, "c_res": {"0": 139.99838060090548}, "inv_c_res": 0.0031190858737489367, "eta": 1.0, "_timestamp": 1683849428.7047048, "_runtime": 4752.409115791321, "_step": 39, "_wandb": {"runtime": 4751}}