{"best_f": -3.8811352434559687, "f_hat_x": 1.8740762471082244, "f_x": -143.14753147336643, "f_res": 145.02160772047466, "sum_c_x": 128.03524922910142, "cum_costs": 4546.795606801145, "E_inv_c": 0, "sum_Ec": 0, "inv_cost": 0.007810349150105046, "E_c": {"0": 0}, "c_x": {"0": 37.01458608282838, "1": 61.00514095230446, "2": 30.015522193968586}, "c_res": {"0": 37.01458608282838}, "inv_c_res": 0.007810349150105046, "eta": 5.120000000000003e-09, "_timestamp": 1683315451.5035229, "_runtime": 438.6118779182434, "_step": 19, "_wandb": {"runtime": 473}}