{"best_f": -6.48361375842569, "f_hat_x": 1.03786710879182, "f_x": -17.945741097781738, "f_res": 18.983608206573557, "sum_c_x": 330.0034999935524, "cum_costs": 17264.68304500535, "E_inv_c": 0, "sum_Ec": 0, "inv_cost": 0.003030270891125512, "E_c": {"0": 0}, "c_x": {"0": 130.02551067614263, "1": 52.19781271956749, "2": 147.7801765978423}, "c_res": {"0": 130.02551067614263}, "inv_c_res": 0.003030270891125512, "eta": 1.0, "_timestamp": 1683674978.3496919, "_runtime": 106.27685189247131, "_step": 39}