{"best_f": -1.8891659800710117, "f_hat_x": -0.3177580280962277, "f_x": -17.30826603824165, "f_res": 16.990508010145422, "sum_c_x": 110.46975893394554, "cum_costs": 9390.193850388992, "E_inv_c": 0.0036661546969077585, "sum_Ec": 272.7658997091703, "inv_cost": 0.0036656820003403423, "E_c": {"0": 87.42747113782633, "1": 75.10353414886221, "2": 110.2348944224818}, "c_x": {"0": 0.10000000149011612, "1": 0.10000000149011612, "2": 110.26975893096531}, "c_res": {"0": 0.0001004468287248983, "1": 0.0001317259957289707, "2": 0.034864508483508416}, "inv_c_res": 4.726965674162198e-07, "eta": 2.0, "_timestamp": 1683714248.1045709, "_runtime": 566.1156668663025, "_step": 49, "_wandb": {"runtime": 565}}