{"best_f": -1.4637373673379344, "f_hat_x": -1.0053824315114563, "f_x": -7.496420447838187, "f_res": 6.49103801632673, "sum_c_x": 17.325387804639554, "cum_costs": 1214.1679139263767, "E_inv_c": 0.057563288813031424, "sum_Ec": 17.392368212520303, "inv_cost": 0.05771876573707693, "E_c": {"0": 8.79161353220087, "1": 1.359457731540056, "2": 7.241296948779379}, "c_x": {"0": 8.79088631446664, "1": 1.2930286701175586, "2": 7.241472820055355}, "c_res": {"0": 0.0007272177342301234, "1": 0.06642906142249738, "2": 0.00017587127597629149}, "inv_c_res": 0.0001554769240455084, "eta": 3.0, "_timestamp": 1683414858.3852916, "_runtime": 2190.11616563797, "_step": 49, "_wandb": {"runtime": 2189}}