{"best_f": -12.139763864965177, "f_hat_x": 3.2873672765403583, "f_x": -12.139763864965177, "f_res": 15.427131141505535, "sum_c_x": 46.077274992544325, "cum_costs": 557.8005576867814, "E_inv_c": 0, "sum_Ec": 0, "inv_cost": 0.021702672307809177, "E_c": {"0": 0}, "c_x": {"0": 2.002494497162192, "1": 1.44458290291816, "2": 42.63019759246397}, "c_res": {"0": 2.002494497162192}, "inv_c_res": 0.021702672307809177, "eta": 1.0, "_timestamp": 1683660414.7965827, "_runtime": 13.794029712677002, "_step": 5, "_wandb": {"runtime": 13}}