{"best_f": 271.9667185192984, "f_hat_x": -4.581025454499383, "f_x": 63.99210449556224, "f_res": 68.57312995006163, "sum_c_x": 72.04786485768545, "cum_costs": 9031.425722021355, "E_inv_c": 0, "sum_Ec": 0, "inv_cost": 0.013879661832800705, "E_c": {"0": 0}, "c_x": {"0": 14.680374670468314, "1": 16.18972693468273, "2": 41.177763252534405}, "c_res": {"0": 14.680374670468314}, "inv_c_res": 0.013879661832800705, "eta": 1.0, "_timestamp": 1683769073.464964, "_runtime": 208.37225079536438, "_step": 49, "_wandb": {"runtime": 207}}