{"best_f": -0.35785941982149083, "f_hat_x": -0.028983554322027177, "f_x": -3.4934100958133776, "f_res": 3.4644265414913504, "sum_c_x": 19.474010423086057, "cum_costs": 765.1517505430008, "E_inv_c": 0, "sum_Ec": 0, "inv_cost": 0.05135049115586996, "E_c": {"0": 0}, "c_x": {"0": 2.588073542201295, "1": 7.786104131192028, "2": 9.099832749692736}, "c_res": {"0": 2.588073542201295}, "inv_c_res": 0.05135049115586996, "eta": 1.0, "_timestamp": 1683371786.9559252, "_runtime": 4249.55063533783, "_step": 49, "_wandb": {"runtime": 4246}}