{"best_f": 169.75509005532962, "f_hat_x": 4.276871460741775, "f_x": 169.45416632174397, "f_res": 165.1772948610022, "sum_c_x": 26.03571924743109, "cum_costs": 1514.3547668118595, "E_inv_c": 0.03840894076252111, "sum_Ec": 26.035606747637946, "inv_cost": 0.03840877182982639, "E_c": {"0": 2.0001576983738265, "1": 8.037490061303338, "2": 15.997958987960782}, "c_x": {"0": 2.0001588551848037, "1": 8.037507681722841, "2": 15.998052710523446}, "c_res": {"0": 1.1568109772319701e-06, "1": 1.7620419503927565e-05, "2": 9.372256266360068e-05}, "inv_c_res": 1.6893269472184613e-07, "eta": 6.0, "_timestamp": 1683590542.8842754, "_runtime": 997.8022644519806, "_step": 49, "_wandb": {"runtime": 996}}