{"best_f": -5.84319828581104, "f_hat_x": 6.647174925777141, "f_x": -5.84319828581104, "f_res": 12.490373211588182, "sum_c_x": 297.95592153620646, "cum_costs": 3814.459384626015, "E_inv_c": 0, "sum_Ec": 0, "inv_cost": 0.0033562011281540642, "E_c": {"0": 0}, "c_x": {"0": 140.32324568834483, "1": 62.88961531932992, "2": 94.7430605285317}, "c_res": {"0": 140.32324568834483}, "inv_c_res": 0.0033562011281540642, "eta": 1.0, "_timestamp": 1683813015.1465733, "_runtime": 33.963789224624634, "_step": 0, "_wandb": {"runtime": 48}}