{"best_f": -8.775132007251312, "f_hat_x": -0.2988092640868922, "f_x": -12.626435147312154, "f_res": 12.327625883225263, "sum_c_x": 107.46751235866269, "cum_costs": 10065.577224025856, "E_inv_c": 0.004033924645983374, "sum_Ec": 247.8983248083892, "inv_cost": 0.004034930245426788, "E_c": {"0": 77.10232987026262, "1": 63.51581707798807, "2": 107.28017786013851}, "c_x": {"0": 0.10000000149011612, "1": 0.10000000149011612, "2": 107.26751235568246}, "c_res": {"0": 0.028423566282853585, "1": 0.021476709745058997, "2": 0.01266550445605219}, "inv_c_res": 1.0055994434142804e-06, "eta": 2.0, "_timestamp": 1683714241.552866, "_runtime": 563.4267139434814, "_step": 49, "_wandb": {"runtime": 560}}