{"best_f": 147.76493536696822, "f_hat_x": 1.8498922142141643, "f_x": 61.69081929408231, "f_res": 59.840927079868145, "sum_c_x": 23.10998432482754, "cum_costs": 1519.7863384116802, "E_inv_c": 0, "sum_Ec": 0, "inv_cost": 0.04327134047103957, "E_c": {"0": 0}, "c_x": {"0": 2.156836926621689, "1": 7.869380226339366, "2": 13.083767171866484}, "c_res": {"0": 2.156836926621689}, "inv_c_res": 0.04327134047103957, "eta": 0.5, "_timestamp": 1683649386.7104313, "_runtime": 3912.1860094070435, "_step": 49, "_wandb": {"runtime": 3911}}