{"best_f": -2.4047917047739076, "f_hat_x": 6.1201408987534744, "f_x": -5.231159503457135, "f_res": 11.35130040221061, "sum_c_x": 211.85404002219664, "cum_costs": 10229.000371974025, "E_inv_c": 0, "sum_Ec": 0, "inv_cost": 0.002837997460032861, "E_c": {"0": 0}, "c_x": {"0": 0.10000000149011612, "1": 51.00139605699375, "2": 160.75264396371279}, "c_res": {"0": 140.6070928142824}, "inv_c_res": 0.002837997460032861, "eta": 2.0, "_timestamp": 1683835074.4985805, "_runtime": 5510.358628511429, "_step": 49, "_wandb": {"runtime": 5509}}