{"best_f": -1.3875888010447621, "f_hat_x": 3.62750852000049, "f_x": -14.187867293674813, "f_res": 17.815375813675303, "sum_c_x": 37.11380789750957, "cum_costs": 2618.9853726318893, "E_inv_c": 0, "sum_Ec": 0, "inv_cost": 0.026944149809728972, "E_c": {"0": 0}, "c_x": {"0": 10.103233462319283, "1": 13.30133371604611, "2": 13.709240719144177}, "c_res": {"0": 10.103233462319283}, "inv_c_res": 0.026944149809728972, "eta": 1.0, "_timestamp": 1683805626.1541774, "_runtime": 75.55135345458984, "_step": 49, "_wandb": {"runtime": 74}}