{"best_f": 115.85270600387815, "f_hat_x": 6.058262568822161, "f_x": 115.6362486935805, "f_res": 109.57798612475834, "sum_c_x": 14.440882810156833, "cum_costs": 908.2920680272238, "E_inv_c": 0, "sum_Ec": 0, "inv_cost": 0.0692478439958436, "E_c": {"0": 0}, "c_x": {"0": 2.000000021146378, "1": 7.818951053982716, "2": 4.621931735027737}, "c_res": {"0": 2.000000021146378}, "inv_c_res": 0.0692478439958436, "eta": 2.0, "_timestamp": 1683536847.8304775, "_runtime": 3015.564443588257, "_step": 49, "_wandb": {"runtime": 3014}}