{"best_f": -19.662104119852998, "f_hat_x": 8.731860862573168, "f_x": -19.662104119852998, "f_res": 28.393964982426166, "sum_c_x": 29.008355279114973, "cum_costs": 1549.8150019775655, "E_inv_c": 0, "sum_Ec": 0, "inv_cost": 0.034472826548700125, "E_c": {"0": 0}, "c_x": {"0": 9.218398480219212, "1": 9.077673476378221, "2": 10.71228332251754}, "c_res": {"0": 9.218398480219212}, "inv_c_res": 0.034472826548700125, "eta": 1.0, "_timestamp": 1683805260.45833, "_runtime": 62.61406993865967, "_step": 15}