{"best_f": 1.013192975413436, "f_hat_x": -0.3304874420525533, "f_x": -2.190193576653324, "f_res": 1.8597061346007706, "sum_c_x": 10.221933787514905, "cum_costs": 949.2584759009998, "E_inv_c": 0, "sum_Ec": 0, "inv_cost": 0.09782884733820155, "E_c": {"0": 0}, "c_x": {"0": 5.198692671207343, "1": 0.337112610025581, "2": 4.68612850628198}, "c_res": {"0": 5.198692671207343}, "inv_c_res": 0.09782884733820155, "eta": 0.1352759542790559, "_timestamp": 1683499256.8629496, "_runtime": 6191.69647359848, "_step": 49, "_wandb": {"runtime": 6190}}