{"best_f": -2.5742584531370714, "f_hat_x": -0.011280693666603529, "f_x": -4.8740897476626435, "f_res": 4.86280905399604, "sum_c_x": 6.092772516823013, "cum_costs": 553.8127982548411, "E_inv_c": 0, "sum_Ec": 0, "inv_cost": 0.16412889160704056, "E_c": {"0": 0}, "c_x": {"0": 2.106431892770315, "1": 0.12196814003501211, "2": 3.864372484017686}, "c_res": {"0": 2.106431892770315}, "inv_c_res": 0.16412889160704056, "eta": 2.4, "_timestamp": 1683406795.959076, "_runtime": 4235.781340837479, "_step": 49, "_wandb": {"runtime": 4235}}