{"best_f": 78.55901382636016, "f_hat_x": 2.4161843907633282, "f_x": -331.8048377410143, "f_res": 334.2210221317776, "sum_c_x": 26.812792701111285, "cum_costs": 362.9361261038087, "E_inv_c": 0, "sum_Ec": 0, "inv_cost": 0.03729563015487581, "E_c": {"0": 0}, "c_x": {"0": 2.0036805226677528, "1": 8.881675708579412, "2": 15.92743646986412}, "c_res": {"0": 2.0036805226677528}, "inv_c_res": 0.03729563015487581, "eta": 1.0, "_timestamp": 1683635468.2765276, "_runtime": 50.35420060157776, "_step": 3}