{"best_f": 156.7819204186316, "f_hat_x": 1.346274517645959, "f_x": -206.9582269504066, "f_res": 208.30450146805256, "sum_c_x": 25.82069465262535, "cum_costs": 1564.825807319355, "E_inv_c": 0, "sum_Ec": 0, "inv_cost": 0.03872862498291942, "E_c": {"0": 0}, "c_x": {"0": 3.286958092360935, "1": 7.008111451353659, "2": 15.525625108910754}, "c_res": {"0": 3.286958092360935}, "inv_c_res": 0.03872862498291942, "eta": 1.0, "_timestamp": 1683636705.0514247, "_runtime": 1154.2498557567596, "_step": 49, "_wandb": {"runtime": 1153}}