{"best_f": -1.4608253775231121, "f_hat_x": 4.915463507012013, "f_x": -3.18158725430375, "f_res": 8.097050761315764, "sum_c_x": 109.89319431639507, "cum_costs": 4542.027867997232, "E_inv_c": 0, "sum_Ec": 0, "inv_cost": 0.009099744585828361, "E_c": {"0": 0}, "c_x": {"0": 27.453608485625335, "1": 51.94294124543855, "2": 30.49664458533119}, "c_res": {"0": 27.453608485625335}, "inv_c_res": 0.009099744585828361, "eta": 2.4414062500000007e-28, "_timestamp": 1683296633.2527544, "_runtime": 2204.5348534584045, "_step": 22}