{"best_f": 21.584466202727953, "f_hat_x": 1.3342208609828845, "f_x": -205.71910826630878, "f_res": 207.05332912729168, "sum_c_x": 16.496389186621833, "cum_costs": 1087.0528523953235, "E_inv_c": 0, "sum_Ec": 0, "inv_cost": 0.06061932636815913, "E_c": {"0": 0}, "c_x": {"0": 2.092981601388736, "1": 0.6640104606314918, "2": 13.739397124601606}, "c_res": {"0": 2.092981601388736}, "inv_c_res": 0.06061932636815913, "eta": 4.0, "_timestamp": 1683629630.6037142, "_runtime": 971.865570306778, "_step": 49, "_wandb": {"runtime": 970}}