{"best_f": -3.5472014414335544, "f_hat_x": -0.2498417519287571, "f_x": -6.064354986824377, "f_res": 5.814513234895619, "sum_c_x": 24.73111560893348, "cum_costs": 1390.7017163848247, "E_inv_c": 0, "sum_Ec": 0, "inv_cost": 0.04043489245745047, "E_c": {"0": 0}, "c_x": {"0": 8.563825974189871, "1": 8.183175851732129, "2": 7.984113783011481}, "c_res": {"0": 8.563825974189871}, "inv_c_res": 0.04043489245745047, "eta": 0.1352759542790559, "_timestamp": 1683499924.1568477, "_runtime": 6858.879203796387, "_step": 49, "_wandb": {"runtime": 6858}}