{"best_f": 1.2245944673031475, "f_hat_x": 6.268275699311451, "f_x": -1.7128777355904325, "f_res": 7.981153434901883, "sum_c_x": 8.50536964228823, "cum_costs": 706.8733288504694, "E_inv_c": 0, "sum_Ec": 0, "inv_cost": 0.11757278543522143, "E_c": {"0": 0}, "c_x": {"0": 2.000484123290067, "1": 1.970168846624791, "2": 4.534716672373371}, "c_res": {"0": 2.000484123290067}, "inv_c_res": 0.11757278543522143, "eta": 1, "_timestamp": 1683543597.6945055, "_runtime": 2141.965391397476, "_step": 49, "_wandb": {"runtime": 2141}}