{"best_f": -3.0331143018490123, "f_hat_x": 7.633264366619354, "f_x": -3.0331143018490123, "f_res": 10.666378668468367, "sum_c_x": 366.30231100607216, "cum_costs": 10776.949139398916, "E_inv_c": 0, "sum_Ec": 0, "inv_cost": 0.002729985506379792, "E_c": {"0": 0}, "c_x": {"0": 139.99719307401804, "1": 69.7110948332101, "2": 156.594023098844}, "c_res": {"0": 139.99719307401804}, "inv_c_res": 0.002729985506379792, "eta": 1.0, "_timestamp": 1683674979.87313, "_runtime": 107.83293914794922, "_step": 18}