{"best_f": -8.561445463420807, "f_hat_x": 1.4219336978299835, "f_x": -10.891587400159198, "f_res": 12.313521097989181, "sum_c_x": 105.52712115559427, "cum_costs": 3272.062283277766, "E_inv_c": 0, "sum_Ec": 0, "inv_cost": 0.0031382201238083504, "E_c": {"0": 0}, "c_x": {"0": 0.10000000149011612, "1": 0.10000000149011612, "2": 105.32712115261404}, "c_res": {"0": 174.70360708000192}, "inv_c_res": 0.0031382201238083504, "eta": 1.0, "_timestamp": 1683715576.3698652, "_runtime": 28.11855125427246, "_step": 1}