{"best_f": 76.7316518839548, "f_hat_x": 0.5264055909742599, "f_x": 76.7312353898158, "f_res": 76.20482979884153, "sum_c_x": 124.67803565979074, "cum_costs": 12287.806340021418, "E_inv_c": 0, "sum_Ec": 0, "inv_cost": 0.0034568159202295243, "E_c": {"0": 0}, "c_x": {"0": 0.10000000149011612, "1": 0.10000000149011612, "2": 124.4780356568105}, "c_res": {"0": 116.04528447100569}, "inv_c_res": 0.0034568159202295243, "eta": 1.0, "_timestamp": 1683730703.4284072, "_runtime": 1902.5414292812347, "_step": 49, "_wandb": {"runtime": 1901}}