{"best_f": -2.937135547428028, "f_hat_x": 6.3959889848254665, "f_x": -5.0963899370115, "f_res": 11.492378921836966, "sum_c_x": 109.58876031565552, "cum_costs": 10088.778063239852, "E_inv_c": 0, "sum_Ec": 0, "inv_cost": 0.0033925441008384118, "E_c": {"0": 0}, "c_x": {"0": 0.10000000149011612, "1": 0.10000000149011612, "2": 109.38876031267529}, "c_res": {"0": 140.1724834895083}, "inv_c_res": 0.0033925441008384118, "eta": 2.0, "_timestamp": 1683684631.9797509, "_runtime": 613.4745199680328, "_step": 49, "_wandb": {"runtime": 612}}