{"best_f": -0.9577560637519675, "f_hat_x": -0.08134695860597653, "f_x": -9.158011893750016, "f_res": 9.07666493514404, "sum_c_x": 331.34448585794047, "cum_costs": 16162.390620315171, "E_inv_c": 0, "sum_Ec": 0, "inv_cost": 0.0030180070672090093, "E_c": {"0": 0}, "c_x": {"0": 138.68625189090199, "1": 61.40991279547252, "2": 131.24832117156598}, "c_res": {"0": 138.68625189090199}, "inv_c_res": 0.0030180070672090093, "eta": 0.2570243131302062, "_timestamp": 1683859890.9699218, "_runtime": 847.0862638950348, "_step": 39, "_wandb": {"runtime": 846}}