{"best_f": 116.3063657499665, "f_hat_x": 4.516682939181677, "f_x": 116.28845764847551, "f_res": 111.77177470929384, "sum_c_x": 14.179887882650736, "cum_costs": 902.6893437701958, "E_inv_c": 0.07052226645115946, "sum_Ec": 14.179920556394588, "inv_cost": 0.0705224193784714, "E_c": {"0": 2.0000051101033525, "1": 7.768607069923866, "2": 4.411308376367369}, "c_x": {"0": 2.0000000031207223, "1": 7.768588145112014, "2": 4.411299734417999}, "c_res": {"0": 5.106982630120882e-06, "1": 1.892481185183925e-05, "2": 8.641949370336022e-06}, "inv_c_res": 1.5292731193883302e-07, "eta": 1.0, "_timestamp": 1683538627.498414, "_runtime": 4800.431905031204, "_step": 49, "_wandb": {"runtime": 4799}}