{"best_f": 155.14844633759589, "f_hat_x": 1.0404696422857838, "f_x": 2.602678543884508, "f_res": 1.5622089015987244, "sum_c_x": 23.60401725968289, "cum_costs": 1513.6032265714348, "E_inv_c": 0, "sum_Ec": 0, "inv_cost": 0.042365669750126025, "E_c": {"0": 0}, "c_x": {"0": 2.2870732221083436, "1": 7.1234028731801455, "2": 14.193541164394404}, "c_res": {"0": 2.2870732221083436}, "inv_c_res": 0.042365669750126025, "eta": 1.0, "_timestamp": 1683639616.7760682, "_runtime": 4065.969962120056, "_step": 49, "_wandb": {"runtime": 4065}}