{"best_f": -1.0903453643943029, "f_hat_x": -0.34501696454337927, "f_x": -2.2151462545597274, "f_res": 1.8701292900163482, "sum_c_x": 22.463609916500815, "cum_costs": 879.4126658484935, "E_inv_c": 0, "sum_Ec": 0, "inv_cost": 0.044516442536043255, "E_c": {"0": 0}, "c_x": {"0": 8.538658459087841, "1": 8.947276476563475, "2": 4.977674980849498}, "c_res": {"0": 8.538658459087841}, "inv_c_res": 0.044516442536043255, "eta": 0.4, "_timestamp": 1683384927.931019, "_runtime": 5655.118031024933, "_step": 49, "_wandb": {"runtime": 5654}}