{"best_f": 235.18019301072232, "f_hat_x": -10.432454718527744, "f_x": 27.055790910982395, "f_res": 37.48824562951014, "sum_c_x": 35.1572322030061, "cum_costs": 8625.41754655122, "E_inv_c": 0, "sum_Ec": 0, "inv_cost": 0.028443649779532287, "E_c": {"0": 0}, "c_x": {"0": 9.554404389216707, "1": 16.204167430634413, "2": 9.398660383154986}, "c_res": {"0": 9.554404389216707}, "inv_c_res": 0.028443649779532287, "eta": 1.0, "_timestamp": 1683769174.5161226, "_runtime": 309.45378851890564, "_step": 49, "_wandb": {"runtime": 308}}