{"best_f": -6.605977417309282, "f_hat_x": 9.654463189566464, "f_x": -6.605977665363561, "f_res": 16.260440854930025, "sum_c_x": 101.46359419593901, "cum_costs": 3838.784402190291, "E_inv_c": 0.04517177459379625, "sum_Ec": 294.4962186160591, "inv_cost": 0.003381542321885412, "E_c": {"0": 140.69879935969198, "1": 53.760949420512816, "2": 100.03646983585426}, "c_x": {"0": 0.10000000149011612, "1": 0.10000000149011612, "2": 101.26359419295878}, "c_res": {"0": 0.0005812530871480703, "1": 0.0002855793701570519, "2": 1.2271243571045147}, "inv_c_res": 0.04179023227191084, "eta": 1.0, "_timestamp": 1683816357.822891, "_runtime": 31.658633947372437, "_step": 2, "_wandb": {"runtime": 30}}