{"best_f": 118.57862090336384, "f_hat_x": 5.524050079611113, "f_x": 105.79086223528479, "f_res": 100.26681215567368, "sum_c_x": 11.163941363195404, "cum_costs": 329.553172307608, "E_inv_c": 0, "sum_Ec": 0, "inv_cost": 0.08957409999453585, "E_c": {"0": 0}, "c_x": {"0": 2.0000000316356967, "1": 7.051403151182299, "2": 2.112538180377408}, "c_res": {"0": 2.0000000316356967}, "inv_c_res": 0.08957409999453585, "eta": 1.0, "_timestamp": 1683567155.390652, "_runtime": 132.20073294639587, "_step": 17}