{"best_f": 196.01494152358373, "f_hat_x": 2.7535474584550066, "f_x": 195.62070786304943, "f_res": 192.86716040459442, "sum_c_x": 25.79820599968561, "cum_costs": 1547.1575590657876, "E_inv_c": 0.03876217635918932, "sum_Ec": 25.798345347680637, "inv_cost": 0.03876238526090483, "E_c": {"0": 2.000488897308516, "1": 7.800336030399602, "2": 15.997520419972522}, "c_x": {"0": 2.0003122214390787, "1": 7.800409788317667, "2": 15.997483989928863}, "c_res": {"0": 0.00017667586943748148, "1": 7.375791806563115e-05, "2": 3.643004365905256e-05}, "inv_c_res": 2.0890171550935754e-07, "eta": 1.0, "_timestamp": 1683582410.4151769, "_runtime": 4119.413873910904, "_step": 49, "_wandb": {"runtime": 4118}}