{"best_f": -4.530498871400775, "f_hat_x": 6.004809863132108, "f_x": -7.076155696437986, "f_res": 13.080965559570094, "sum_c_x": 57.73369150669926, "cum_costs": 1437.9971544195737, "E_inv_c": 0, "sum_Ec": 0, "inv_cost": 0.017320908708634414, "E_c": {"0": 0}, "c_x": {"0": 2.0012210978661926, "1": 1.7694084593542136, "2": 53.96306194947885}, "c_res": {"0": 2.0012210978661926}, "inv_c_res": 0.017320908708634414, "eta": 1.0, "_timestamp": 1683662336.76436, "_runtime": 201.08514785766602, "_step": 22}