{"best_f": 136.6918653140983, "f_hat_x": 8.706876459059062, "f_x": 133.06666085181445, "f_res": 124.35978439275539, "sum_c_x": 11.658429025681645, "cum_costs": 249.51366777293975, "E_inv_c": 0, "sum_Ec": 0, "inv_cost": 0.0857748499216456, "E_c": {"0": 0}, "c_x": {"0": 2.0000000004267067, "1": 7.503394062693046, "2": 2.155034962561891}, "c_res": {"0": 2.0000000004267067}, "inv_c_res": 0.0857748499216456, "eta": 1.0, "_timestamp": 1683566728.3078516, "_runtime": 397.1982045173645, "_step": 9}