{"best_f": 76.3990890918033, "f_hat_x": -2.6021049572798303, "f_x": 56.97694505682614, "f_res": 59.57905001410597, "sum_c_x": 354.64841241527495, "cum_costs": 19684.96605445837, "E_inv_c": 0, "sum_Ec": 0, "inv_cost": 0.0028196939983169914, "E_c": {"0": 0}, "c_x": {"0": 171.4528391911034, "1": 58.194194716471856, "2": 125.00137850769966}, "c_res": {"0": 171.4528391911034}, "inv_c_res": 0.0028196939983169914, "eta": 0.07694497527671314, "_timestamp": 1683744197.1911058, "_runtime": 397.438845872879, "_step": 49, "_wandb": {"runtime": 396}}