{"best_f": -10.811828527318262, "f_hat_x": 8.15114193695409, "f_x": -11.018009105839848, "f_res": 19.16915104279394, "sum_c_x": 330.2990402659751, "cum_costs": 4983.707196310774, "E_inv_c": 0, "sum_Ec": 0, "inv_cost": 0.0030275595084828114, "E_c": {"0": 0}, "c_x": {"0": 141.58685375153706, "1": 56.56517209110131, "2": 132.1470144233367}, "c_res": {"0": 141.58685375153706}, "inv_c_res": 0.0030275595084828114, "eta": 1.0, "_timestamp": 1683844123.5704522, "_runtime": 34.522364139556885, "_step": 4}