{"best_f": 1.3183622187952047, "f_hat_x": -1.8536403814862124, "f_x": -2.408256008250296, "f_res": 0.5546156267640838, "sum_c_x": 7.1508345031252, "cum_costs": 685.3795764197498, "E_inv_c": 0, "sum_Ec": 0, "inv_cost": 0.13984381816737054, "E_c": {"0": 0}, "c_x": {"0": 2.4103776070318554, "1": 0.7374095074691311, "2": 4.003047388624213}, "c_res": {"0": 2.4103776070318554}, "inv_c_res": 0.13984381816737054, "eta": 4.0, "_timestamp": 1683404012.9809868, "_runtime": 1452.817433834076, "_step": 49, "_wandb": {"runtime": 1452}}