{"best_f": -1.215783257027683, "f_hat_x": 2.965842829324195, "f_x": -5.697617968064957, "f_res": 8.663460797389153, "sum_c_x": 17.17955426189933, "cum_costs": 623.510419639738, "E_inv_c": 0, "sum_Ec": 0, "inv_cost": 0.058208727930607114, "E_c": {"0": 0}, "c_x": {"0": 2.0000000300674046, "1": 8.979250313750573, "2": 6.200303918081354}, "c_res": {"0": 2.0000000300674046}, "inv_c_res": 0.058208727930607114, "eta": 1.0, "_timestamp": 1683577295.4638236, "_runtime": 6664.79899764061, "_step": 49, "_wandb": {"runtime": 6663}}