{"best_f": -3.501305266443775, "f_hat_x": 0.9666869197119131, "f_x": -3.501305266443775, "f_res": 4.467992186155688, "sum_c_x": 24.03769386101501, "cum_costs": 556.6384961648758, "E_inv_c": 0, "sum_Ec": 0, "inv_cost": 0.04160132855430975, "E_c": {"0": 0}, "c_x": {"0": 8.651819082836052, "1": 7.1125948650913005, "2": 8.27327991308766}, "c_res": {"0": 8.651819082836052}, "inv_c_res": 0.04160132855430975, "eta": 0.95, "_timestamp": 1683478408.4014807, "_runtime": 882.7122867107391, "_step": 13}