{"best_f": -1.110550950168025, "f_hat_x": -0.4036662258951019, "f_x": -11.56191671388986, "f_res": 11.158250487994758, "sum_c_x": 17.053989952319476, "cum_costs": 906.1822219510681, "E_inv_c": 0.05851770566134533, "sum_Ec": 17.08967191859763, "inv_cost": 0.0586373043959717, "E_c": {"0": 3.7852530581880584, "1": 4.042160211946865, "2": 9.262258648462709}, "c_x": {"0": 3.7740782528906145, "1": 4.0415358709151255, "2": 9.238375828513737}, "c_res": {"0": 0.011174805297443857, "1": 0.0006243410317399167, "2": 0.023882819948971346}, "inv_c_res": 0.00011959873462637216, "eta": 0.1352759542790559, "_timestamp": 1683488538.544892, "_runtime": 9971.93481016159, "_step": 49, "_wandb": {"runtime": 9971}}