{"best_f": -8.379787341762496, "f_hat_x": 7.072174613700736, "f_x": -8.379791072181087, "f_res": 15.451965685881824, "sum_c_x": 101.78290066009306, "cum_costs": 5228.153030813144, "E_inv_c": 0, "sum_Ec": 0, "inv_cost": 0.003119012293857798, "E_c": {"0": 0}, "c_x": {"0": 0.10000000149011612, "1": 0.10000000149011612, "2": 101.58290065711283}, "c_res": {"0": 140.86697315453011}, "inv_c_res": 0.003119012293857798, "eta": 1.0, "_timestamp": 1683844638.0874362, "_runtime": 461.39231729507446, "_step": 10}