{"best_f": -41.8649835823926, "f_hat_x": 8.788894243032537, "f_x": -41.8649835823926, "f_res": 50.653877825425134, "sum_c_x": 11.143834709154305, "cum_costs": 1089.9181835844652, "E_inv_c": 0.34734264050613, "sum_Ec": 31.967046319948018, "inv_cost": 0.03063568548101019, "E_c": {"0": 11.022187723392058, "1": 10.662186265928245, "2": 10.282672330627717}, "c_x": {"0": 0.10000000149011612, "1": 0.10000000149011612, "2": 10.943834706174073}, "c_res": {"0": 0.011676527563201589, "1": 0.0017868759675696566, "2": 0.6611623755463558}, "inv_c_res": 0.3167069550251198, "eta": 1.0, "_timestamp": 1683809446.4277928, "_runtime": 37.741912841796875, "_step": 2, "_wandb": {"runtime": 37}}