{"best_f": 119.17392819841677, "f_hat_x": 1.3233581602119953, "f_x": 104.31314216002869, "f_res": 102.9897839998167, "sum_c_x": 23.71636590332735, "cum_costs": 1381.7955560289658, "E_inv_c": 0, "sum_Ec": 0, "inv_cost": 0.04216497603706234, "E_c": {"0": 0}, "c_x": {"0": 3.558576334364081, "1": 7.070545263357284, "2": 13.087244305605985}, "c_res": {"0": 3.558576334364081}, "inv_c_res": 0.04216497603706234, "eta": 5.0, "_timestamp": 1683642356.1814177, "_runtime": 937.9685387611389, "_step": 49, "_wandb": {"runtime": 936}}