{"best_f": 75.08234767828172, "f_hat_x": 0.3452910156533656, "f_x": 75.08234767828172, "f_res": 74.73705666262836, "sum_c_x": 272.7691509595087, "cum_costs": 10236.308811046525, "E_inv_c": 0, "sum_Ec": 0, "inv_cost": 0.0036661037235418362, "E_c": {"0": 0}, "c_x": {"0": 99.76132551005786, "1": 52.488099257378, "2": 120.51972619207282}, "c_res": {"0": 99.76132551005786}, "inv_c_res": 0.0036661037235418362, "eta": 1.0, "_timestamp": 1683728768.7449698, "_runtime": 196.41496586799622, "_step": 26}