{"best_f": -1.6645096518410996, "f_hat_x": -0.3323482944540535, "f_x": -1.7301586560725282, "f_res": 1.3978103616184747, "sum_c_x": 17.079865164141566, "cum_costs": 858.6687948374225, "E_inv_c": 0, "sum_Ec": 0, "inv_cost": 0.05854847157104358, "E_c": {"0": 0}, "c_x": {"0": 3.59402533488477, "1": 8.343988533783627, "2": 5.141851295473169}, "c_res": {"0": 3.59402533488477}, "inv_c_res": 0.05854847157104358, "eta": 0.8, "_timestamp": 1683372032.5588129, "_runtime": 4495.404636859894, "_step": 49, "_wandb": {"runtime": 4492}}