{"best_f": -1.9267468044728877, "f_hat_x": 6.463581381597589, "f_x": -2.8830817087307015, "f_res": 9.34666309032829, "sum_c_x": 15.817952406272896, "cum_costs": 698.496795705218, "E_inv_c": 0, "sum_Ec": 0, "inv_cost": 0.06321930767748624, "E_c": {"0": 0}, "c_x": {"0": 2.000000000045179, "1": 8.224877067407482, "2": 5.5930753388202366}, "c_res": {"0": 2.000000000045179}, "inv_c_res": 0.06321930767748624, "eta": 2.0, "_timestamp": 1683576270.4169483, "_runtime": 5639.627859354019, "_step": 49, "_wandb": {"runtime": 5638}}