{"best_f": -6.48361375842569, "f_hat_x": 0.52317447625232, "f_x": -19.69794198790963, "f_res": 20.22111646416195, "sum_c_x": 286.24628673706525, "cum_costs": 18206.794405096127, "E_inv_c": 0, "sum_Ec": 0, "inv_cost": 0.0034934950996187465, "E_c": {"0": 0}, "c_x": {"0": 140.00195980861793, "1": 38.811412295860684, "2": 107.43291463258663}, "c_res": {"0": 140.00195980861793}, "inv_c_res": 0.0034934950996187465, "eta": 1.0, "_timestamp": 1683675431.2797816, "_runtime": 118.47614049911499, "_step": 42}