{"best_f": -2.9552586966244143, "f_hat_x": 7.107567491061551, "f_x": -4.082221828629296, "f_res": 11.189789319690847, "sum_c_x": 338.11516523346904, "cum_costs": 12229.213725664576, "E_inv_c": 0, "sum_Ec": 0, "inv_cost": 0.0029575721612767605, "E_c": {"0": 0}, "c_x": {"0": 140.0019512483442, "1": 55.69737670069072, "2": 142.41583728443416}, "c_res": {"0": 140.0019512483442}, "inv_c_res": 0.0029575721612767605, "eta": 1.0, "_timestamp": 1683844646.4560702, "_runtime": 469.7491292953491, "_step": 24}