{"best_f": 130.40006427287136, "f_hat_x": 3.1689891686286376, "f_x": -95.58772515235809, "f_res": 98.75671432098673, "sum_c_x": 24.514441862910132, "cum_costs": 388.0702998720489, "E_inv_c": 0.040118112739762145, "sum_Ec": 24.935256102727724, "inv_cost": 0.04079228095798421, "E_c": {"0": 3.395257013953044, "1": 8.035616077687548, "2": 13.504383011087132}, "c_x": {"0": 3.3940464246756736, "1": 8.035568506714478, "2": 13.084826931519983}, "c_res": {"0": 0.0012105892773703886, "1": 4.757097307006575e-05, "2": 0.41955607956714935}, "inv_c_res": 0.0006741682182220682, "eta": 1.0, "_timestamp": 1683635479.0140748, "_runtime": 61.087902784347534, "_step": 4}