{"best_f": -36.19258412581637, "f_hat_x": 9.445030338864944, "f_x": -36.19258412581637, "f_res": 45.63761446468131, "sum_c_x": 32.439372605621145, "cum_costs": 1112.1889843363133, "E_inv_c": 0.34071030505944166, "sum_Ec": 33.29539155953876, "inv_cost": 0.03082673676083114, "E_c": {"0": 9.881358337692765, "1": 10.780513360579015, "2": 12.633519861266974}, "c_x": {"0": 9.377818205911796, "1": 10.605943260854836, "2": 12.455611138854518}, "c_res": {"0": 0.5035401317809693, "1": 0.17457009972417836, "2": 0.1779087224124556}, "inv_c_res": 0.3098835682986105, "eta": 1.0, "_timestamp": 1683809286.096463, "_runtime": 38.69432306289673, "_step": 2, "_wandb": {"runtime": 38}}