{"best_f": 114.24511329359034, "f_hat_x": 8.528938725346993, "f_x": 114.24511329359034, "f_res": 105.71617456824335, "sum_c_x": 14.953897294757844, "cum_costs": 906.4882908194865, "E_inv_c": 0.0668742997249135, "sum_Ec": 14.95343081433704, "inv_cost": 0.06687219928617234, "E_c": {"0": 2.002470008993424, "1": 7.747426150452054, "2": 5.203534654891561}, "c_x": {"0": 2.002602026938403, "1": 7.747381822595185, "2": 5.203913445224255}, "c_res": {"0": 0.00013201794497907926, "1": 4.432785686958596e-05, "2": 0.0003787903326939457}, "inv_c_res": 2.100438741159394e-06, "eta": 2.0, "_timestamp": 1683536726.6775417, "_runtime": 2899.033165693283, "_step": 49, "_wandb": {"runtime": 2898}}