{"best_f": 75.77182931789451, "f_hat_x": -0.17108485110750576, "f_x": 74.64731383836887, "f_res": 74.81839868947638, "sum_c_x": 176.5177690198036, "cum_costs": 11968.398255279786, "E_inv_c": 0.0038918875707105406, "sum_Ec": 256.94543229703805, "inv_cost": 0.003893463902439502, "E_c": {"0": 80.41998472337984, "1": 51.20907553036565, "2": 125.31637204329259}, "c_x": {"0": 0.10000000149011612, "1": 51.12637260032411, "2": 125.29139641798938}, "c_res": {"0": 0.0029477666567458982, "1": 0.08270293004154183, "2": 0.024975625303213178}, "inv_c_res": 1.5763317289612354e-06, "eta": 1.0, "_timestamp": 1683730370.6946342, "_runtime": 1572.5612201690674, "_step": 49, "_wandb": {"runtime": 1571}}