{"best_f": 76.48487460613319, "f_hat_x": 0.3127123353309493, "f_x": 75.06798566695382, "f_res": 74.75527333162287, "sum_c_x": 291.04630144242526, "cum_costs": 19403.33345739788, "E_inv_c": 0, "sum_Ec": 0, "inv_cost": 0.0034358794289568386, "E_c": {"0": 0}, "c_x": {"0": 98.17751291742285, "1": 46.813389502330914, "2": 146.05539902267154}, "c_res": {"0": 98.17751291742285}, "inv_c_res": 0.0034358794289568386, "eta": 1.0, "_timestamp": 1683729229.0288885, "_runtime": 430.906658411026, "_step": 49, "_wandb": {"runtime": 430}}