{"best_f": -2.6114052788525624, "f_hat_x": 6.045817192399638, "f_x": -3.185537246412804, "f_res": 9.231354438812442, "sum_c_x": 114.09737431897614, "cum_costs": 11414.872806211306, "E_inv_c": 0.0031223137026672727, "sum_Ec": 320.2759292397027, "inv_cost": 0.0031224807945511137, "E_c": {"0": 140.3528498721887, "1": 65.98615264747967, "2": 113.93692672003428}, "c_x": {"0": 0.10000000149011612, "1": 0.10000000149011612, "2": 113.8973743159959}, "c_res": {"0": 140.25284987069858, "1": 65.88615264598955, "2": 0.03955240403837479}, "inv_c_res": 1.670918838409495e-07, "eta": 1.0, "_timestamp": 1683678369.0466564, "_runtime": 1971.0182163715363, "_step": 49, "_wandb": {"runtime": 1970}}