{"best_f": -5.24754084120201, "f_hat_x": 6.8286161620495385, "f_x": -6.115926459080072, "f_res": 12.94454262112961, "sum_c_x": 357.678708381368, "cum_costs": 4565.577427895064, "E_inv_c": 0, "sum_Ec": 0, "inv_cost": 0.002795805220068535, "E_c": {"0": 0}, "c_x": {"0": 139.7728612584187, "1": 51.40212558438384, "2": 166.5037215385655}, "c_res": {"0": 139.7728612584187}, "inv_c_res": 0.002795805220068535, "eta": 1.0, "_timestamp": 1683822369.0417109, "_runtime": 39.88440179824829, "_step": 2, "_wandb": {"runtime": 39}}