{"best_f": -6.48361375842569, "f_hat_x": 0.06255462558011553, "f_x": -27.980428741711698, "f_res": 28.042983367291814, "sum_c_x": 72.4747452762733, "cum_costs": 3946.850329018969, "E_inv_c": 0, "sum_Ec": 0, "inv_cost": 0.013797909826216098, "E_c": {"0": 0}, "c_x": {"0": 2.0000000041636294, "1": 7.3541571366088485, "2": 63.120588135500824}, "c_res": {"0": 2.0000000041636294}, "inv_c_res": 0.013797909826216098, "eta": 1.0, "_timestamp": 1683662607.8216105, "_runtime": 195.1243133544922, "_step": 49, "_wandb": {"runtime": 194}}