{"best_f": 119.07658329637488, "f_hat_x": 9.1133174201165, "f_x": 118.91574503624452, "f_res": 109.80242761612801, "sum_c_x": 11.665876830972955, "cum_costs": 205.99362804743959, "E_inv_c": 0.08593047021602213, "sum_Ec": 11.63741186100503, "inv_cost": 0.0857200889816525, "E_c": {"0": 2.0000000024713795, "1": 7.655311189289928, "2": 1.982100669243723}, "c_x": {"0": 2.000000002488406, "1": 7.6553158073130065, "2": 2.0105610211715446}, "c_res": {"0": 1.70263803056514e-11, "1": 4.61802307860637e-06, "2": 0.02846035192782148}, "inv_c_res": 0.0002103812343696304, "eta": 1.0, "_timestamp": 1683568222.9986653, "_runtime": 62.92613625526428, "_step": 6}