{"best_f": -3.0982357292931852, "f_hat_x": 3.743364167872661, "f_x": -10.05977629219206, "f_res": 13.803140460064721, "sum_c_x": 297.37083660508927, "cum_costs": 19551.826737973115, "E_inv_c": 0, "sum_Ec": 0, "inv_cost": 0.0033628045420203987, "E_c": {"0": 0}, "c_x": {"0": 140.2122083486039, "1": 64.92754934190403, "2": 92.23107891458136}, "c_res": {"0": 140.2122083486039}, "inv_c_res": 0.0033628045420203987, "eta": 1.0, "_timestamp": 1683823077.8949678, "_runtime": 580.9219877719879, "_step": 49, "_wandb": {"runtime": 580}}