{"best_f": 125.65889197340154, "f_hat_x": 1.5537635594784494, "f_x": 108.50078132154212, "f_res": 106.94701776206367, "sum_c_x": 25.366492717038177, "cum_costs": 1474.0119593560187, "E_inv_c": 0, "sum_Ec": 0, "inv_cost": 0.03942208373679975, "E_c": {"0": 0}, "c_x": {"0": 2.561352532529135, "1": 7.0170131042735315, "2": 15.788127080235512}, "c_res": {"0": 2.561352532529135}, "inv_c_res": 0.03942208373679975, "eta": 5.0, "_timestamp": 1683642353.7259567, "_runtime": 935.5358917713165, "_step": 49, "_wandb": {"runtime": 934}}