{"best_f": -8.634007789068642, "f_hat_x": 8.316519170279703, "f_x": -8.634007789068642, "f_res": 16.950526959348345, "sum_c_x": 121.32742261782144, "cum_costs": 3965.9152612250564, "E_inv_c": 0.04555562793236463, "sum_Ec": 332.4550184900759, "inv_cost": 0.002992782116605442, "E_c": {"0": 140.09881649615446, "1": 72.92866713487336, "2": 119.42753485904807}, "c_x": {"0": 0.10000000149011612, "1": 0.10000000149011612, "2": 121.12742261484121}, "c_res": {"0": 0.02609387021325915, "1": 0.04374553563583561, "2": 1.6998877557931422}, "inv_c_res": 0.04256284581575919, "eta": 1.0, "_timestamp": 1683812733.884531, "_runtime": 53.88970708847046, "_step": 1}