{"best_f": -2.3468269115769314, "f_hat_x": -0.13031644233427933, "f_x": -10.998421547469889, "f_res": 10.868105105135609, "sum_c_x": 26.262618735486004, "cum_costs": 1013.0265383217683, "E_inv_c": 0, "sum_Ec": 0, "inv_cost": 0.038076933990166095, "E_c": {"0": 0}, "c_x": {"0": 9.059687566572295, "1": 8.42021021405467, "2": 8.782720954859041}, "c_res": {"0": 9.059687566572295}, "inv_c_res": 0.038076933990166095, "eta": 0.1352759542790559, "_timestamp": 1683499313.350726, "_runtime": 6248.143747806549, "_step": 49, "_wandb": {"runtime": 6247}}