{"best_f": -1.767256881264543, "f_hat_x": -0.4968126934034467, "f_x": -1.7813267294871427, "f_res": 1.284514036083696, "sum_c_x": 345.9046956680099, "cum_costs": 17762.909548169435, "E_inv_c": 0, "sum_Ec": 0, "inv_cost": 0.002890969716582782, "E_c": {"0": 0}, "c_x": {"0": 131.3204121536539, "1": 89.64223742367707, "2": 124.94204609067891}, "c_res": {"0": 131.3204121536539}, "inv_c_res": 0.002890969716582782, "eta": 1.0, "_timestamp": 1683687907.6551669, "_runtime": 366.7247178554535, "_step": 49, "_wandb": {"runtime": 366}}