{"best_f": -1.9344836725229557, "f_hat_x": 5.826160749883784, "f_x": -4.281136940697338, "f_res": 10.107297690581122, "sum_c_x": 371.90966125453343, "cum_costs": 10051.914363157712, "E_inv_c": 0.07381806380693746, "sum_Ec": 369.9839498467319, "inv_cost": 0.0026888250136519153, "E_c": {"0": 140.3303424758764, "1": 78.37382113492632, "2": 151.27978623592918}, "c_x": {"0": 140.05198280548439, "1": 77.09369038164004, "2": 154.763988067409}, "c_res": {"0": 0.2783596703920068, "1": 1.2801307532862722, "2": 3.4842018314798224}, "inv_c_res": 0.07112923879328555, "eta": 0.2570243131302062, "_timestamp": 1683862625.766861, "_runtime": 3582.018147945404, "_step": 39, "_wandb": {"runtime": 3581}}