{"best_f": -3.6315268169553105, "f_hat_x": -1.5543126900575193, "f_x": -26.457698808138947, "f_res": 24.90338611808143, "sum_c_x": 14.248045071554708, "cum_costs": 594.2636911750163, "E_inv_c": 0.07078692069141142, "sum_Ec": 14.147654353573685, "inv_cost": 0.07018506714275032, "E_c": {"0": 8.814959548735201, "1": 1.2466457906498076, "2": 4.086049014188675}, "c_x": {"0": 8.814588882543935, "1": 1.4144418444098044, "2": 4.0190143446009685}, "c_res": {"0": 0.0003706661912659115, "1": 0.16779605375999673, "2": 0.06703466958770665}, "inv_c_res": 0.0006018535486611021, "eta": 0.99, "_timestamp": 1683478443.2712915, "_runtime": 917.5614514350891, "_step": 15}