{"best_f": 230.97146290827095, "f_hat_x": -9.669642098032021, "f_x": 60.0423282392171, "f_res": 69.71197033724911, "sum_c_x": 49.59649582152987, "cum_costs": 6446.228195449255, "E_inv_c": 0, "sum_Ec": 0, "inv_cost": 0.020162714793368515, "E_c": {"0": 0}, "c_x": {"0": 21.37886854787092, "1": 16.07675047573608, "2": 12.140876797922875}, "c_res": {"0": 21.37886854787092}, "inv_c_res": 0.020162714793368515, "eta": 1.0, "_timestamp": 1683769160.3999333, "_runtime": 295.34237122535706, "_step": 49, "_wandb": {"runtime": 294}}