{"best_f": -10.937369017301837, "f_hat_x": 5.494325473832987, "f_x": -10.952986765808333, "f_res": 16.44731223964132, "sum_c_x": 96.41137795985966, "cum_costs": 9621.636721958484, "E_inv_c": 0, "sum_Ec": 0, "inv_cost": 0.0035019861219894133, "E_c": {"0": 0}, "c_x": {"0": 0.10000000149011612, "1": 0.10000000149011612, "2": 96.21137795687943}, "c_res": {"0": 150.72513861446396}, "inv_c_res": 0.0035019861219894133, "eta": 4.0, "_timestamp": 1683831663.6189754, "_runtime": 2099.429741382599, "_step": 49, "_wandb": {"runtime": 2097}}