{"best_f": -2.9919112038917017, "f_hat_x": 0.8816187368002195, "f_x": -3.1403340783086158, "f_res": 4.021952815108835, "sum_c_x": 16.795457970834747, "cum_costs": 974.6800944494428, "E_inv_c": 0, "sum_Ec": 0, "inv_cost": 0.05953990666622467, "E_c": {"0": 0}, "c_x": {"0": 3.3703181595011626, "1": 8.678757459437506, "2": 4.746382351896077}, "c_res": {"0": 3.3703181595011626}, "inv_c_res": 0.05953990666622467, "eta": 0.8, "_timestamp": 1683371792.18543, "_runtime": 4255.053144931793, "_step": 49, "_wandb": {"runtime": 4252}}