{"best_f": -1.0146239389198057, "f_hat_x": 3.9051082974475273, "f_x": -1.1991224312434623, "sum_c_x": 94.66278131931186, "cum_costs": 7214.181216193455, "E_inv_c": 0, "sum_Ec": 0, "inv_cost": 0.010563813845980808, "E_c": {"0": 0}, "c_x": {"0": 20.009729951039024, "1": 43.665772581732, "2": 30.987278786540845}, "c_res": {"0": 20.009729951039024}, "inv_c_res": 0.010563813845980808, "_timestamp": 1683280881.008881, "_runtime": 4188.964639186859, "_step": 49, "_wandb": {"runtime": 4188}}