{"best_f": -1.2180987505514351, "f_hat_x": 7.757194232049014, "f_x": -4.323582480694135, "f_res": 12.080776712743148, "sum_c_x": 358.5684087017604, "cum_costs": 17457.966398770153, "E_inv_c": 0, "sum_Ec": 0, "inv_cost": 0.002788868109214136, "E_c": {"0": 0}, "c_x": {"0": 141.56852602153248, "1": 69.99515285943053, "2": 147.0047298207974}, "c_res": {"0": 141.56852602153248}, "inv_c_res": 0.002788868109214136, "eta": 1.0, "_timestamp": 1683845394.7899382, "_runtime": 718.4725391864777, "_step": 39, "_wandb": {"runtime": 717}}