{"best_f": 75.16278878310746, "f_hat_x": 0.15599391608521074, "f_x": 75.16278878310746, "f_res": 75.00679486702225, "sum_c_x": 243.40527681967228, "cum_costs": 18963.71078252257, "E_inv_c": 0, "sum_Ec": 0, "inv_cost": 0.004108374366677571, "E_c": {"0": 0}, "c_x": {"0": 67.62969801350158, "1": 52.09572948023937, "2": 123.67984932593131}, "c_res": {"0": 67.62969801350158}, "inv_c_res": 0.004108374366677571, "eta": 0.07694497527671314, "_timestamp": 1683744198.6070461, "_runtime": 398.67633605003357, "_step": 49, "_wandb": {"runtime": 397}}