{"best_f": -6.133033478839962, "f_hat_x": 5.091986169703286, "f_x": -6.133033487873762, "f_res": 11.225019657577048, "sum_c_x": 93.18707649439844, "cum_costs": 8879.686186602903, "E_inv_c": 0, "sum_Ec": 0, "inv_cost": 0.0036123671540782636, "E_c": {"0": 0}, "c_x": {"0": 0.10000000149011612, "1": 0.10000000149011612, "2": 92.98707649141821}, "c_res": {"0": 141.9879074543904}, "inv_c_res": 0.0036123671540782636, "eta": 2.0, "_timestamp": 1683684625.5160556, "_runtime": 607.0899286270142, "_step": 49, "_wandb": {"runtime": 606}}