{"best_f": -3.8811352434559687, "f_hat_x": 1.0889344644414563, "f_x": -12.188180144673897, "f_res": 13.277114609115353, "sum_c_x": 178.8559616156117, "cum_costs": 8482.598288386725, "E_inv_c": 0, "sum_Ec": 0, "inv_cost": 0.00559109123882127, "E_c": {"0": 0}, "c_x": {"0": 88.20547714643567, "1": 61.6158498531445, "2": 29.034634616031525}, "c_res": {"0": 88.20547714643567}, "inv_c_res": 0.00559109123882127, "eta": 0.1352759542790559, "_timestamp": 1683314022.0854251, "_runtime": 4338.000653028488, "_step": 49, "_wandb": {"runtime": 4337}}