{"best_f": 53.912320156774044, "f_hat_x": 0.9197938344809717, "f_x": 28.099424982060313, "f_res": 27.179631147579343, "sum_c_x": 16.910528166953316, "cum_costs": 1091.4286739679917, "E_inv_c": 0, "sum_Ec": 0, "inv_cost": 0.059134758543746, "E_c": {"0": 0}, "c_x": {"0": 2.6755938101354033, "1": 0.04139319242351036, "2": 14.193541164394404}, "c_res": {"0": 2.6755938101354033}, "inv_c_res": 0.059134758543746, "eta": 2.0, "_timestamp": 1683635016.082857, "_runtime": 6357.342175960541, "_step": 49, "_wandb": {"runtime": 6356}}