{"best_f": -5.783231238581754, "f_hat_x": 6.01282182489155, "f_x": -5.783231238581754, "f_res": 11.796053063473305, "sum_c_x": 96.57107049831801, "cum_costs": 4031.6556109762478, "E_inv_c": 0.1024263782727494, "sum_Ec": 273.21835041416574, "inv_cost": 0.0036657538037270427, "E_c": {"0": 140.03420045583363, "1": 36.394640477698225, "2": 96.7895094806339}, "c_x": {"0": 0.10000000149011612, "1": 0.10000000149011612, "2": 96.37107049533778}, "c_res": {"0": 0.001533730074243067, "1": 0.0031891666903121063, "2": 0.41843898529612034}, "inv_c_res": 0.09876062446902237, "eta": 1.0, "_timestamp": 1683812587.3600576, "_runtime": 73.81190061569214, "_step": 2, "_wandb": {"runtime": 73}}