{"best_f": -5.433472272373226, "f_hat_x": 4.912973874461419, "f_x": -5.43994878824234, "f_res": 10.352922662703758, "sum_c_x": 9.244894203488602, "cum_costs": 1448.0934775401272, "E_inv_c": 0, "sum_Ec": 0, "inv_cost": 0.03627383459241687, "E_c": {"0": 0}, "c_x": {"0": 0.10000000149011612, "1": 0.10000000149011612, "2": 9.04489420050837}, "c_res": {"0": 9.061569613610859}, "inv_c_res": 0.03627383459241687, "eta": 1.0, "_timestamp": 1683768558.4582565, "_runtime": 5086.588486433029, "_step": 49, "_wandb": {"runtime": 5085}}