{"best_f": -4.777319055358365, "f_hat_x": 4.7536144188139735, "f_x": -4.777319055358365, "f_res": 9.53093347417234, "sum_c_x": 117.24090281221297, "cum_costs": 5461.193052693791, "E_inv_c": 0.07296418135877326, "sum_Ec": 312.02402805612144, "inv_cost": 0.003204710758900639, "E_c": {"0": 140.47805868348374, "1": 54.523021252544034, "2": 117.0229481200937}, "c_x": {"0": 0.10000000149011612, "1": 0.10000000149011612, "2": 117.04090280923273}, "c_res": {"0": 7.02254677662495e-05, "1": 0.0012713409784339547, "2": 0.017954689139031643}, "inv_c_res": 0.06975947059987263, "eta": 0.6276211921800003, "_timestamp": 1683837129.8653667, "_runtime": 377.313170671463, "_step": 10}