{"best_f": -7.058875235332666, "f_hat_x": 9.60141888233436, "f_x": -7.058875242746496, "f_res": 16.660294125080856, "sum_c_x": 95.11774875413451, "cum_costs": 4019.140443445687, "E_inv_c": 0, "sum_Ec": 0, "inv_cost": 0.0034747423522472265, "E_c": {"0": 0}, "c_x": {"0": 0.10000000149011612, "1": 0.10000000149011612, "2": 94.91774875115428}, "c_res": {"0": 141.48192563253716}, "inv_c_res": 0.0034747423522472265, "eta": 1.0, "_timestamp": 1683682187.2381952, "_runtime": 18.745564222335815, "_step": 4}