{"best_f": 190.06437224546065, "f_hat_x": -0.3444696471106046, "f_x": 142.38515116749676, "f_res": 142.72962081460736, "sum_c_x": 25.588530466648404, "cum_costs": 1509.7894591150489, "E_inv_c": 0.03892668964862668, "sum_Ec": 25.692335595474034, "inv_cost": 0.03908000896352296, "E_c": {"0": 2.0000138650687047, "1": 8.36854426435203, "2": 15.323777466053302}, "c_x": {"0": 2.0000143685109517, "1": 8.368547831578914, "2": 15.219968266558539}, "c_res": {"0": 5.034422470018285e-07, "1": 3.5672268836606236e-06, "2": 0.10380919949476386}, "inv_c_res": 0.00015331931489628164, "eta": 8.0, "_timestamp": 1683590559.2643492, "_runtime": 1014.1631152629852, "_step": 49, "_wandb": {"runtime": 1013}}