{"best_f": 114.59948447792354, "f_hat_x": 6.840041203446155, "f_x": 114.56580861027808, "f_res": 107.72576740683192, "sum_c_x": 14.343232766187215, "cum_costs": 883.7591676256224, "E_inv_c": 0, "sum_Ec": 0, "inv_cost": 0.0697192896679055, "E_c": {"0": 0}, "c_x": {"0": 2.0000000000611093, "1": 7.779571263589051, "2": 4.563661502537055}, "c_res": {"0": 2.0000000000611093}, "inv_c_res": 0.0697192896679055, "eta": 1.0, "_timestamp": 1683539218.4371564, "_runtime": 5390.948598384857, "_step": 49, "_wandb": {"runtime": 5390}}