{"best_f": -4.914262843776171, "f_hat_x": -0.27158857611823806, "f_x": -4.979014193251476, "f_res": 4.7074256171332385, "sum_c_x": 52.4910150317323, "cum_costs": 5957.259165030402, "E_inv_c": 0, "sum_Ec": 0, "inv_cost": 0.0038370310473673313, "E_c": {"0": 0}, "c_x": {"0": 0.10000000149011612, "1": 0.10000000149011612, "2": 52.29101502875207}, "c_res": {"0": 172.02553220945316}, "inv_c_res": 0.0038370310473673313, "eta": 1.0, "_timestamp": 1683868358.2308638, "_runtime": 4760.985618829727, "_step": 39, "_wandb": {"runtime": 4760}}