{"best_f": 193.7808909849349, "f_hat_x": 3.5372885260912903, "f_x": 193.7808909849349, "f_res": 190.2436024588436, "sum_c_x": 25.78826903675499, "cum_costs": 824.6192509532164, "E_inv_c": 0, "sum_Ec": 0, "inv_cost": 0.038777321524555985, "E_c": {"0": 0}, "c_x": {"0": 2.0003079987621026, "1": 7.7918965216564775, "2": 15.99606451633641}, "c_res": {"0": 2.0003079987621026}, "inv_c_res": 0.038777321524555985, "eta": 1.0, "_timestamp": 1683588238.208886, "_runtime": 465.02628993988037, "_step": 21}