{"best_f": -0.6450977340952829, "f_hat_x": -1.1954033210409563, "f_x": -5.0282444100649535, "f_res": 3.8328410890239972, "sum_c_x": 7.364578701759294, "cum_costs": 684.8975948377381, "E_inv_c": 0.13534606487324216, "sum_Ec": 7.393364854403607, "inv_cost": 0.13578509246715145, "E_c": {"0": 2.0368067374071286, "1": 0.21249687261664696, "2": 5.144061244379831}, "c_x": {"0": 2.0366531076740992, "1": 0.18118852935281926, "2": 5.146737064732376}, "c_res": {"0": 0.0001536297330293479, "1": 0.0313083432638277, "2": 0.0026758203525449886}, "inv_c_res": 0.00043902759390929136, "eta": 2.0, "_timestamp": 1683412270.77678, "_runtime": 5299.5973579883575, "_step": 49, "_wandb": {"runtime": 5298}}