{"best_f": -3.787657134036601, "f_hat_x": 5.954129662699921, "f_x": -3.787657134036601, "f_res": 9.741786796736521, "sum_c_x": 313.19996497009146, "cum_costs": 14352.479525318959, "E_inv_c": 0, "sum_Ec": 0, "inv_cost": 0.00319284837753891, "E_c": {"0": 0}, "c_x": {"0": 140.05689913494834, "1": 67.85544020568656, "2": 105.28762562945654}, "c_res": {"0": 140.05689913494834}, "inv_c_res": 0.00319284837753891, "eta": 1.0, "_timestamp": 1683841186.573039, "_runtime": 139.29551911354065, "_step": 39, "_wandb": {"runtime": 138}}