{"best_f": -2.3963360483265777, "f_hat_x": 0.6906084595058947, "f_x": -3.8045569798558967, "f_res": 4.4951654393617915, "sum_c_x": 8.839343363229377, "cum_costs": 782.9405783900472, "E_inv_c": 0.11303975051830925, "sum_Ec": 8.847782651697813, "inv_cost": 0.11313057530493519, "E_c": {"0": 3.4115370186907312, "1": 0.9356990371026646, "2": 4.500546595904416}, "c_x": {"0": 3.4113756644673865, "1": 0.9267754583813287, "2": 4.501192240380662}, "c_res": {"0": 0.00016135422334473404, "1": 0.008923578721335867, "2": 0.0006456444762452662}, "inv_c_res": 9.08247866259343e-05, "eta": 2.0, "_timestamp": 1683417635.967388, "_runtime": 4967.736881017685, "_step": 49, "_wandb": {"runtime": 4966}}