{"best_f": -2.039125141667012, "f_hat_x": 1.385481850715799, "f_x": -17.676512213876414, "f_res": 19.061994064592213, "sum_c_x": 184.14255602543338, "cum_costs": 5202.467373249836, "E_inv_c": 0.005574748607770253, "sum_Ec": 180.2300409523394, "inv_cost": 0.005430575210772474, "E_c": {"0": 77.63314805138528, "1": 70.6726113220352, "2": 31.92428157891894}, "c_x": {"0": 81.59203316943236, "1": 70.7299412819512, "2": 31.820581574049836}, "c_res": {"0": 3.9588851180470783, "1": 0.05732995991600376, "2": 0.10370000486910413}, "inv_c_res": 0.0001441733969977793, "eta": 7.629394531250003e-40, "_timestamp": 1683296671.3770494, "_runtime": 2242.1146054267883, "_step": 27}