{"best_f": -1.2279543714770464, "f_hat_x": -0.5795232849188464, "f_x": -5.3910117784784735, "f_res": 4.811488493559627, "sum_c_x": 15.226700995822833, "cum_costs": 655.1992046174238, "E_inv_c": 0, "sum_Ec": 0, "inv_cost": 0.06567410762674933, "E_c": {"0": 0}, "c_x": {"0": 2.7369963990120487, "1": 6.9999532043985075, "2": 5.489751392412277}, "c_res": {"0": 2.7369963990120487}, "inv_c_res": 0.06567410762674933, "eta": 1.6, "_timestamp": 1683395722.753451, "_runtime": 5933.241807222366, "_step": 49, "_wandb": {"runtime": 5932}}