{"best_f": -8.07128461942246, "f_hat_x": 9.900542977957697, "f_x": -8.682844679743644, "f_res": 18.58338765770134, "sum_c_x": 362.9152755953971, "cum_costs": 4576.46134681219, "E_inv_c": 0, "sum_Ec": 0, "inv_cost": 0.0027554640635046425, "E_c": {"0": 0}, "c_x": {"0": 146.27122465712915, "1": 71.77749927200523, "2": 144.8665516662627}, "c_res": {"0": 146.27122465712915}, "inv_c_res": 0.0027554640635046425, "eta": 1.0, "_timestamp": 1683822362.206493, "_runtime": 33.09951090812683, "_step": 2, "_wandb": {"runtime": 31}}