{"best_f": -3.9204307398319345, "f_hat_x": 3.9653686210643144, "f_x": -7.970542813993963, "f_res": 11.935911435058276, "sum_c_x": 68.44581870144917, "cum_costs": 2413.1724713929166, "E_inv_c": 0, "sum_Ec": 0, "inv_cost": 0.014610096262590654, "E_c": {"0": 0}, "c_x": {"0": 2.0029251315664034, "1": 1.093130317871625, "2": 65.34976325201114}, "c_res": {"0": 2.0029251315664034}, "inv_c_res": 0.014610096262590654, "eta": 1.0, "_timestamp": 1683668154.5031552, "_runtime": 225.32896327972412, "_step": 29}