{"best_f": -2.975339377271432, "f_hat_x": 0.06795305600434705, "f_x": -5.2556413233593675, "f_res": 5.323594379363715, "sum_c_x": 19.542460671387655, "cum_costs": 758.2987078180388, "E_inv_c": 0.051176141312621125, "sum_Ec": 19.54149019417583, "inv_cost": 0.051170628756291255, "E_c": {"0": 5.777200079543864, "1": 8.965794379146123, "2": 4.798495735485842}, "c_x": {"0": 5.775199290073965, "1": 8.965890381792821, "2": 4.801370999520869}, "c_res": {"0": 0.0020007894698990114, "1": 9.60026466980679e-05, "2": 0.0028752640350271363}, "inv_c_res": 5.512556329870244e-06, "eta": 0.6361854860638709, "_timestamp": 1683510616.9665537, "_runtime": 4820.638321638107, "_step": 44}