{"best_f": 110.62771578132295, "f_hat_x": 10.97851472054442, "f_x": 109.54394971929204, "f_res": 98.56543499874762, "sum_c_x": 15.151711978988814, "cum_costs": 872.4586413394676, "E_inv_c": 0.06599595659693819, "sum_Ec": 15.152519037178763, "inv_cost": 0.06599914263066248, "E_c": {"0": 2.000694848444125, "1": 7.48411119319602, "2": 5.667712995538619}, "c_x": {"0": 2.0008345044847102, "1": 7.48402878679515, "2": 5.666848687708952}, "c_res": {"0": 0.0001396560405853009, "1": 8.240640086931705e-05, "2": 0.00086430782966751}, "inv_c_res": 3.1860337242894943e-06, "eta": 1.0, "_timestamp": 1683537634.1580935, "_runtime": 3805.935500383377, "_step": 49, "_wandb": {"runtime": 3805}}