{"best_f": -5.457060345574982, "f_hat_x": 7.801813900470976, "f_x": -5.457060345574982, "f_res": 13.25887424604596, "sum_c_x": 149.32357396593744, "cum_costs": 4555.178585437048, "E_inv_c": 0, "sum_Ec": 0, "inv_cost": 0.0034399074024617214, "E_c": {"0": 0}, "c_x": {"0": 0.10000000149011612, "1": 53.67458661210348, "2": 95.54898735234386}, "c_res": {"0": 141.48192563253716}, "inv_c_res": 0.0034399074024617214, "eta": 1.0, "_timestamp": 1683681253.4395041, "_runtime": 35.212385177612305, "_step": 8}