{"best_f": -5.12675104758412, "f_hat_x": 2.141369720754413, "f_x": -5.12675104758412, "f_res": 7.268120768338534, "sum_c_x": 278.4516550676249, "cum_costs": 3995.5511025139363, "E_inv_c": 0, "sum_Ec": 0, "inv_cost": 0.0035912876860334677, "E_c": {"0": 0}, "c_x": {"0": 140.130523749198, "1": 39.66818144025473, "2": 98.65294987817218}, "c_res": {"0": 140.130523749198}, "inv_c_res": 0.0035912876860334677, "eta": 1.0, "_timestamp": 1683812544.6799378, "_runtime": 31.070761919021606, "_step": 0, "_wandb": {"runtime": 35}}