{"best_f": -5.24013825915511, "f_hat_x": 6.06628849756037, "f_x": -5.24013825915511, "f_res": 11.30642675671548, "sum_c_x": 346.24436678501866, "cum_costs": 3841.85732256558, "E_inv_c": 0, "sum_Ec": 0, "inv_cost": 0.002888133630260315, "E_c": {"0": 0}, "c_x": {"0": 140.06022174350255, "1": 38.26202105644443, "2": 167.9221239850717}, "c_res": {"0": 140.06022174350255}, "inv_c_res": 0.002888133630260315, "eta": 1.0, "_timestamp": 1683675477.7296813, "_runtime": 6.281408309936523, "_step": 0, "_wandb": {"runtime": 6}}