{"best_f": 108.98286348255152, "f_hat_x": 1.0881026350716438, "f_x": -117.58201093779044, "f_res": 118.67011357286209, "sum_c_x": 25.18604978489467, "cum_costs": 372.0940452016073, "E_inv_c": 0.04053291171868655, "sum_Ec": 24.691942410522444, "inv_cost": 0.0397045193089291, "E_c": {"0": 2.2127438744947208, "1": 7.015203501303576, "2": 15.463995034724144}, "c_x": {"0": 2.212803117157458, "1": 7.015208972495559, "2": 15.958037695241652}, "c_res": {"0": 5.924266273726886e-05, "1": 5.4711919830197075e-06, "2": 0.49404266051750767}, "inv_c_res": 0.0008283924097574544, "eta": 1.0, "_timestamp": 1683635479.0286164, "_runtime": 61.104347467422485, "_step": 4}