{"best_f": -1.218235046110685, "f_hat_x": 6.826600300280748, "f_x": -1.245170491881039, "f_res": 8.071770792161786, "sum_c_x": 27.1496940034162, "cum_costs": 2437.8496480648637, "E_inv_c": 0, "sum_Ec": 0, "inv_cost": 0.03683282765080784, "E_c": {"0": 0}, "c_x": {"0": 9.041748835344473, "1": 9.045941329721577, "2": 9.062003838350153}, "c_res": {"0": 9.041748835344473}, "inv_c_res": 0.03683282765080784, "eta": 1.0, "_timestamp": 1683764085.5457635, "_runtime": 613.6321704387665, "_step": 49, "_wandb": {"runtime": 612}}