{"best_f": -2.1975295620745907, "f_hat_x": 0.09948067093305457, "f_x": -6.083160134160871, "f_res": 6.182640805093926, "sum_c_x": 14.598017470301478, "cum_costs": 904.8079200108817, "E_inv_c": 0.07513705461109296, "sum_Ec": 13.318636108248255, "inv_cost": 0.06850245261278948, "E_c": {"0": 8.069546977129285, "1": 1.0816929845174705, "2": 4.167396146601499}, "c_x": {"0": 8.069895237964708, "1": 2.3607320552649353, "2": 4.167390177071834}, "c_res": {"0": 0.00034826083542327524, "1": 1.2790390707474648, "2": 5.969529665250661e-06}, "inv_c_res": 0.006634601998303485, "eta": 2.0, "_timestamp": 1683417323.317375, "_runtime": 4654.800400018692, "_step": 49, "_wandb": {"runtime": 4654}}