{"best_f": 118.00507784191954, "f_hat_x": 8.599337698649654, "f_x": 61.46719303732887, "f_res": 52.86785533867921, "sum_c_x": 11.070468811457271, "cum_costs": 173.65503132564245, "E_inv_c": 0.08950806319670818, "sum_Ec": 11.17727257661139, "inv_cost": 0.0903304112076139, "E_c": {"0": 2.0000000000128106, "1": 7.0660646180115165, "2": 2.1112079585870624}, "c_x": {"0": 2.000000000006928, "1": 7.06605463535945, "2": 2.0044141760908936}, "c_res": {"0": 5.8828497628837795e-12, "1": 9.982652066753417e-06, "2": 0.10679378249616889}, "inv_c_res": 0.0008223480109057213, "eta": 1.0, "_timestamp": 1683569858.1856031, "_runtime": 27.800924062728882, "_step": 3}