{"best_f": -6.29478915967815, "f_hat_x": 1.131618901174327, "f_x": -18.395732800172365, "f_res": 19.527351701346692, "sum_c_x": 4.189073089710249, "cum_costs": 332.9568018458212, "E_inv_c": 0, "sum_Ec": 0, "inv_cost": 0.23871629321921628, "E_c": {"0": 0}, "c_x": {"0": 2.0594714041568487, "1": 0.08894592765265719, "2": 2.0406557579007423}, "c_res": {"0": 2.0594714041568487}, "inv_c_res": 0.23871629321921628, "eta": 1.0, "_timestamp": 1683515277.4132397, "_runtime": 4484.382422685623, "_step": 49, "_wandb": {"runtime": 4483}}