{"best_f": 2.105348692159167, "f_hat_x": 10.219173549569383, "f_x": 2.0212079394620055, "f_res": 8.197965610107378, "sum_c_x": 356.8674892967246, "cum_costs": 12728.159118482206, "E_inv_c": 0.07643512809300232, "sum_Ec": 354.9001337440631, "inv_cost": 0.0028021605497622957, "E_c": {"0": 140.1228431205475, "1": 62.96457878939245, "2": 151.81271183412318}, "c_x": {"0": 140.11480218647839, "1": 64.9399444515076, "2": 151.8127426587386}, "c_res": {"0": 0.008040934069100558, "1": 1.975365662115152, "2": 3.082461543613135e-05}, "inv_c_res": 0.07363296754324003, "eta": 1.0, "_timestamp": 1683847806.9967875, "_runtime": 3130.7087836265564, "_step": 39, "_wandb": {"runtime": 3130}}