{"best_f": -8.493956318752081, "f_hat_x": -2.511159656549474, "f_x": -48.23502632567248, "f_res": 45.723866669123005, "sum_c_x": 82.4160331891263, "cum_costs": 4034.540812059135, "E_inv_c": 0, "sum_Ec": 0, "inv_cost": 0.01213356141159117, "E_c": {"0": 0}, "c_x": {"0": 2.001685039117575, "1": 8.01068667246545, "2": 72.40366147754327}, "c_res": {"0": 2.001685039117575}, "inv_c_res": 0.01213356141159117, "eta": 1.0, "_timestamp": 1683662582.001025, "_runtime": 169.28314185142517, "_step": 49, "_wandb": {"runtime": 168}}