{"best_f": -10.353200185915387, "f_hat_x": -0.13231113928566873, "f_x": -32.17032650945103, "f_res": 32.03801537016536, "sum_c_x": 13.100767850613018, "cum_costs": 236.016627290659, "E_inv_c": 0.07632890808130777, "sum_Ec": 13.105387252417101, "inv_cost": 0.07633140373166811, "E_c": {"0": 8.627768379682273, "1": 2.1058771824304188, "2": 2.371741690304409}, "c_x": {"0": 8.628942818802326, "1": 2.1057551352215573, "2": 2.366069896589134}, "c_res": {"0": 0.0011744391200529947, "1": 0.00012204720886144216, "2": 0.00567179371527482}, "inv_c_res": 2.4956503603401625e-06, "eta": 0.01, "_timestamp": 1683477133.499273, "_runtime": 135.23210501670837, "_step": 2}