{"best_f": 156.97939495805252, "f_hat_x": 1.2331941786662697, "f_x": -3.1966360144944588, "f_res": 4.429830193160728, "sum_c_x": 26.271572749396256, "cum_costs": 1483.9901094616393, "E_inv_c": 0, "sum_Ec": 0, "inv_cost": 0.03806395641170668, "E_c": {"0": 0}, "c_x": {"0": 2.8258216106429446, "1": 7.446114078138482, "2": 15.99963706061483}, "c_res": {"0": 2.8258216106429446}, "inv_c_res": 0.03806395641170668, "eta": 4.0, "_timestamp": 1683642344.147558, "_runtime": 925.8854560852051, "_step": 49, "_wandb": {"runtime": 924}}