{"best_f": -8.634007789068642, "f_hat_x": 9.098321504222971, "f_x": -8.63400892719666, "f_res": 17.732330431419633, "sum_c_x": 123.08582541696411, "cum_costs": 4089.0010866420207, "E_inv_c": 0.045445132684668633, "sum_Ec": 338.9834442185162, "inv_cost": 0.002977114999941543, "E_c": {"0": 140.11897984604553, "1": 72.88514252462888, "2": 125.97932184784176}, "c_x": {"0": 0.10000000149011612, "1": 0.10000000149011612, "2": 122.88582541398388}, "c_res": {"0": 0.00593052032218111, "1": 0.00022092539134632716, "2": 3.0934964338578794}, "inv_c_res": 0.04246801768472709, "eta": 1.0, "_timestamp": 1683813784.7587729, "_runtime": 73.49134874343872, "_step": 2, "_wandb": {"runtime": 72}}