{"best_f": -0.7856166900800085, "f_hat_x": -1.2601398724743749, "f_x": -13.05624968571991, "f_res": 11.796109813245536, "sum_c_x": 25.25689629044887, "cum_costs": 822.4464449454508, "E_inv_c": 0, "sum_Ec": 0, "inv_cost": 0.039593146699428754, "E_c": {"0": 0}, "c_x": {"0": 9.848526768161605, "1": 8.947276476563475, "2": 6.461093045723792}, "c_res": {"0": 9.848526768161605}, "inv_c_res": 0.039593146699428754, "eta": 0.6, "_timestamp": 1683377148.8875446, "_runtime": 4377.401539564133, "_step": 49, "_wandb": {"runtime": 4375}}