{"best_f": -3.8811352434559687, "f_hat_x": 1.1986282724834736, "f_x": -30.756344936440208, "f_res": 31.954973208923683, "sum_c_x": 129.08878234402897, "cum_costs": 8896.694853920302, "E_inv_c": 0.007746619013982971, "sum_Ec": 129.0890220955866, "inv_cost": 0.007746606497030416, "E_c": {"0": 50.42709039348278, "1": 48.39752597000582, "2": 30.264405732098005}, "c_x": {"0": 50.42677772741088, "1": 48.39722929407673, "2": 30.264775322541382}, "c_res": {"0": 0.00031266607189905926, "1": 0.0002966759290927712, "2": 0.0003695904433769215}, "inv_c_res": 1.2516952555170768e-08, "eta": 0.1352759542790559, "_timestamp": 1683313455.7403338, "_runtime": 3771.2836258411407, "_step": 49, "_wandb": {"runtime": 3770}}