{"best_f": 191.17771348030038, "f_hat_x": 3.22128083835411, "f_x": 190.95038140034865, "f_res": 187.72910056199453, "sum_c_x": 25.662934210495408, "cum_costs": 1528.65941910019, "E_inv_c": 0.03896673236752403, "sum_Ec": 25.662917056574873, "inv_cost": 0.03896670551378449, "E_c": {"0": 2.0004785789824093, "1": 7.665475020987336, "2": 15.996963456605128}, "c_x": {"0": 2.0004785934829554, "1": 7.665481911974325, "2": 15.996973705038126}, "c_res": {"0": 1.4500546097195866e-08, "1": 6.890986989027681e-06, "2": 1.0248432998238854e-05}, "inv_c_res": 2.685373953759118e-08, "eta": 8.0, "_timestamp": 1683590519.01174, "_runtime": 973.9320540428162, "_step": 49, "_wandb": {"runtime": 973}}