{"best_f": -1.5258683198092808, "f_hat_x": 4.273126511637489, "f_x": -8.063629829675966, "sum_c_x": 134.08519185107346, "cum_costs": 7279.233413925898, "E_inv_c": 0, "sum_Ec": 0, "inv_cost": 0.007457945103368954, "E_c": {"0": 0}, "c_x": {"0": 27.23945802823389, "1": 74.96697804965123, "2": 31.878755773188352}, "c_res": {"0": 27.23945802823389}, "inv_c_res": 0.007457945103368954, "_timestamp": 1683275699.911771, "_runtime": 4685.022228002548, "_step": 49, "_wandb": {"runtime": 4684}}