{"best_f": 182.08780138383065, "f_hat_x": 9.820955922956047, "f_x": 182.08780138383065, "f_res": 172.2668454608746, "sum_c_x": 76.5309912187888, "cum_costs": 3965.3079353274857, "E_inv_c": 0, "sum_Ec": 0, "inv_cost": 0.00630803397335606, "E_c": {"0": 0}, "c_x": {"0": 0.10000000149011612, "1": 0.10000000149011612, "2": 76.33099121580857}, "c_res": {"0": 18.68510078157243}, "inv_c_res": 0.00630803397335606, "eta": 1.0, "_timestamp": 1683770389.889744, "_runtime": 1522.0904710292816, "_step": 49, "_wandb": {"runtime": 1521}}