{"best_f": -2.5108541318611763, "f_hat_x": 7.874514766915899, "f_x": -2.8830551978245875, "f_res": 10.757569964740487, "sum_c_x": 27.711324168672228, "cum_costs": 1552.3174007606976, "E_inv_c": 0, "sum_Ec": 0, "inv_cost": 0.036086330408220055, "E_c": {"0": 0}, "c_x": {"0": 9.372219149188513, "1": 9.191458689773945, "2": 9.147646329709769}, "c_res": {"0": 9.372219149188513}, "inv_c_res": 0.036086330408220055, "eta": 1.0, "_timestamp": 1683806311.5518572, "_runtime": 36.49616718292236, "_step": 17}