{"best_f": -5.457060345574878, "f_hat_x": 6.64319519287417, "f_x": -5.457060345575011, "f_res": 12.100255538449181, "sum_c_x": 94.08265658907568, "cum_costs": 5405.722476584877, "E_inv_c": 0, "sum_Ec": 0, "inv_cost": 0.0034597387061599564, "E_c": {"0": 0}, "c_x": {"0": 0.10000000149011612, "1": 0.10000000149011612, "2": 93.88265658609545}, "c_res": {"0": 141.48192563253716}, "inv_c_res": 0.0034597387061599564, "eta": 1.0, "_timestamp": 1683681535.6153948, "_runtime": 110.10966086387634, "_step": 17}