{"best_f": -1.9489282126902934, "f_hat_x": 4.874499758174577, "f_x": -2.4012938044059196, "sum_c_x": 110.12434262124637, "cum_costs": 5990.716090219049, "E_inv_c": 0, "sum_Ec": 0, "inv_cost": 0.009080644444247237, "E_c": {"0": 0}, "c_x": {"0": 28.090176810412842, "1": 50.6431775414063, "2": 31.390988269427222}, "c_res": {"0": 28.090176810412842}, "inv_c_res": 0.009080644444247237, "_timestamp": 1683242229.2043486, "_runtime": 865.7158315181732, "_step": 39, "_wandb": {"runtime": 864}}