{"best_f": -1.594479726782939, "f_hat_x": 4.503206144859731, "f_x": -3.200460885022413, "f_res": 7.703667029882144, "sum_c_x": 10.646584564005403, "cum_costs": 784.8977926948369, "E_inv_c": 0, "sum_Ec": 0, "inv_cost": 0.09392683578364264, "E_c": {"0": 0}, "c_x": {"0": 2.000001271631528, "1": 4.868626305541623, "2": 3.777956986832252}, "c_res": {"0": 2.000001271631528}, "inv_c_res": 0.09392683578364264, "eta": 1, "_timestamp": 1683543843.336856, "_runtime": 2387.1009929180145, "_step": 49, "_wandb": {"runtime": 2386}}