{"best_f": 196.29309517406028, "f_hat_x": 2.372342728286057, "f_x": 194.09378942999678, "f_res": 191.7214467017107, "sum_c_x": 27.005582558739587, "cum_costs": 1545.5673685438267, "E_inv_c": 0, "sum_Ec": 0, "inv_cost": 0.03702938078913534, "E_c": {"0": 0}, "c_x": {"0": 3.2869579556013386, "1": 7.721951212891287, "2": 15.996673390246961}, "c_res": {"0": 3.2869579556013386}, "inv_c_res": 0.03702938078913534, "eta": 1.0, "_timestamp": 1683586826.2558477, "_runtime": 1677.3620297908783, "_step": 49, "_wandb": {"runtime": 1676}}