{"best_f": -2.7374394726051836, "f_hat_x": 0.5740610203883921, "f_x": -3.024249957837103, "f_res": 3.5983109782254954, "sum_c_x": 14.306542538257336, "cum_costs": 863.0494325553575, "E_inv_c": 0, "sum_Ec": 0, "inv_cost": 0.06989809014483306, "E_c": {"0": 0}, "c_x": {"0": 4.493292918633677, "1": 0.7072570932788128, "2": 9.105992526344846}, "c_res": {"0": 4.493292918633677}, "inv_c_res": 0.06989809014483306, "eta": 1.0, "_timestamp": 1683367144.6559799, "_runtime": 4867.377086877823, "_step": 49, "_wandb": {"runtime": 4866}}