{"best_f": -5.519553551387185, "f_hat_x": 7.147573357257586, "f_x": -5.519553551387185, "f_res": 12.667126908644772, "sum_c_x": 168.52053554245282, "cum_costs": 4019.297020538241, "E_inv_c": 0.0028190001460816506, "sum_Ec": 354.93337537616014, "inv_cost": 0.002811528528339608, "E_c": {"0": 140.2515234472022, "1": 47.12217139827809, "2": 167.55968053067983}, "c_x": {"0": 0.10000000149011612, "1": 0.10000000149011612, "2": 168.3205355394726}, "c_res": {"0": 0.0020727489156797674, "1": 0.013746437213043805, "2": 0.7608550087927597}, "inv_c_res": 7.4716177420426286e-06, "eta": 1.0, "_timestamp": 1683843487.8983197, "_runtime": 628.2016878128052, "_step": 1}