{"best_f": -3.080692384027498, "f_hat_x": -0.5363322228350793, "f_x": -5.9106062619363735, "f_res": 5.374274039101294, "sum_c_x": 124.89465453806324, "cum_costs": 11269.415013973045, "E_inv_c": 0.0033269395427638617, "sum_Ec": 300.57699522303255, "inv_cost": 0.0033268584315225566, "E_c": {"0": 85.9271884348231, "1": 89.95687611745926, "2": 124.69293067075023}, "c_x": {"0": 0.10000000149011612, "1": 0.10000000149011612, "2": 124.694654535083}, "c_res": {"0": 0.004087015289414353, "1": 0.001069220932066628, "2": 0.001723864332774383}, "inv_c_res": 8.111124130509573e-08, "eta": 1.0, "_timestamp": 1683689905.666527, "_runtime": 2364.72838306427, "_step": 49, "_wandb": {"runtime": 2363}}