{"best_f": 126.03683219669637, "f_hat_x": 8.665064553517999, "f_x": 126.03683219669637, "f_res": 117.37176764317837, "sum_c_x": 11.918359287735015, "cum_costs": 262.5885819649168, "E_inv_c": 0, "sum_Ec": 0, "inv_cost": 0.08390416632506484, "E_c": {"0": 0}, "c_x": {"0": 2.000000000083616, "1": 7.918290636681333, "2": 2.000068650970065}, "c_res": {"0": 2.000000000083616}, "inv_c_res": 0.08390416632506484, "eta": 1.0, "_timestamp": 1683566747.8141336, "_runtime": 415.61949467658997, "_step": 11}