{"best_f": -5.466855239464537, "f_hat_x": 0.5247710558259363, "f_x": -187.6283612844916, "f_res": 188.15313234031754, "sum_c_x": 17.787552984821115, "cum_costs": 283.01996521992055, "E_inv_c": 0, "sum_Ec": 0, "inv_cost": 0.05621908763129718, "E_c": {"0": 0}, "c_x": {"0": 8.795984142502189, "1": 0.0041749638369633635, "2": 8.987393878481964}, "c_res": {"0": 8.795984142502189}, "inv_c_res": 0.05621908763129718, "eta": 0.01, "_timestamp": 1683453223.9323113, "_runtime": 177.7848653793335, "_step": 3}