{"best_f": -7.164277827069349, "f_hat_x": 8.914338591702451, "f_x": -7.164277827069349, "f_res": 16.0786164187718, "sum_c_x": 287.2186957624394, "cum_costs": 4579.697783247972, "E_inv_c": 0, "sum_Ec": 0, "inv_cost": 0.0034816675054715348, "E_c": {"0": 0}, "c_x": {"0": 140.0036924744873, "1": 50.00815493162931, "2": 97.20684835632275}, "c_res": {"0": 140.0036924744873}, "inv_c_res": 0.0034816675054715348, "eta": 1.0, "_timestamp": 1683814509.792916, "_runtime": 55.32394194602966, "_step": 2, "_wandb": {"runtime": 54}}