{"best_f": 162.5658673318904, "f_hat_x": 1.0914623525770542, "f_x": -99.86436029466591, "f_res": 100.95582264724297, "sum_c_x": 18.535669840024262, "cum_costs": 1404.7538309177821, "E_inv_c": 0, "sum_Ec": 0, "inv_cost": 0.053950033024470996, "E_c": {"0": 0}, "c_x": {"0": 2.007426490057381, "1": 5.496909063781789, "2": 11.031334286185091}, "c_res": {"0": 2.007426490057381}, "inv_c_res": 0.053950033024470996, "eta": 1.0, "_timestamp": 1683640044.8279614, "_runtime": 4493.878286361694, "_step": 49, "_wandb": {"runtime": 4493}}