{"best_f": -8.493956318752081, "f_hat_x": 3.905940455362413, "f_x": -13.517846520683982, "f_res": 17.423786976046394, "sum_c_x": 95.64651648321947, "cum_costs": 5131.4764020943585, "E_inv_c": 0, "sum_Ec": 0, "inv_cost": 0.003189619111134559, "E_c": {"0": 0}, "c_x": {"0": 0.10000000149011612, "1": 0.10000000149011612, "2": 95.44651648023924}, "c_res": {"0": 147.680390347828}, "inv_c_res": 0.003189619111134559, "eta": 0.6973568802000003, "_timestamp": 1683837141.890414, "_runtime": 389.3843491077423, "_step": 9}