{"best_f": -20.153707325629547, "f_hat_x": 8.002526014500226, "f_x": -23.858037247452856, "f_res": 31.860563261953082, "sum_c_x": 33.48627610844311, "cum_costs": 1485.581673115158, "E_inv_c": 0, "sum_Ec": 0, "inv_cost": 0.02986298018810947, "E_c": {"0": 0}, "c_x": {"0": 9.180134607094613, "1": 12.711789224702425, "2": 11.594352276646067}, "c_res": {"0": 9.180134607094613}, "inv_c_res": 0.02986298018810947, "eta": 1.0, "_timestamp": 1683805079.987419, "_runtime": 45.51511478424072, "_step": 13}