{"best_f": -4.160866007956306, "f_hat_x": -0.8919078801112166, "f_x": -7.303835826476636, "f_res": 6.411927946365419, "sum_c_x": 10.719562903001066, "cum_costs": 589.0693140554629, "E_inv_c": 0, "sum_Ec": 0, "inv_cost": 0.09328738578697443, "E_c": {"0": 0}, "c_x": {"0": 2.2888803248680656, "1": 0.1030961410040998, "2": 8.3275864371289}, "c_res": {"0": 2.2888803248680656}, "inv_c_res": 0.09328738578697443, "eta": 3.0, "_timestamp": 1683394658.7896192, "_runtime": 4869.260675191879, "_step": 49, "_wandb": {"runtime": 4868}}