{"best_f": -2.960006053968141, "f_hat_x": 0.6067058095971282, "f_x": -3.304296660813106, "f_res": 3.911002470410234, "sum_c_x": 13.872707091682829, "cum_costs": 797.9731134109264, "E_inv_c": 0, "sum_Ec": 0, "inv_cost": 0.0720839842859174, "E_c": {"0": 0}, "c_x": {"0": 2.6035234933383693, "1": 2.1631910719996137, "2": 9.105992526344846}, "c_res": {"0": 2.6035234933383693}, "inv_c_res": 0.0720839842859174, "eta": 1.47412250850319, "_timestamp": 1683401555.8224137, "_runtime": 5183.015349626541, "_step": 49, "_wandb": {"runtime": 5182}}