{"best_f": 115.9968731969682, "f_hat_x": 6.619755375010274, "f_x": 115.9559873825312, "f_res": 109.33623200752093, "sum_c_x": 15.204365410429046, "cum_costs": 939.7856841273264, "E_inv_c": 0.06577179792650642, "sum_Ec": 15.204087287463725, "inv_cost": 0.06577058450029592, "E_c": {"0": 2.0000136293036666, "1": 7.746469976784469, "2": 5.457603681375589}, "c_x": {"0": 2.000000025637531, "1": 7.7465758058109175, "2": 5.457789578980597}, "c_res": {"0": 1.3603666135342252e-05, "1": 0.00010582902644884484, "2": 0.00018589760500820063}, "inv_c_res": 1.2134262104973592e-06, "eta": 1.0, "_timestamp": 1683538384.0885253, "_runtime": 4555.665819406509, "_step": 49, "_wandb": {"runtime": 4554}}