{"best_f": -3.613216327594145, "f_hat_x": 6.127792383505753, "f_x": -3.7062781566326586, "f_res": 9.834070540138411, "sum_c_x": 322.8793623546497, "cum_costs": 9516.134805600595, "E_inv_c": 0.08303658672362323, "sum_Ec": 321.3948977966637, "inv_cost": 0.003097131983621806, "E_c": {"0": 140.00814425694898, "1": 67.81658703223808, "2": 113.57016650747667}, "c_x": {"0": 140.00904767189581, "1": 69.79457976360808, "2": 113.07573491914577}, "c_res": {"0": 0.0009034149468334363, "1": 1.9779927313700085, "2": 0.4944315883308974}, "inv_c_res": 0.07993945474000141, "eta": 0.2570243131302062, "_timestamp": 1683862589.9441519, "_runtime": 3546.0947618484497, "_step": 39, "_wandb": {"runtime": 3545}}