{"best_f": -1.6461341403847825, "f_hat_x": -1.8320939909049712, "f_x": -104.8186180591498, "f_res": 102.98652406824483, "sum_c_x": 13.6861611885004, "cum_costs": 921.1875238204576, "E_inv_c": 0, "sum_Ec": 0, "inv_cost": 0.07306650756387668, "E_c": {"0": 0}, "c_x": {"0": 9.039641757798899, "1": 2.3518588844018944, "2": 2.2946605462996077}, "c_res": {"0": 9.039641757798899}, "inv_c_res": 0.07306650756387668, "eta": 0.6757290490602831, "_timestamp": 1683499456.068943, "_runtime": 6390.473936080933, "_step": 49, "_wandb": {"runtime": 6389}}