{"best_f": -1.4490882659862958, "f_hat_x": -0.5380096905279604, "f_x": -1.682573499619551, "f_res": 1.1445638090915904, "sum_c_x": 9.855133892996923, "cum_costs": 724.2192611675537, "E_inv_c": 0, "sum_Ec": 0, "inv_cost": 0.1014699557466796, "E_c": {"0": 0}, "c_x": {"0": 3.7052201665846782, "1": 1.6910787420869775, "2": 4.458834984325267}, "c_res": {"0": 3.7052201665846782}, "inv_c_res": 0.1014699557466796, "eta": 2.0, "_timestamp": 1683377422.186808, "_runtime": 4646.826808214188, "_step": 49, "_wandb": {"runtime": 4644}}