{"best_f": 76.98535050485731, "f_hat_x": 0.12879375287013486, "f_x": 76.98535050485731, "f_res": 76.85655675198717, "sum_c_x": 129.63631525868487, "cum_costs": 14632.122376333007, "E_inv_c": 0, "sum_Ec": 0, "inv_cost": 0.003503807114133038, "E_c": {"0": 0}, "c_x": {"0": 0.10000000149011612, "1": 0.10000000149011612, "2": 129.43631525570464}, "c_res": {"0": 108.80173749177499}, "inv_c_res": 0.003503807114133038, "eta": 0.07694497527671314, "_timestamp": 1683752030.8080459, "_runtime": 4625.861939907074, "_step": 49, "_wandb": {"runtime": 4624}}