{"best_f": -0.1522049560965042, "f_hat_x": 7.376515668945679, "f_x": -2.7355935994781593, "f_res": 10.112109268423838, "sum_c_x": 77.31573615581078, "cum_costs": 3879.9438584053287, "E_inv_c": 0.012930583970015246, "sum_Ec": 77.33642776986837, "inv_cost": 0.01293397760560343, "E_c": {"0": 16.303375120335026, "1": 55.11755029409924, "2": 5.915502355434095}, "c_x": {"0": 16.286235046372866, "1": 55.1145123883665, "2": 5.91498872107141}, "c_res": {"0": 0.01714007396216033, "1": 0.003037905732739432, "2": 0.0005136343626848117}, "inv_c_res": 3.393635588183619e-06, "eta": 1.9531250000000005e-21, "_timestamp": 1683296717.9399993, "_runtime": 2288.766777276993, "_step": 19}