{"best_f": 0.20705510787474846, "f_hat_x": -0.12088850337671586, "f_x": -16.507096910197795, "f_res": 16.38620840682108, "sum_c_x": 368.3675235758265, "cum_costs": 14312.321702843074, "E_inv_c": 0.002717753307356608, "sum_Ec": 367.9566201270753, "inv_cost": 0.002714680138717916, "E_c": {"0": 168.7642924827445, "1": 74.33782497300348, "2": 124.85450267132735}, "c_x": {"0": 168.82589255518837, "1": 74.68641951899562, "2": 124.85521150164251}, "c_res": {"0": 0.06160007244386634, "1": 0.34859454599214246, "2": 0.0007088303151618902}, "inv_c_res": 3.073168638691691e-06, "eta": 0.07694497527671314, "_timestamp": 1683720457.6983023, "_runtime": 4835.25604724884, "_step": 49, "_wandb": {"runtime": 4834}}