{"best_f": -1.5264605676324121, "f_hat_x": 7.204351667925001, "f_x": -4.045707887436331, "f_res": 11.250059555361332, "sum_c_x": 338.1033573523698, "cum_costs": 13636.034227464625, "E_inv_c": 0, "sum_Ec": 0, "inv_cost": 0.0029576754511721824, "E_c": {"0": 0}, "c_x": {"0": 139.99955756597979, "1": 42.843612860679045, "2": 155.26018692571097}, "c_res": {"0": 139.99955756597979}, "inv_c_res": 0.0029576754511721824, "eta": 1.0, "_timestamp": 1683676154.432271, "_runtime": 140.59602308273315, "_step": 26}