{"best_f": 1.7549957134520144, "f_hat_x": 9.549119114075475, "f_x": 1.711549482462015, "f_res": 7.83756963161346, "sum_c_x": 342.6933646219613, "cum_costs": 12499.639070417623, "E_inv_c": 0.07872681499356979, "sum_Ec": 342.62513788035017, "inv_cost": 0.0029180605848705007, "E_c": {"0": 140.20573793954284, "1": 62.223699667176575, "2": 140.19570027363073}, "c_x": {"0": 140.2337787752403, "1": 62.23554625201815, "2": 140.22403959470284}, "c_res": {"0": 0.028040835697453304, "1": 0.011846584841578078, "2": 0.028339321072110124}, "inv_c_res": 0.07580875440869929, "eta": 0.2570243131302062, "_timestamp": 1683862929.6681633, "_runtime": 3885.7835462093353, "_step": 39, "_wandb": {"runtime": 3885}}