{"best_f": -7.803594448321881, "f_hat_x": 1.8901449238189691, "f_x": -36.601866438627894, "f_res": 38.49201136244686, "sum_c_x": 162.71250946292014, "cum_costs": 8323.335052511988, "E_inv_c": 0.006248563352850322, "sum_Ec": 160.20279316375877, "inv_cost": 0.006145808968841979, "E_c": {"0": 64.12442658882294, "1": 65.75697562502941, "2": 30.3213909499064}, "c_x": {"0": 64.1249598394232, "1": 68.25109735563274, "2": 30.33645226786423}, "c_res": {"0": 0.0005332506002559967, "1": 2.494121730603325, "2": 0.015061317957830056}, "inv_c_res": 0.00010275438400834339, "eta": 0.1352759542790559, "_timestamp": 1683313664.5705833, "_runtime": 3980.1598353385925, "_step": 49, "_wandb": {"runtime": 3979}}