{"best_f": 67.29247204463043, "f_hat_x": 1.6943070028585223, "f_x": 62.5425099256751, "f_res": 60.848202922816576, "sum_c_x": 220.45937653939768, "cum_costs": 5776.066360871395, "E_inv_c": 0, "sum_Ec": 0, "inv_cost": 0.0034086352017414904, "E_c": {"0": 0}, "c_x": {"0": 0.10000000149011612, "1": 69.16975523626876, "2": 151.1896213016388}, "c_res": {"0": 73.01317312334528}, "inv_c_res": 0.0034086352017414904, "eta": 1.0, "_timestamp": 1683728750.105915, "_runtime": 177.75604104995728, "_step": 7}