{"best_f": -1.8514416001806415, "f_hat_x": -1.0938435479275346, "f_x": -15.637400969946043, "f_res": 14.543557422018509, "sum_c_x": 12.26276181498562, "cum_costs": 719.917133073063, "E_inv_c": 0.08155261724757795, "sum_Ec": 12.262100910832263, "inv_cost": 0.08154769823368478, "E_c": {"0": 9.101948245973523, "1": 0.06245248460347244, "2": 3.0977001802552677}, "c_x": {"0": 9.1020275708092, "1": 0.06411161909567864, "2": 3.096622625080742}, "c_res": {"0": 7.932483567785198e-05, "1": 0.001659134492206199, "2": 0.0010775551745259015}, "inv_c_res": 4.919013893170399e-06, "eta": 3.0, "_timestamp": 1683417557.1849806, "_runtime": 4888.921409606934, "_step": 49, "_wandb": {"runtime": 4888}}