{"best_f": -5.325796709706227, "f_hat_x": 6.249371641854685, "f_x": -5.325796709706227, "f_res": 11.575168351560912, "sum_c_x": 357.5801879592144, "cum_costs": 3853.193143739776, "E_inv_c": 0, "sum_Ec": 0, "inv_cost": 0.002796575519765821, "E_c": {"0": 0}, "c_x": {"0": 140.0321175364052, "1": 46.89749127598954, "2": 170.6505791468197}, "c_res": {"0": 140.0321175364052}, "inv_c_res": 0.002796575519765821, "eta": 1.0, "_timestamp": 1683812705.121264, "_runtime": 25.056850910186768, "_step": 0, "_wandb": {"runtime": 38}}