{"best_f": -7.811608479540305, "f_hat_x": 9.093189856024619, "f_x": -12.740639175377868, "f_res": 21.833829031402487, "sum_c_x": 324.8985696603055, "cum_costs": 4301.755767187518, "E_inv_c": 0, "sum_Ec": 0, "inv_cost": 0.0030778836639556158, "E_c": {"0": 0}, "c_x": {"0": 150.17594741268584, "1": 53.76276868398863, "2": 120.95985356363101}, "c_res": {"0": 150.17594741268584}, "inv_c_res": 0.0030778836639556158, "eta": 1.0, "_timestamp": 1683822377.3113952, "_runtime": 48.16164827346802, "_step": 2, "_wandb": {"runtime": 47}}