{"best_f": -1.0277569306480085, "f_hat_x": 2.8045906365169215, "f_x": -7.028257563065021, "f_res": 9.832848199581942, "sum_c_x": 338.1738409105372, "cum_costs": 20177.0039641791, "E_inv_c": 0, "sum_Ec": 0, "inv_cost": 0.0029570590005054435, "E_c": {"0": 0}, "c_x": {"0": 139.99894382584483, "1": 72.42446834228028, "2": 125.75042874241207}, "c_res": {"0": 139.99894382584483}, "inv_c_res": 0.0029570590005054435, "eta": 1.0, "_timestamp": 1683683412.0056531, "_runtime": 309.0658230781555, "_step": 49, "_wandb": {"runtime": 308}}