{"best_f": -1.557134283354483, "f_hat_x": 3.7780850596515503, "f_x": -4.586071752678864, "f_res": 8.364156812330414, "sum_c_x": 70.04170274720283, "cum_costs": 3671.299645314293, "E_inv_c": 0, "sum_Ec": 0, "inv_cost": 0.014277208588278299, "E_c": {"0": 0}, "c_x": {"0": 2.0000000000116875, "1": 1.5592222366388981, "2": 66.48248051055225}, "c_res": {"0": 2.0000000000116875}, "inv_c_res": 0.014277208588278299, "eta": 1.0, "_timestamp": 1683664776.8162854, "_runtime": 2364.095678329468, "_step": 49, "_wandb": {"runtime": 2363}}