{"best_f": 178.21796074447258, "f_hat_x": 3.099955398102684, "f_x": 177.51810348804167, "f_res": 174.418148089939, "sum_c_x": 25.84469826047534, "cum_costs": 1536.1878274734017, "E_inv_c": 0, "sum_Ec": 0, "inv_cost": 0.03869265525646759, "E_c": {"0": 0}, "c_x": {"0": 2.000020586838186, "1": 7.846625014870698, "2": 15.998052658766458}, "c_res": {"0": 2.000020586838186}, "inv_c_res": 0.03869265525646759, "eta": 2.0, "_timestamp": 1683580243.1884801, "_runtime": 1952.3293170928955, "_step": 49, "_wandb": {"runtime": 1951}}