{"best_f": 2.212846672634873, "f_hat_x": -1.066060118654018, "f_x": -21.379908060517433, "f_res": 20.313847941863415, "sum_c_x": 8.196780101573447, "cum_costs": 889.3770439745692, "E_inv_c": 0.1216144812950584, "sum_Ec": 8.22448859826861, "inv_cost": 0.12199912497445684, "E_c": {"0": 2.0656488587359747, "1": 0.25218932977866665, "2": 5.9066504097539685}, "c_x": {"0": 2.0187676133739982, "1": 0.26861071611942355, "2": 5.909401772080026}, "c_res": {"0": 0.046881245361976465, "1": 0.016421386340756905, "2": 0.002751362326057105}, "inv_c_res": 0.00038464367939843036, "eta": 0.6757290490602831, "_timestamp": 1683487652.71847, "_runtime": 9085.785068035126, "_step": 49, "_wandb": {"runtime": 9084}}