{"best_f": 137.7889162625446, "f_hat_x": 7.586015883329363, "f_x": 135.9213961273196, "f_res": 128.33538024399024, "sum_c_x": 14.516595225309052, "cum_costs": 743.3437997800252, "E_inv_c": 0, "sum_Ec": 0, "inv_cost": 0.06888667655736129, "E_c": {"0": 0}, "c_x": {"0": 2.000000000359641, "1": 7.675165972502825, "2": 4.841429252446586}, "c_res": {"0": 2.000000000359641}, "inv_c_res": 0.06888667655736129, "eta": 1, "_timestamp": 1683544287.7165184, "_runtime": 2832.225410461426, "_step": 49, "_wandb": {"runtime": 2831}}