{"best_f": -7.265758226321992, "f_hat_x": 0.6693422040261828, "f_x": -187.7944786929101, "f_res": 188.46382089693628, "sum_c_x": 7.667240964180548, "cum_costs": 245.22544732580508, "E_inv_c": 0.15973955274127316, "sum_Ec": 7.230315934761065, "inv_cost": 0.13042501268340886, "E_c": {"0": 2.0173416172411813, "1": 2.5812718880792866, "2": 2.6317024294405966}, "c_x": {"0": 2.0396423021955075, "1": 1.9829909857646744, "2": 3.6446076762203665}, "c_res": {"0": 0.022300684954326133, "1": 0.5982809023146123, "2": 1.01290524677977}, "inv_c_res": 0.029314540057864297, "eta": 0.01, "_timestamp": 1683477090.3336177, "_runtime": 92.4758026599884, "_step": 1}