{"best_f": 132.28749629065683, "f_hat_x": 8.712264523400703, "f_x": 126.79725430532821, "f_res": 118.0849897819275, "sum_c_x": 12.116391889696741, "cum_costs": 239.9472780299315, "E_inv_c": 0.0825064818618389, "sum_Ec": 12.120908963897632, "inv_cost": 0.08253282075255068, "E_c": {"0": 2.000000000141209, "1": 8.11851513636775, "2": 2.0023938273886746}, "c_x": {"0": 2.0000000001413802, "1": 8.11376921841097, "2": 2.0026226711443904}, "c_res": {"0": 1.7141843500212417e-13, "1": 0.004745917956778811, "2": 0.00022884375571585736}, "inv_c_res": 2.633889071178286e-05, "eta": 1.0, "_timestamp": 1683568592.6389782, "_runtime": 90.95736718177795, "_step": 8}