{"best_f": -6.2289358184882575, "f_hat_x": -2.6060923506098455, "f_x": -16.65503979273083, "f_res": 14.048947442120983, "sum_c_x": 69.35719951713023, "cum_costs": 3989.8905012187497, "E_inv_c": 0, "sum_Ec": 0, "inv_cost": 0.014418113865064787, "E_c": {"0": 0}, "c_x": {"0": 2.0000127264799925, "1": 0.013661843468361634, "2": 67.34352494718188}, "c_res": {"0": 2.0000127264799925}, "inv_c_res": 0.014418113865064787, "eta": 1.0, "_timestamp": 1683662577.1142318, "_runtime": 164.410502910614, "_step": 49, "_wandb": {"runtime": 163}}