{"best_f": -4.052962992708617, "f_hat_x": 0.31711011806793554, "f_x": -6.596568893715301, "f_res": 6.913679011783237, "sum_c_x": 15.891427821152494, "cum_costs": 440.3367585013818, "E_inv_c": 0.06306569730719876, "sum_Ec": 15.858047179563233, "inv_cost": 0.06292700764552678, "E_c": {"0": 8.674993307671679, "1": 3.7371952936181616, "2": 3.445858578273391}, "c_x": {"0": 8.673609167176586, "1": 3.738460667937493, "2": 3.4793579860384147}, "c_res": {"0": 0.0013841404950927227, "1": 0.0012653743193316025, "2": 0.033499407765023914}, "inv_c_res": 0.0001386896616719785, "eta": 0.95, "_timestamp": 1683478336.1010082, "_runtime": 810.6277191638947, "_step": 14}