{"best_f": 0.5199464417246467, "f_hat_x": -0.08525540360629627, "f_x": -15.082876967797446, "f_res": 14.99762156419115, "sum_c_x": 17.927359009350162, "cum_costs": 716.4445461302362, "E_inv_c": 0.055740720842215326, "sum_Ec": 17.941145668185857, "inv_cost": 0.05578066459641053, "E_c": {"0": 3.804984831760881, "1": 8.376038652256446, "2": 5.760122184168529}, "c_x": {"0": 3.8050931985499057, "1": 8.375835295796648, "2": 5.7464305150036115}, "c_res": {"0": 0.00010836678902448327, "1": 0.00020335645979763228, "2": 0.013691669164917819}, "inv_c_res": 3.9943754195206904e-05, "eta": 2.0, "_timestamp": 1683412100.1843655, "_runtime": 5128.827837467194, "_step": 49, "_wandb": {"runtime": 5128}}