{"best_f": -1.318189424839145, "f_hat_x": -0.26405261741672625, "f_x": -5.604749876870331, "f_res": 5.340697259453605, "sum_c_x": 12.335816677301242, "cum_costs": 896.4198402430712, "E_inv_c": 0.08105288831981786, "sum_Ec": 12.338728755140625, "inv_cost": 0.08106475851250848, "E_c": {"0": 2.191441054799161, "1": 6.997355122923401, "2": 3.149932577418064}, "c_x": {"0": 2.1920011528510166, "1": 6.997864322735283, "2": 3.1459512017149427}, "c_res": {"0": 0.0005600980518556398, "1": 0.0005091998118817997, "2": 0.003981375703121515}, "inv_c_res": 1.1870192690624504e-05, "eta": 0.6757290490602831, "_timestamp": 1683488789.093032, "_runtime": 10222.67783498764, "_step": 49, "_wandb": {"runtime": 10221}}