{"best_f": 179.33762379080093, "f_hat_x": 2.9474158836742093, "f_x": -137.6185744003801, "f_res": 140.56599028405432, "sum_c_x": 25.334147603577037, "cum_costs": 358.1171387288412, "E_inv_c": 0, "sum_Ec": 0, "inv_cost": 0.03947241547841956, "E_c": {"0": 0}, "c_x": {"0": 2.0454473334893306, "1": 7.289181736271543, "2": 15.999518533816161}, "c_res": {"0": 2.0454473334893306}, "inv_c_res": 0.03947241547841956, "eta": 1.0, "_timestamp": 1683635471.875406, "_runtime": 53.962706089019775, "_step": 3}