{"best_f": 66.09090933152761, "f_hat_x": 0.14849162186169987, "f_x": 63.27109428689315, "f_res": 63.12260266503145, "sum_c_x": 114.97621757861293, "cum_costs": 4928.418322617636, "E_inv_c": 0, "sum_Ec": 0, "inv_cost": 0.003789311604703169, "E_c": {"0": 0}, "c_x": {"0": 0.10000000149011612, "1": 0.10000000149011612, "2": 114.7762175756327}, "c_res": {"0": 86.9784675285359}, "inv_c_res": 0.003789311604703169, "eta": 1.0, "_timestamp": 1683728759.900839, "_runtime": 187.5202991962433, "_step": 8}