{"best_f": -3.632061114475475, "f_hat_x": -0.4819257954700008, "f_x": -9.470076608274706, "f_res": 8.988150812804705, "sum_c_x": 12.323100412363285, "cum_costs": 1005.3475999263331, "E_inv_c": 0.08115825242977957, "sum_Ec": 12.321643026081553, "inv_cost": 0.08114840961587387, "E_c": {"0": 8.091182150560956, "1": 0.014878927675913131, "2": 4.215581947844685}, "c_x": {"0": 8.090059182049057, "1": 0.014875669298867744, "2": 4.218165561015362}, "c_res": {"0": 0.0011229685118987476, "1": 3.2583770453870065e-06, "2": 0.0025836131706773457}, "inv_c_res": 9.84281390570274e-06, "eta": 5.0, "_timestamp": 1683415249.1787126, "_runtime": 2580.9363515377045, "_step": 49, "_wandb": {"runtime": 2580}}