{"best_f": 1.0132959097490366, "f_hat_x": -0.31904381817364014, "f_x": -2.034396845322263, "f_res": 1.7153530271486228, "sum_c_x": 8.201387469039423, "cum_costs": 995.0953764109241, "E_inv_c": 0, "sum_Ec": 0, "inv_cost": 0.12193058842482951, "E_c": {"0": 0}, "c_x": {"0": 4.604435987211707, "1": 0.060468943676309284, "2": 3.5364825381514073}, "c_res": {"0": 4.604435987211707}, "inv_c_res": 0.12193058842482951, "eta": 0.0, "_timestamp": 1683334448.5854409, "_runtime": 4706.732283830643, "_step": 49, "_wandb": {"runtime": 4705}}