{"best_f": 195.54619559794978, "f_hat_x": 2.836544940573288, "f_x": 195.5033716078655, "f_res": 192.6668266672922, "sum_c_x": 25.748252491578597, "cum_costs": 1542.4726088515868, "E_inv_c": 0, "sum_Ec": 0, "inv_cost": 0.0388375871460429, "E_c": {"0": 0}, "c_x": {"0": 2.0002720003300167, "1": 7.750437469227299, "2": 15.997543022021281}, "c_res": {"0": 2.0002720003300167}, "inv_c_res": 0.0388375871460429, "eta": 2.0, "_timestamp": 1683580953.9041464, "_runtime": 2662.9696655273438, "_step": 49, "_wandb": {"runtime": 2661}}