{"best_f": 75.79584815323206, "f_hat_x": 0.03843639486471649, "f_x": 75.7950045491453, "f_res": 75.75656815428059, "sum_c_x": 129.9099553768268, "cum_costs": 11332.994867780162, "E_inv_c": 0, "sum_Ec": 0, "inv_cost": 0.00401774760953648, "E_c": {"0": 0}, "c_x": {"0": 0.10000000149011612, "1": 0.10000000149011612, "2": 129.70995537384655}, "c_res": {"0": 70.031037642198}, "inv_c_res": 0.00401774760953648, "eta": 4.0, "_timestamp": 1683748271.162604, "_runtime": 866.2489681243896, "_step": 49, "_wandb": {"runtime": 865}}