{"best_f": -16.70320947070198, "f_hat_x": 0.1008292646144769, "f_x": -164.5578731578439, "f_res": 164.65870242245836, "sum_c_x": 4.270486406840238, "cum_costs": 199.20911592255024, "E_inv_c": 0, "sum_Ec": 0, "inv_cost": 0.23416536308329028, "E_c": {"0": 0}, "c_x": {"0": 2.0343287641585572, "1": 0.10947280952179017, "2": 2.1266848331598904}, "c_res": {"0": 2.0343287641585572}, "inv_c_res": 0.23416536308329028, "eta": 0.01, "_timestamp": 1683452310.566663, "_runtime": 14.49012804031372, "_step": 0, "_wandb": {"runtime": 25}}