{"best_f": 0.5741994199621443, "f_hat_x": 6.558571914700331, "f_x": -109.13982978413726, "f_res": 115.6984016988376, "sum_c_x": 10.714110456933321, "cum_costs": 167.74084444141266, "E_inv_c": 0, "sum_Ec": 0, "inv_cost": 0.09333486004457603, "E_c": {"0": 0}, "c_x": {"0": 2.00000002324757, "1": 6.6634290710207535, "2": 2.0506813626649976}, "c_res": {"0": 2.00000002324757}, "inv_c_res": 0.09333486004457603, "eta": 1.0, "_timestamp": 1683590773.9486368, "_runtime": 62.66220688819885, "_step": 8}