{"best_f": -1.1360610025648528, "f_hat_x": 0.6362292530961302, "f_x": -4.030048469456404, "f_res": 4.666277722552534, "sum_c_x": 21.752746041865613, "cum_costs": 846.3570246924298, "E_inv_c": 0.045976718506175816, "sum_Ec": 21.75117013362965, "inv_cost": 0.045971207408728405, "E_c": {"0": 5.990098912759273, "1": 8.838375792426314, "2": 6.92269542844406}, "c_x": {"0": 5.990232507977161, "1": 8.837932331760435, "2": 6.924581202128018}, "c_res": {"0": 0.00013359521788736117, "1": 0.0004434606658794138, "2": 0.0018857736839583694}, "inv_c_res": 5.511097447410962e-06, "eta": 1.0, "_timestamp": 1683504034.8530252, "_runtime": 3345.697006225586, "_step": 49, "_wandb": {"runtime": 3344}}