{"best_f": 118.51685814260435, "f_hat_x": 8.782793126425979, "f_x": 118.28200872175289, "f_res": 109.49921559532692, "sum_c_x": 11.747737573134003, "cum_costs": 259.4697600001931, "E_inv_c": 0.08572924592760353, "sum_Ec": 11.665135488343147, "inv_cost": 0.08512277311053561, "E_c": {"0": 2.000000010492275, "1": 7.592152952586015, "2": 2.0729825252648566}, "c_x": {"0": 2.000000010492607, "1": 7.5921487489332025, "2": 2.155588813708194}, "c_res": {"0": 3.3173463975799677e-13, "1": 4.203652812506675e-06, "2": 0.0826062884433374}, "inv_c_res": 0.000606472817067924, "eta": 1.0, "_timestamp": 1683566739.8031876, "_runtime": 407.08905267715454, "_step": 11}