{"best_f": -6.018521178755098, "f_hat_x": 5.322019250957082, "f_x": -6.018521178755098, "f_res": 11.34054042971218, "sum_c_x": 345.06067316840733, "cum_costs": 3840.673628948969, "E_inv_c": 0, "sum_Ec": 0, "inv_cost": 0.0028980410628015804, "E_c": {"0": 0}, "c_x": {"0": 140.0531670410608, "1": 35.690181700792735, "2": 169.31732442655382}, "c_res": {"0": 140.0531670410608}, "inv_c_res": 0.0028980410628015804, "eta": 1.0, "_timestamp": 1683812535.9244, "_runtime": 22.33818507194519, "_step": 0, "_wandb": {"runtime": 47}}