{"best_f": 108.98286348255152, "f_hat_x": 1.1715823965123868, "f_x": 6.410200305671353, "f_res": 5.238617909158966, "sum_c_x": 20.17458694552618, "cum_costs": 339.1077886119319, "E_inv_c": 0, "sum_Ec": 0, "inv_cost": 0.04956730973972953, "E_c": {"0": 0}, "c_x": {"0": 2.166195976373526, "1": 5.088879354289968, "2": 12.919511614862685}, "c_res": {"0": 2.166195976373526}, "inv_c_res": 0.04956730973972953, "eta": 1.0, "_timestamp": 1683635468.4351196, "_runtime": 50.47460865974426, "_step": 3}