{"best_f": -0.8789855082865476, "f_hat_x": -0.31743744789425865, "f_x": -2.9890079186560845, "f_res": 2.671570470761826, "sum_c_x": 318.0032937398919, "cum_costs": 19421.13979063114, "E_inv_c": 0, "sum_Ec": 0, "inv_cost": 0.003144621517090139, "E_c": {"0": 0}, "c_x": {"0": 169.63194611985506, "1": 45.47626586221922, "2": 102.8950817578176}, "c_res": {"0": 169.63194611985506}, "inv_c_res": 0.003144621517090139, "eta": 1.0, "_timestamp": 1683687987.6591036, "_runtime": 446.69184851646423, "_step": 49, "_wandb": {"runtime": 446}}