{"best_f": -0.6078856040436785, "f_hat_x": -0.49875681360702595, "f_x": -3.547550937282133, "f_res": 3.048794123675107, "sum_c_x": 18.034017641980853, "cum_costs": 725.0924639118252, "E_inv_c": 0, "sum_Ec": 0, "inv_cost": 0.055450760881598, "E_c": {"0": 0}, "c_x": {"0": 3.305281688921637, "1": 7.007542171299892, "2": 7.721193781759324}, "c_res": {"0": 3.305281688921637}, "inv_c_res": 0.055450760881598, "eta": 1.4, "_timestamp": 1683395660.3520682, "_runtime": 5870.818059206009, "_step": 49, "_wandb": {"runtime": 5869}}