{"best_f": 73.01048366360288, "f_hat_x": 0.19136458438449844, "f_x": 73.00800733329008, "f_res": 72.81664274890558, "sum_c_x": 124.31650078570473, "cum_costs": 11115.781340573873, "E_inv_c": 0, "sum_Ec": 0, "inv_cost": 0.003997675937427002, "E_c": {"0": 0}, "c_x": {"0": 0.10000000149011612, "1": 0.10000000149011612, "2": 124.1165007827245}, "c_res": {"0": 74.34051700972226}, "inv_c_res": 0.003997675937427002, "eta": 4.0, "_timestamp": 1683748225.1434896, "_runtime": 820.2438776493073, "_step": 49, "_wandb": {"runtime": 819}}