{"best_f": -1.2988034320054336, "f_hat_x": -1.5395673708362672, "f_x": -12.433252119332069, "f_res": 10.893684748495803, "sum_c_x": 20.56898691688185, "cum_costs": 896.1262326829011, "E_inv_c": 0.051681725281315365, "sum_Ec": 19.6550280736013, "inv_cost": 0.04861688152367179, "E_c": {"0": 6.101649813336792, "1": 8.225534159400944, "2": 5.327844100863564}, "c_x": {"0": 6.291632138905279, "1": 8.947276476563475, "2": 5.330078301413096}, "c_res": {"0": 0.18998232556848738, "1": 0.7217423171625317, "2": 0.0022342005495312733}, "inv_c_res": 0.0030648437576435775, "eta": 0.09446824413773762, "_timestamp": 1683510628.645402, "_runtime": 4832.096209049225, "_step": 45}