{"best_f": -1.6623630023240608, "f_hat_x": -0.41698923583041536, "f_x": -153.068963912557, "f_res": 152.65197467672658, "sum_c_x": 26.337257090505993, "cum_costs": 1164.2977351391296, "E_inv_c": 0, "sum_Ec": 0, "inv_cost": 0.037969026028928356, "E_c": {"0": 0}, "c_x": {"0": 8.628778309469523, "1": 1.9832330607927062, "2": 15.725245720243766}, "c_res": {"0": 8.628778309469523}, "inv_c_res": 0.037969026028928356, "eta": 0.0, "_timestamp": 1683385126.2215548, "_runtime": 5853.527133703232, "_step": 49, "_wandb": {"runtime": 5851}}