{"best_f": -3.8811352434559687, "f_hat_x": 1.0556220931833618, "f_x": -15.844468423668317, "f_res": 16.90009051685168, "sum_c_x": 10.311674568133691, "cum_costs": 692.3450427866036, "E_inv_c": 0, "sum_Ec": 0, "inv_cost": 0.0969774592276519, "E_c": {"0": 0}, "c_x": {"0": 2.0553711269850936, "1": 0.7760955720107119, "2": 7.480207869137885}, "c_res": {"0": 2.0553711269850936}, "inv_c_res": 0.0969774592276519, "eta": 1, "_timestamp": 1683543883.9083679, "_runtime": 2428.461856842041, "_step": 49, "_wandb": {"runtime": 2427}}