{"best_f": 115.44519620321233, "f_hat_x": 7.5057552714679, "f_x": 115.36687536282527, "f_res": 107.86112009135736, "sum_c_x": 14.308282824047179, "cum_costs": 912.2250457855109, "E_inv_c": 0.06988989876751155, "sum_Ec": 14.30822123675186, "inv_cost": 0.06988958858985878, "E_c": {"0": 2.0003905221975837, "1": 7.722910958466568, "2": 4.584919756087709}, "c_x": {"0": 2.000390527336899, "1": 7.7230074523516805, "2": 4.5848848443586006}, "c_res": {"0": 5.139315195634708e-09, "1": 9.64938851124586e-05, "2": 3.491172910852214e-05}, "inv_c_res": 3.1017765277085996e-07, "eta": 1.0, "_timestamp": 1683538179.7837539, "_runtime": 4352.439100980759, "_step": 49, "_wandb": {"runtime": 4351}}