{"best_f": 190.03506291375743, "f_hat_x": 1.0813935647270672, "f_x": -59.213759319042516, "f_res": 60.29515288376958, "sum_c_x": 26.322238945616046, "cum_costs": 1454.1284537879942, "E_inv_c": 0, "sum_Ec": 0, "inv_cost": 0.03799068924440979, "E_c": {"0": 0}, "c_x": {"0": 4.25627936470969, "1": 7.62792090994455, "2": 14.438038670961806}, "c_res": {"0": 4.25627936470969}, "inv_c_res": 0.03799068924440979, "eta": 0.5, "_timestamp": 1683649469.3710332, "_runtime": 3998.46986413002, "_step": 49, "_wandb": {"runtime": 3997}}