{"best_f": -0.5804719666971563, "f_hat_x": -0.29805396913263793, "f_x": -0.5804719666971563, "f_res": 0.28241799756451835, "sum_c_x": 8.495490009155706, "cum_costs": 639.4405584967767, "E_inv_c": 0, "sum_Ec": 0, "inv_cost": 0.11770951398003957, "E_c": {"0": 0}, "c_x": {"0": 3.364767431096415, "1": 0.22669847306123792, "2": 4.904024104998052}, "c_res": {"0": 3.364767431096415}, "inv_c_res": 0.11770951398003957, "eta": 1.8, "_timestamp": 1683395876.1265109, "_runtime": 6086.5843098163605, "_step": 49, "_wandb": {"runtime": 6085}}