{"best_f": -1.8325561592270714, "f_hat_x": 4.638051029364611, "f_x": -4.668864516254578, "f_res": 9.306915545619189, "sum_c_x": 318.9116512702738, "cum_costs": 16784.382921183093, "E_inv_c": 0, "sum_Ec": 0, "inv_cost": 0.0031356646770879875, "E_c": {"0": 0}, "c_x": {"0": 142.36352674212316, "1": 56.005740622791805, "2": 120.54238390535885}, "c_res": {"0": 142.36352674212316}, "inv_c_res": 0.0031356646770879875, "eta": 1.0, "_timestamp": 1683838029.1653247, "_runtime": 591.6525046825409, "_step": 39, "_wandb": {"runtime": 590}}