{"best_f": -1.7722327581863482, "f_hat_x": -0.40201617220983166, "f_x": -15.588321444142437, "f_res": 15.186305271932605, "sum_c_x": 12.709478708148863, "cum_costs": 500.9084415678258, "E_inv_c": 0, "sum_Ec": 0, "inv_cost": 0.07868143320141335, "E_c": {"0": 0}, "c_x": {"0": 2.267477617933012, "1": 7.257348919640073, "2": 3.184652170575779}, "c_res": {"0": 2.267477617933012}, "inv_c_res": 0.07868143320141335, "eta": 5.0, "_timestamp": 1683404015.3964016, "_runtime": 1454.5349407196045, "_step": 49, "_wandb": {"runtime": 1453}}