{"best_f": 196.37929479098239, "f_hat_x": 3.828723323557875, "f_x": 196.26284276060014, "f_res": 192.43411943704226, "sum_c_x": 27.279921148610853, "cum_costs": 1105.2987276212568, "E_inv_c": 0, "sum_Ec": 0, "inv_cost": 0.03665699745070275, "E_c": {"0": 0}, "c_x": {"0": 3.532866444781881, "1": 7.749675208041126, "2": 15.997379495787847}, "c_res": {"0": 3.532866444781881}, "inv_c_res": 0.03665699745070275, "eta": 1.0, "_timestamp": 1683588237.4476364, "_runtime": 464.2600133419037, "_step": 31}