{"best_f": -7.877399853821423, "f_hat_x": 1.799865075308706, "f_x": -80.21237979578656, "f_res": 82.01224487109526, "sum_c_x": 4.139736930834934, "cum_costs": 314.24632893579815, "E_inv_c": 0.24157035895862763, "sum_Ec": 4.139582441218737, "inv_cost": 0.24156124331270307, "E_c": {"0": 2.000602678805839, "1": 0.13282882151060715, "2": 2.0061509409022915}, "c_x": {"0": 2.0005992552769873, "1": 0.13287182893995142, "2": 2.0062658466179943}, "c_res": {"0": 3.4235288515205298e-06, "1": 4.300742934426616e-05, "2": 0.00011490571570282881}, "inv_c_res": 9.115645924567817e-06, "eta": 2.0, "_timestamp": 1683550821.1566908, "_runtime": 5457.709935903549, "_step": 49, "_wandb": {"runtime": 5455}}