{"best_f": 121.51982822914351, "f_hat_x": 8.648072136640927, "f_x": 121.21875280994354, "f_res": 112.5706806733026, "sum_c_x": 13.699359507381791, "cum_costs": 351.7092807728904, "E_inv_c": 0, "sum_Ec": 0, "inv_cost": 0.07299611339210113, "E_c": {"0": 0}, "c_x": {"0": 2.000001929689878, "1": 7.893972044277092, "2": 3.805385533414821}, "c_res": {"0": 2.000001929689878}, "inv_c_res": 0.07299611339210113, "eta": 1.0, "_timestamp": 1683567154.0123446, "_runtime": 135.28977155685425, "_step": 14}