{"best_f": 173.25319063053695, "f_hat_x": 1.044294112260272, "f_x": 83.38264095481998, "f_res": 82.3383468425597, "sum_c_x": 24.632568830022258, "cum_costs": 1528.4525226021035, "E_inv_c": 0, "sum_Ec": 0, "inv_cost": 0.0405966591182807, "E_c": {"0": 0}, "c_x": {"0": 3.3097225161785433, "1": 7.130581808817478, "2": 14.192264505026237}, "c_res": {"0": 3.3097225161785433}, "inv_c_res": 0.0405966591182807, "eta": 0.5, "_timestamp": 1683648645.7162414, "_runtime": 3171.435082435608, "_step": 49, "_wandb": {"runtime": 3170}}