{"best_f": -0.8270467971100894, "f_hat_x": -0.5839712052119326, "f_x": -7.890480864613583, "f_res": 7.30650965940165, "sum_c_x": 356.00310635724196, "cum_costs": 17351.522156626714, "E_inv_c": 0, "sum_Ec": 0, "inv_cost": 0.0028089642538021006, "E_c": {"0": 0}, "c_x": {"0": 156.17612083324903, "1": 74.81576770710882, "2": 125.01121781688411}, "c_res": {"0": 156.17612083324903}, "inv_c_res": 0.0028089642538021006, "eta": 0.07694497527671314, "_timestamp": 1683725146.7413554, "_runtime": 245.42951345443726, "_step": 49, "_wandb": {"runtime": 244}}