{"best_f": 114.49018032282359, "f_hat_x": 6.637580256831047, "f_x": 114.33328839155442, "f_res": 107.69570813472338, "sum_c_x": 14.099083080605538, "cum_costs": 902.3837311714045, "E_inv_c": 0, "sum_Ec": 0, "inv_cost": 0.07092659815414402, "E_c": {"0": 0}, "c_x": {"0": 2.0000000000611093, "1": 7.728814590681196, "2": 4.370268489863231}, "c_res": {"0": 2.0000000000611093}, "inv_c_res": 0.07092659815414402, "eta": 1, "_timestamp": 1683544924.4243693, "_runtime": 3468.7215962409973, "_step": 49, "_wandb": {"runtime": 3468}}