{"best_f": -5.335297987301667, "f_hat_x": 5.108425458500926, "f_x": -5.335297989099777, "f_res": 10.443723447600703, "sum_c_x": 92.50308462661305, "cum_costs": 9671.275538661346, "E_inv_c": 0, "sum_Ec": 0, "inv_cost": 0.003480755681150649, "E_c": {"0": 0}, "c_x": {"0": 0.10000000149011612, "1": 0.10000000149011612, "2": 92.30308462363281}, "c_res": {"0": 0.10000000149011612}, "inv_c_res": 0.003480755681150649, "eta": 1.0, "_timestamp": 1683680440.819753, "_runtime": 4042.843652009964, "_step": 49, "_wandb": {"runtime": 4042}}