{"best_f": -1.5624361620597726, "f_hat_x": 0.47288454053470663, "f_x": -3.3280844974333434, "f_res": 3.8009690379680503, "sum_c_x": 9.630626257932047, "cum_costs": 848.4733637276454, "E_inv_c": 0.10389304330197359, "sum_Ec": 9.62536758002373, "inv_cost": 0.10383540729517696, "E_c": {"0": 5.132071118454815, "1": 0.10978998846319146, "2": 4.383506473105723}, "c_x": {"0": 5.135595957902171, "1": 0.10947280952179017, "2": 4.385557490508084}, "c_res": {"0": 0.003524839447356598, "1": 0.00031717894140129155, "2": 0.0020510174023611327}, "inv_c_res": 5.76360067966325e-05, "eta": 1.0, "_timestamp": 1683504340.6351755, "_runtime": 3651.3288984298706, "_step": 49, "_wandb": {"runtime": 3650}}