{"best_f": -0.3746116035392497, "f_hat_x": -0.08946016755770672, "f_x": -2.977792830476987, "f_res": 2.8883326629192805, "sum_c_x": 10.011605096103693, "cum_costs": 785.9374372132793, "E_inv_c": 0, "sum_Ec": 0, "inv_cost": 0.09988408356110441, "E_c": {"0": 0}, "c_x": {"0": 4.41015094497949, "1": 0.1382297362403413, "2": 5.463224414883861}, "c_res": {"0": 4.41015094497949}, "inv_c_res": 0.09988408356110441, "eta": 1.0, "_timestamp": 1683367176.1323948, "_runtime": 4898.859280824661, "_step": 49, "_wandb": {"runtime": 4898}}