{"best_f": -4.30208412522415, "f_hat_x": 3.112470488648205, "f_x": -10.364406478233843, "f_res": 13.476876966882047, "sum_c_x": 55.96248427993312, "cum_costs": 3315.6485703454036, "E_inv_c": 0.01724475122896808, "sum_Ec": 58.07801069420369, "inv_cost": 0.017281482353575756, "E_c": {"0": 2.0029249121648056, "1": 2.564169389439302, "2": 53.51091639259958}, "c_x": {"0": 0.10000000149011612, "1": 2.379579248385777, "2": 53.48290503005723}, "c_res": {"0": 1.9029249106746895, "1": 0.1845901410535249, "2": 0.028011362542351037}, "inv_c_res": 3.6731124607676524e-05, "eta": 2.0, "_timestamp": 1683669179.796299, "_runtime": 954.4149880409241, "_step": 49, "_wandb": {"runtime": 953}}