{"best_f": -2.6039034956678027, "f_hat_x": -0.15418467805646804, "f_x": -6.682151383563499, "f_res": 6.527966705507032, "sum_c_x": 19.454246637773466, "cum_costs": 1206.288400371248, "E_inv_c": 0, "sum_Ec": 0, "inv_cost": 0.05140265869038298, "E_c": {"0": 0}, "c_x": {"0": 9.30199599173058, "1": 1.046258119698038, "2": 9.105992526344846}, "c_res": {"0": 9.30199599173058}, "inv_c_res": 0.05140265869038298, "eta": 0.0, "_timestamp": 1683334553.8212442, "_runtime": 4811.960283279419, "_step": 49, "_wandb": {"runtime": 4811}}