{"best_f": -1.2201719714449837, "f_hat_x": 8.578762465940734, "f_x": -1.2201719714449837, "f_res": 9.798934437385718, "sum_c_x": 27.138700769454054, "cum_costs": 2313.9847106588563, "E_inv_c": 0, "sum_Ec": 0, "inv_cost": 0.03684774774205659, "E_c": {"0": 0}, "c_x": {"0": 9.057058467688552, "1": 9.041627462457505, "2": 9.040014839307995}, "c_res": {"0": 9.057058467688552}, "inv_c_res": 0.03684774774205659, "eta": 1.0, "_timestamp": 1683764028.0801835, "_runtime": 556.1790175437927, "_step": 49, "_wandb": {"runtime": 555}}