{"best_f": -8.508709383112892, "f_hat_x": 8.855126685767537, "f_x": -8.508709752616616, "f_res": 17.363836438384155, "sum_c_x": 122.89152215385265, "cum_costs": 3970.2951699754954, "E_inv_c": 0, "sum_Ec": 0, "inv_cost": 0.0029678455435543215, "E_c": {"0": 0}, "c_x": {"0": 0.10000000149011612, "1": 0.10000000149011612, "2": 122.69152215087242}, "c_res": {"0": 141.10814492799457}, "inv_c_res": 0.0029678455435543215, "eta": 1.0, "_timestamp": 1683844123.442458, "_runtime": 34.3516309261322, "_step": 1}