{"best_f": 144.40648873364975, "f_hat_x": 1.4691406667018407, "f_x": 83.61955663704939, "f_res": 82.15041597034754, "sum_c_x": 22.136271825925803, "cum_costs": 1469.5764784858488, "E_inv_c": 0, "sum_Ec": 0, "inv_cost": 0.04517472534958705, "E_c": {"0": 0}, "c_x": {"0": 2.019789391407306, "1": 7.0215993476021925, "2": 13.094883086916305}, "c_res": {"0": 2.019789391407306}, "inv_c_res": 0.04517472534958705, "eta": 3.0, "_timestamp": 1683642374.8152316, "_runtime": 956.6248636245728, "_step": 49, "_wandb": {"runtime": 955}}