{"best_f": -3.1775068143666934, "f_hat_x": -0.5564750630484132, "f_x": -6.866927188921448, "f_res": 6.310452125873034, "sum_c_x": 24.699838661985588, "cum_costs": 1041.5389840122311, "E_inv_c": 0.040678051133910445, "sum_Ec": 24.62100491441268, "inv_cost": 0.04048609441077261, "E_c": {"0": 8.814700263918455, "1": 6.936963336007136, "2": 8.86934131448709}, "c_x": {"0": 8.814993744691334, "1": 7.000772112340704, "2": 8.88407280495355}, "c_res": {"0": 0.00029348077287849605, "1": 0.06380877633356796, "2": 0.014731490466461494}, "inv_c_res": 0.0001919567231378344, "eta": 0.15777921478822676, "_timestamp": 1683510485.4840927, "_runtime": 4690.481997728348, "_step": 35}