{"best_f": -3.694554064205174, "f_hat_x": -0.18620073128983008, "f_x": -4.821448898494005, "f_res": 4.635248167204175, "sum_c_x": 19.95550832915864, "cum_costs": 1007.1988969717805, "E_inv_c": 0, "sum_Ec": 0, "inv_cost": 0.05011147716737526, "E_c": {"0": 0}, "c_x": {"0": 8.559533250540511, "1": 3.2167573924102184, "2": 8.17921768620791}, "c_res": {"0": 8.559533250540511}, "inv_c_res": 0.05011147716737526, "eta": 0.16608338398760714, "_timestamp": 1683510606.7439246, "_runtime": 4810.940662622452, "_step": 34}