{"best_f": -7.332757723926799, "f_hat_x": 0.7890483266413685, "f_x": -141.9168618389016, "f_res": 142.70591016554297, "sum_c_x": 13.077112170347347, "cum_costs": 264.7818599728776, "E_inv_c": 0, "sum_Ec": 0, "inv_cost": 0.07646948248004809, "E_c": {"0": 0}, "c_x": {"0": 9.029303291950121, "1": 1.9829909857646744, "2": 2.0648178926325507}, "c_res": {"0": 9.029303291950121}, "inv_c_res": 0.07646948248004809, "eta": 0.01, "_timestamp": 1683453228.5266268, "_runtime": 182.22027587890625, "_step": 3}