{"best_f": -6.896297755914346, "f_hat_x": 7.064043799162016, "f_x": -7.410171798657627, "f_res": 14.474215597819644, "sum_c_x": 101.61445367629116, "cum_costs": 4274.686527815833, "E_inv_c": 0.003394995568773676, "sum_Ec": 294.59280860610255, "inv_cost": 0.0034038064138621786, "E_c": {"0": 140.76200068614847, "1": 51.60776719143118, "2": 102.2230407285229}, "c_x": {"0": 0.10000000149011612, "1": 0.10000000149011612, "2": 101.41445367331093}, "c_res": {"0": 140.66200068465835, "1": 51.50776718994106, "2": 0.8085870552119729}, "inv_c_res": 8.81084508850237e-06, "eta": 1.0, "_timestamp": 1683676154.5288603, "_runtime": 140.70568323135376, "_step": 6}