{"best_f": 0.17396215703660012, "f_hat_x": 0.8761128164166958, "f_x": -6.6516694241991265, "f_res": 7.527782240615823, "sum_c_x": 11.42936979252878, "cum_costs": 691.4529277607521, "E_inv_c": 0, "sum_Ec": 0, "inv_cost": 0.08749388795291986, "E_c": {"0": 0}, "c_x": {"0": 2.00000265186227, "1": 1.949159271528624, "2": 7.480207869137885}, "c_res": {"0": 2.00000265186227}, "inv_c_res": 0.08749388795291986, "eta": 1.0, "_timestamp": 1683592512.5671613, "_runtime": 1633.862187385559, "_step": 49, "_wandb": {"runtime": 1633}}