{"best_f": -5.4668810993535635, "f_hat_x": 4.760968406071591, "f_x": -7.166547393336572, "f_res": 11.927515799408162, "sum_c_x": 154.2997002796714, "cum_costs": 8656.729344908701, "E_inv_c": 0.07494472231119577, "sum_Ec": 363.4901269620638, "inv_cost": 0.0027123954171245825, "E_c": {"0": 142.88267259499713, "1": 71.69544393038217, "2": 148.9120104366845}, "c_x": {"0": 0.10000000149011612, "1": 0.10000000149011612, "2": 154.09970027669118}, "c_res": {"0": 0.00026880339274271137, "1": 0.0002611756581671898, "2": 5.187689840006669}, "inv_c_res": 0.07223232689407119, "eta": 1.0, "_timestamp": 1683847756.4281049, "_runtime": 3080.0761218070984, "_step": 39, "_wandb": {"runtime": 3079}}