{"best_f": -6.087481541068083, "f_hat_x": 6.5755053154412835, "f_x": -6.087481541068083, "f_res": 12.662986856509367, "sum_c_x": 165.82746218252552, "cum_costs": 4188.207480913012, "E_inv_c": 0.07165657475624154, "sum_Ec": 354.2179460537158, "inv_cost": 0.0027999758045642144, "E_c": {"0": 141.43417616473178, "1": 50.083639626535195, "2": 162.70013026244885}, "c_x": {"0": 0.10000000149011612, "1": 0.10000000149011612, "2": 165.6274621795453}, "c_res": {"0": 0.000498821177956188, "1": 0.0011641724148461208, "2": 2.9273319170964385}, "inv_c_res": 0.06885659895167733, "eta": 1.0, "_timestamp": 1683822380.5202274, "_runtime": 51.293031454086304, "_step": 2, "_wandb": {"runtime": 50}}