{"best_f": -5.031659339737703, "f_hat_x": 0.36911743924877066, "f_x": -5.222260287765831, "f_res": 5.591377727014602, "sum_c_x": 125.0354325923926, "cum_costs": 9974.326508931925, "E_inv_c": 0.002837127874297326, "sum_Ec": 352.4699695561412, "inv_cost": 0.002836986013268334, "E_c": {"0": 149.05860099963178, "1": 78.56635263401597, "2": 124.8450159224935}, "c_x": {"0": 0.10000000149011612, "1": 0.10000000149011612, "2": 124.83543258941236}, "c_res": {"0": 0.021569391284145922, "1": 0.0048015720105496484, "2": 0.00958333308113879}, "inv_c_res": 1.418610289919721e-07, "eta": 2.0, "_timestamp": 1683714252.0435152, "_runtime": 573.9600682258606, "_step": 49, "_wandb": {"runtime": 571}}