{"best_f": -6.605977417309282, "f_hat_x": 8.24163662779716, "f_x": -6.605977417309282, "f_res": 14.847614045106441, "sum_c_x": 296.8891931928693, "cum_costs": 3641.33679636922, "E_inv_c": 0.046031199036193154, "sum_Ec": 301.0599727985972, "inv_cost": 0.00336826002066827, "E_c": {"0": 143.95278807401027, "1": 53.57150295940223, "2": 103.5356817651847}, "c_x": {"0": 140.69821810660483, "1": 53.76123499988297, "2": 102.42974008638151}, "c_res": {"0": 3.2545699674054447, "1": 0.18973204048074166, "2": 1.105941678803191}, "inv_c_res": 0.042662939015524884, "eta": 1.0, "_timestamp": 1683816823.1089487, "_runtime": 11.635414600372314, "_step": 0, "_wandb": {"runtime": 15}}