{"best_f": 72.37796840245615, "f_hat_x": -0.30016311738969786, "f_x": 54.38155033808941, "f_res": 54.68171345547911, "sum_c_x": 356.09681094154996, "cum_costs": 19787.705274504653, "E_inv_c": 0, "sum_Ec": 0, "inv_cost": 0.0028082250929344628, "E_c": {"0": 0}, "c_x": {"0": 171.89650757693127, "1": 37.60465253649754, "2": 146.59565082812117}, "c_res": {"0": 171.89650757693127}, "inv_c_res": 0.0028082250929344628, "eta": 2.0, "_timestamp": 1683743908.4145443, "_runtime": 108.71310544013977, "_step": 49, "_wandb": {"runtime": 107}}