{"best_f": -15.106436648601857, "f_hat_x": 5.40910285486725, "f_x": -34.490141584190376, "f_res": 39.899244439057625, "sum_c_x": 39.47124096486976, "cum_costs": 1623.2507118823091, "E_inv_c": 0, "sum_Ec": 0, "inv_cost": 0.02533490145116089, "E_c": {"0": 0}, "c_x": {"0": 12.423416019437287, "1": 11.438742599457411, "2": 15.609082345975061}, "c_res": {"0": 12.423416019437287}, "inv_c_res": 0.02533490145116089, "eta": 1.0, "_timestamp": 1683805176.9756844, "_runtime": 55.215232372283936, "_step": 17}