{"best_f": 116.34577592180963, "f_hat_x": 5.24847344711159, "f_x": 116.27929308185416, "f_res": 111.03081963474257, "sum_c_x": 14.350281695455468, "cum_costs": 884.8564013275236, "E_inv_c": 0, "sum_Ec": 0, "inv_cost": 0.06968504320836336, "E_c": {"0": 0}, "c_x": {"0": 2.0000000010941923, "1": 7.725813197554661, "2": 4.624468496806613}, "c_res": {"0": 2.0000000010941923}, "inv_c_res": 0.06968504320836336, "eta": 2.0, "_timestamp": 1683537030.2591324, "_runtime": 3202.8787462711334, "_step": 49, "_wandb": {"runtime": 3202}}