{"best_f": -8.493956318752081, "f_hat_x": -2.305855076615388, "f_x": -21.475082898955517, "f_res": 19.16922782234013, "sum_c_x": 386.2700678139919, "cum_costs": 20882.074311560635, "E_inv_c": 0, "sum_Ec": 0, "inv_cost": 0.002588862258106806, "E_c": {"0": 0}, "c_x": {"0": 170.4790808495818, "1": 82.89613370516048, "2": 132.89485325924957}, "c_res": {"0": 170.4790808495818}, "inv_c_res": 0.002588862258106806, "eta": 1.0, "_timestamp": 1683675824.3168607, "_runtime": 114.85878157615662, "_step": 48}