{"best_f": -10.353200185915387, "f_hat_x": -0.9608160073975087, "f_x": -25.709705180315222, "f_res": 24.748889172917714, "sum_c_x": 23.3987731610774, "cum_costs": 386.2004198097519, "E_inv_c": 0, "sum_Ec": 0, "inv_cost": 0.042737283408663757, "E_c": {"0": 0}, "c_x": {"0": 7.690405608889466, "1": 2.18424954898071, "2": 13.524118003207224}, "c_res": {"0": 7.690405608889466}, "inv_c_res": 0.042737283408663757, "eta": 0.01, "_timestamp": 1683453225.6725025, "_runtime": 179.15070462226868, "_step": 9}