{"best_f": -8.561445463420807, "f_hat_x": -0.7520680099760136, "f_x": -33.9172721956392, "f_res": 33.165204185663185, "sum_c_x": 25.35569309565733, "cum_costs": 878.7076869289452, "E_inv_c": 0.03884001849773131, "sum_Ec": 26.00856409006125, "inv_cost": 0.039438874584393435, "E_c": {"0": 7.345275963093766, "1": 8.981496794741226, "2": 9.681791332226258}, "c_x": {"0": 7.345290453373432, "1": 8.981408205486625, "2": 9.028994436797275}, "c_res": {"0": 1.449027966593519e-05, "1": 8.858925460053513e-05, "2": 0.6527968954289829}, "inv_c_res": 0.0005988560866621237, "eta": 4.0, "_timestamp": 1683411157.2390704, "_runtime": 4185.843549489975, "_step": 49, "_wandb": {"runtime": 4185}}