{"best_f": 114.72103463342124, "f_hat_x": 7.027512687022514, "f_x": 104.65527346148363, "f_res": 97.62776077446112, "sum_c_x": 11.09787257441447, "cum_costs": 167.53613594053718, "E_inv_c": 0.08779539251465326, "sum_Ec": 11.411130295227853, "inv_cost": 0.09010736006335525, "E_c": {"0": 2.0000000000026974, "1": 7.095495172238356, "2": 2.3156351229868006}, "c_x": {"0": 2.0000000000107576, "1": 7.095542094393141, "2": 2.0023304800105715}, "c_res": {"0": 8.060219158778636e-12, "1": 4.692215478563355e-05, "2": 0.3133046429762292}, "inv_c_res": 0.0023119675487019847, "eta": 1.0, "_timestamp": 1683567373.5528126, "_runtime": 27.80523657798767, "_step": 3}