{"best_f": 2.1882830083305835, "f_hat_x": 0.023218465854552523, "f_x": 2.1882830083305835, "f_res": 2.165064542476031, "sum_c_x": 10.738237009381876, "cum_costs": 749.8187921670196, "E_inv_c": 0.09317086953073843, "sum_Ec": 10.733051295871638, "inv_cost": 0.09312515631069712, "E_c": {"0": 5.304642526523667, "1": 0.9389996225697282, "2": 4.489409146778243}, "c_x": {"0": 5.305371586121155, "1": 0.9389538547195256, "2": 4.493911568541195}, "c_res": {"0": 0.0007290595974884795, "1": 4.5767850202604876e-05, "2": 0.004502421762952125}, "inv_c_res": 4.57132200413074e-05, "eta": 5.0, "_timestamp": 1683415920.042745, "_runtime": 3251.791547060013, "_step": 49, "_wandb": {"runtime": 3251}}