{"best_f": -8.561445463420807, "f_hat_x": -1.72110614509067, "f_x": -26.673578461369793, "f_res": 24.952472316279124, "sum_c_x": 25.48355518978403, "cum_costs": 421.9300246540373, "E_inv_c": 0, "sum_Ec": 0, "inv_cost": 0.039240992575513355, "E_c": {"0": 0}, "c_x": {"0": 5.242019115568443, "1": 7.035722618541441, "2": 13.205813455674146}, "c_res": {"0": 5.242019115568443}, "inv_c_res": 0.039240992575513355, "eta": 1, "_timestamp": 1683453239.0181344, "_runtime": 192.7440962791443, "_step": 10}