{"best_f": -7.124649675531387, "f_hat_x": -0.49877932635883304, "f_x": -37.618433564319545, "f_res": 37.11965423796071, "sum_c_x": 385.23570311514027, "cum_costs": 21161.120018268783, "E_inv_c": 0, "sum_Ec": 0, "inv_cost": 0.0025958133992090484, "E_c": {"0": 0}, "c_x": {"0": 169.6793204011552, "1": 65.95151545094245, "2": 149.60486726304262}, "c_res": {"0": 169.6793204011552}, "inv_c_res": 0.0025958133992090484, "eta": 1.0, "_timestamp": 1683676552.8139944, "_runtime": 154.72667241096497, "_step": 49, "_wandb": {"runtime": 154}}