{"best_f": -1.3497723410040796, "f_hat_x": 0.01654486986912501, "f_x": -4.571811259585053, "f_res": 4.588356129454178, "sum_c_x": 66.17998973849447, "cum_costs": 6786.411809608215, "E_inv_c": 0.013822787805258502, "sum_Ec": 72.87618108299557, "inv_cost": 0.015110307571086503, "E_c": {"0": 17.835413471178313, "1": 50.01654419535703, "2": 5.024223416460228}, "c_x": {"0": 18.94488479638985, "1": 42.20502533641165, "2": 5.030079605692968}, "c_res": {"0": 1.109471325211537, "1": 7.811518858945377, "2": 0.005856189232740228}, "inv_c_res": 0.0012875197658280008, "eta": 1.0, "_timestamp": 1683296502.7121632, "_runtime": 3878.341437101364, "_step": 42}