{"best_f": -14.561214970693523, "f_hat_x": -0.9686148816597391, "f_x": -31.733977185461168, "f_res": 30.765362303801428, "sum_c_x": 125.09234883798683, "cum_costs": 3452.5732571678104, "E_inv_c": 0, "sum_Ec": 0, "inv_cost": 0.004339771487378001, "E_c": {"0": 0}, "c_x": {"0": 0.10000000149011612, "1": 0.10000000149011612, "2": 124.8923488350066}, "c_res": {"0": 57.09211931207212}, "inv_c_res": 0.004339771487378001, "eta": 1.0, "_timestamp": 1683715574.35747, "_runtime": 26.10684108734131, "_step": 1}