{"best_f": -4.593350622901097, "f_hat_x": 4.957598949553156, "f_x": -5.7180397661126925, "sum_c_x": 144.06202791076333, "cum_costs": 8153.889102574554, "E_inv_c": 0, "sum_Ec": 0, "inv_cost": 0.006941454417255824, "E_c": {"0": 0}, "c_x": {"0": 36.65540428533609, "1": 76.74297191039621, "2": 30.66365171503103}, "c_res": {"0": 36.65540428533609}, "inv_c_res": 0.006941454417255824, "_timestamp": 1683273459.3788395, "_runtime": 2444.4546535015106, "_step": 49, "_wandb": {"runtime": 2443}}