{"best_f": -3.0348840376393365, "f_hat_x": -0.03327855362407179, "f_x": -3.4042983442057526, "f_res": 3.371019790581681, "sum_c_x": 24.472770777567202, "cum_costs": 1384.5952540657388, "E_inv_c": 0, "sum_Ec": 0, "inv_cost": 0.04086174013923438, "E_c": {"0": 0}, "c_x": {"0": 8.758140911057158, "1": 7.00028864912595, "2": 8.714341217384096}, "c_res": {"0": 8.758140911057158}, "inv_c_res": 0.04086174013923438, "eta": 0.6757290490602831, "_timestamp": 1683499594.916055, "_runtime": 6529.3876140117645, "_step": 49, "_wandb": {"runtime": 6528}}