{"best_f": -8.561445463420807, "f_hat_x": -0.6767451991107091, "f_x": -27.400772296287997, "f_res": 26.724027097177288, "sum_c_x": 22.912633479006985, "cum_costs": 887.2892468464582, "E_inv_c": 0.0432294989220854, "sum_Ec": 23.147254010500042, "inv_cost": 0.043644044710802014, "E_c": {"0": 7.775437517656336, "1": 5.767966503172888, "2": 9.60384998967082}, "c_x": {"0": 7.77545250619468, "1": 5.768423640867838, "2": 9.368757331944465}, "c_res": {"0": 1.4988538344695712e-05, "1": 0.0004571376949504824, "2": 0.23509265772635501}, "inv_c_res": 0.0004145457887166151, "eta": 3.0, "_timestamp": 1683411458.221291, "_runtime": 4487.108993053436, "_step": 49, "_wandb": {"runtime": 4486}}