{"best_f": 1.0132959097490366, "f_hat_x": -2.4022510916202164, "f_x": -86.60791255511808, "f_res": 84.20566146349786, "sum_c_x": 11.341684165916073, "cum_costs": 676.3446342404717, "E_inv_c": 0, "sum_Ec": 0, "inv_cost": 0.08817032685544102, "E_c": {"0": 0}, "c_x": {"0": 2.0786318286031484, "1": 0.2959354638202246, "2": 8.9671168734927}, "c_res": {"0": 2.0786318286031484}, "inv_c_res": 0.08817032685544102, "eta": 4.6163659884006325, "_timestamp": 1683401111.9478045, "_runtime": 4739.152380466461, "_step": 49, "_wandb": {"runtime": 4738}}