{"best_f": 0.08526473168441484, "f_hat_x": 6.867672898469861, "f_x": -195.7584238907208, "f_res": 202.62609678919065, "sum_c_x": 5.9176824242642905, "cum_costs": 161.3594537095267, "E_inv_c": 0, "sum_Ec": 0, "inv_cost": 0.16898507359903214, "E_c": {"0": 0}, "c_x": {"0": 2.0000000007647527, "1": 1.7504834234108042, "2": 2.1671990000887336}, "c_res": {"0": 2.0000000007647527}, "inv_c_res": 0.16898507359903214, "eta": 1.0, "_timestamp": 1683590779.5841355, "_runtime": 68.32142353057861, "_step": 8}