{"best_f": 76.74672247480741, "f_hat_x": 0.06461244422611351, "f_x": 75.92580116834091, "f_res": 75.8611887241148, "sum_c_x": 261.5027496613382, "cum_costs": 19045.552666822194, "E_inv_c": 0, "sum_Ec": 0, "inv_cost": 0.003824051568463659, "E_c": {"0": 0}, "c_x": {"0": 72.09616754197012, "1": 49.3428290187123, "2": 140.0637531006558}, "c_res": {"0": 72.09616754197012}, "inv_c_res": 0.003824051568463659, "eta": 1.0, "_timestamp": 1683729281.8239074, "_runtime": 483.63773941993713, "_step": 49, "_wandb": {"runtime": 482}}