{"best_f": -8.493956318752081, "f_hat_x": -2.295263304115571, "f_x": -48.00357337269396, "f_res": 45.708310068578385, "sum_c_x": 419.573366595812, "cum_costs": 16303.741002249992, "E_inv_c": 0, "sum_Ec": 0, "inv_cost": 0.00238337339691852, "E_c": {"0": 0}, "c_x": {"0": 179.17215170092322, "1": 89.11681897901796, "2": 151.28439591587076}, "c_res": {"0": 179.17215170092322}, "inv_c_res": 0.00238337339691852, "eta": 1.0, "_timestamp": 1683675937.9508398, "_runtime": 74.00526165962219, "_step": 35}