{"best_f": -0.3811669240144613, "f_hat_x": -1.27440625959836, "f_x": -5.460544208759426, "f_res": 4.186137949161067, "sum_c_x": 13.165536186228113, "cum_costs": 805.9817486502785, "E_inv_c": 0, "sum_Ec": 0, "inv_cost": 0.07595588860604523, "E_c": {"0": 0}, "c_x": {"0": 2.686925384213948, "1": 2.020830694452024, "2": 8.45778010756214}, "c_res": {"0": 2.686925384213948}, "inv_c_res": 0.07595588860604523, "eta": 0.6757290490602831, "_timestamp": 1683489455.0920708, "_runtime": 10888.327944755554, "_step": 49, "_wandb": {"runtime": 10887}}