{"best_f": -2.051406574685644, "f_hat_x": -0.27020889023854117, "f_x": -4.799413363712211, "f_res": 4.52920447347367, "sum_c_x": 17.25596906053741, "cum_costs": 1236.2395498465876, "E_inv_c": 0, "sum_Ec": 0, "inv_cost": 0.05795096157693601, "E_c": {"0": 0}, "c_x": {"0": 8.810274674358148, "1": 1.204612304568137, "2": 7.241082081611126}, "c_res": {"0": 8.810274674358148}, "inv_c_res": 0.05795096157693601, "eta": 6.704751154404438, "_timestamp": 1683398335.3235288, "_runtime": 1962.4893147945404, "_step": 49, "_wandb": {"runtime": 1961}}