{"best_f": -3.1500596821442652, "f_hat_x": 10.055317991408968, "f_x": -5.922814550165593, "f_res": 15.97813254157456, "sum_c_x": 127.37114412335137, "cum_costs": 5399.639953254814, "E_inv_c": 0.07013916883296747, "sum_Ec": 355.1367437819205, "inv_cost": 0.0028153333909748915, "E_c": {"0": 141.58109836985642, "1": 86.44041560336325, "2": 127.11522980870078}, "c_x": {"0": 0.10000000149011612, "1": 0.10000000149011612, "2": 127.17114412037114}, "c_res": {"0": 0.0013216804799753845, "1": 0.0037396881065490106, "2": 0.05591431167036376}, "inv_c_res": 0.06732383544199258, "eta": 1.1376001845529191, "_timestamp": 1683837081.736629, "_runtime": 329.1923739910126, "_step": 10}