{"best_f": -5.633279793010623, "f_hat_x": 7.414227801723728, "f_x": -5.633279793010623, "f_res": 13.047507594734352, "sum_c_x": 38.18121059726044, "cum_costs": 762.2216780897509, "E_inv_c": 0, "sum_Ec": 0, "inv_cost": 0.026190892964293583, "E_c": {"0": 0}, "c_x": {"0": 2.000000000104995, "1": 1.8616458453858127, "2": 34.31956475176963}, "c_res": {"0": 2.000000000104995}, "inv_c_res": 0.026190892964293583, "eta": 1.0, "_timestamp": 1683660467.7002919, "_runtime": 71.21559596061707, "_step": 9}