{"best_f": 243.02296917682128, "f_hat_x": -8.069608191037842, "f_x": 57.147454408617186, "f_res": 65.21706259965502, "sum_c_x": 74.51570337453433, "cum_costs": 7754.04083816139, "E_inv_c": 0, "sum_Ec": 0, "inv_cost": 0.01341999007878585, "E_c": {"0": 0}, "c_x": {"0": 9.832880941633777, "1": 9.546502120595047, "2": 55.13632031230551}, "c_res": {"0": 9.832880941633777}, "inv_c_res": 0.01341999007878585, "eta": 1.0, "_timestamp": 1683769176.0696027, "_runtime": 311.00085163116455, "_step": 49, "_wandb": {"runtime": 310}}