{"best_f": -5.761366306088109, "f_hat_x": 1.397683977811891, "f_x": -12.03948583711647, "f_res": 13.43716981492836, "sum_c_x": 4.276306847711281, "cum_costs": 399.8469313979124, "E_inv_c": 0.23255525702383167, "sum_Ec": 4.301472636228306, "inv_cost": 0.2338466428187232, "E_c": {"0": 2.000128879842717, "1": 0.21920304312724687, "2": 2.082140713258342}, "c_x": {"0": 2.0001305180922238, "1": 0.19412875298424903, "2": 2.0820475766348077}, "c_res": {"0": 1.6382495067190916e-06, "1": 0.025074290142997835, "2": 9.313662353438446e-05}, "inv_c_res": 0.0012913857948915197, "eta": 1.0, "_timestamp": 1683514492.5789669, "_runtime": 3699.46098279953, "_step": 49, "_wandb": {"runtime": 3698}}