{"best_f": -1.86575053900849, "f_hat_x": 2.8347710319890793, "f_x": -6.800445271512338, "f_res": 9.635216303501418, "sum_c_x": 347.3337495177376, "cum_costs": 15937.945593213077, "E_inv_c": 0, "sum_Ec": 0, "inv_cost": 0.002879075245030089, "E_c": {"0": 0}, "c_x": {"0": 142.8824037916044, "1": 54.8479807525216, "2": 149.60336497361158}, "c_res": {"0": 142.8824037916044}, "inv_c_res": 0.002879075245030089, "eta": 1.0, "_timestamp": 1683845160.522816, "_runtime": 484.2361340522766, "_step": 39, "_wandb": {"runtime": 483}}