{"best_f": -3.0188623859519597, "f_hat_x": 0.690600972001213, "f_x": -3.2460618754356094, "f_res": 3.936662847436822, "sum_c_x": 11.013290830221095, "cum_costs": 744.2161224476681, "E_inv_c": 0, "sum_Ec": 0, "inv_cost": 0.09079938189373364, "E_c": {"0": 0}, "c_x": {"0": 2.44396086477407, "1": 2.384728694615175, "2": 6.18460127083185}, "c_res": {"0": 2.44396086477407}, "inv_c_res": 0.09079938189373364, "eta": 1.4, "_timestamp": 1683395461.58775, "_runtime": 5672.016330003738, "_step": 49, "_wandb": {"runtime": 5670}}