{"best_f": 115.77074768186873, "f_hat_x": 4.556644141026001, "f_x": 115.76704670007852, "f_res": 111.21040255905253, "sum_c_x": 14.273752726018055, "cum_costs": 884.691411732188, "E_inv_c": 0.0700595853357378, "sum_Ec": 14.273566823174374, "inv_cost": 0.07005866075970406, "E_c": {"0": 2.000001607939669, "1": 7.74364413414799, "2": 4.529921081086715}, "c_x": {"0": 2.0000013165470616, "1": 7.7436231724709055, "2": 4.530128237000087}, "c_res": {"0": 2.913926073766504e-07, "1": 2.0961677084763153e-05, "2": 0.00020715591337161499}, "inv_c_res": 9.245760337478481e-07, "eta": 2.0, "_timestamp": 1683537570.2846384, "_runtime": 3743.4603962898254, "_step": 49, "_wandb": {"runtime": 3742}}