{"best_f": 117.55617055539875, "f_hat_x": 8.022030833050065, "f_x": 117.3283399966698, "f_res": 109.30630916361973, "sum_c_x": 11.671295072271874, "cum_costs": 271.15744646789346, "E_inv_c": 0.0846705407709675, "sum_Ec": 11.811041937522967, "inv_cost": 0.08568029458665251, "E_c": {"0": 2.0000000000088973, "1": 7.424776371803168, "2": 2.3862655657109024}, "c_x": {"0": 2.0000000000107576, "1": 7.42478627567163, "2": 2.246508796589489}, "c_res": {"0": 1.8602897000619123e-12, "1": 9.903868461336174e-06, "2": 0.13975676912141344}, "inv_c_res": 0.0010097538156850078, "eta": 1.0, "_timestamp": 1683568442.6520193, "_runtime": 129.65306425094604, "_step": 12}