{"best_f": -1.3497723410040796, "f_hat_x": 4.37995560920898, "f_x": -1.911935191481743, "sum_c_x": 114.83495173940875, "cum_costs": 7461.865339659435, "E_inv_c": 0.00870738736637548, "sum_Ec": 114.84549403175149, "inv_cost": 0.008708150130713407, "E_c": {"0": 17.116609383915844, "1": 67.00746152114785, "2": 30.721423126687803}, "c_x": {"0": 17.123953979215216, "1": 67.00759410579087, "2": 30.70340365440266}, "c_res": {"0": 0.0073445952993722585, "1": 0.00013258464302623452, "2": 0.018019472285143223}, "inv_c_res": 7.627643379259225e-07, "_timestamp": 1683280194.917008, "_runtime": 3497.5850558280945, "_step": 49, "_wandb": {"runtime": 3496}}