{"best_f": -1.645268751755109, "f_hat_x": 3.606159252779121, "f_x": -30.126918300014864, "f_res": 33.733077552793986, "sum_c_x": 230.2793023859073, "cum_costs": 4932.445304816298, "E_inv_c": 0.004412106535994896, "sum_Ec": 246.8461755028737, "inv_cost": 0.004342552672511476, "E_c": {"0": 141.46028093837597, "1": 75.95678164577517, "2": 29.429112918722552}, "c_x": {"0": 125.19497124082358, "1": 75.61119949873279, "2": 29.47313164635094}, "c_res": {"0": 16.265309697552397, "1": 0.34558214704237855, "2": 0.04401872762838721}, "inv_c_res": 6.955386348342016e-05, "eta": 1.5258789062500005e-37, "_timestamp": 1683296638.594267, "_runtime": 2204.6440489292145, "_step": 26}