{"best_f": -0.818063918859846, "f_hat_x": 0.9906970869487572, "f_x": -7.625371201475119, "f_res": 8.616068288423875, "sum_c_x": 50.172276437827634, "cum_costs": 4195.30101088405, "E_inv_c": 0, "sum_Ec": 0, "inv_cost": 0.019931326042962744, "E_c": {"0": 0}, "c_x": {"0": 2.00155060655383, "1": 2.0463499627336796, "2": 46.12437586854013}, "c_res": {"0": 2.00155060655383}, "inv_c_res": 0.019931326042962744, "eta": 1.0, "_timestamp": 1683664954.7515798, "_runtime": 2542.0396728515625, "_step": 49, "_wandb": {"runtime": 2541}}