{"best_f": 2.7241209982773933, "f_hat_x": -1.9836625298806672, "f_x": -9.025012714954011, "f_res": 7.041350185073344, "sum_c_x": 154.96526351488816, "cum_costs": 14616.018435914659, "E_inv_c": 0, "sum_Ec": 0, "inv_cost": 0.002918843993985202, "E_c": {"0": 0}, "c_x": {"0": 0.10000000149011612, "1": 0.10000000149011612, "2": 154.76526351190793}, "c_res": {"0": 139.98737004353185}, "inv_c_res": 0.002918843993985202, "eta": 1.0, "_timestamp": 1683827059.8496025, "_runtime": 4562.832975387573, "_step": 49, "_wandb": {"runtime": 4562}}