{"best_f": 148.40783171239337, "f_hat_x": 1.1444991413220538, "f_x": 38.463541881329334, "f_res": 37.31904274000728, "sum_c_x": 25.015828316256226, "cum_costs": 1461.9946773660047, "E_inv_c": 0.03976769750345424, "sum_Ec": 25.164025214238606, "inv_cost": 0.03997469071812275, "E_c": {"0": 2.0337354926997966, "1": 7.1389691342995745, "2": 15.991320587239233}, "c_x": {"0": 2.033691987214488, "1": 7.00859440431102, "2": 15.973541924730716}, "c_res": {"0": 4.3505485308514835e-05, "1": 0.1303747299885547, "2": 0.01777866250851723}, "inv_c_res": 0.00020699321466850773, "eta": 1.0, "_timestamp": 1683638648.1885996, "_runtime": 3097.2414577007294, "_step": 49, "_wandb": {"runtime": 3096}}