{"best_f": -5.24754084120201, "f_hat_x": 6.92098594419237, "f_x": -5.247540841202012, "f_res": 12.16852678539438, "sum_c_x": 169.60097260545092, "cum_costs": 4180.568563427882, "E_inv_c": 0, "sum_Ec": 0, "inv_cost": 0.0028595331256208423, "E_c": {"0": 0}, "c_x": {"0": 0.10000000149011612, "1": 0.10000000149011612, "2": 169.4009726024707}, "c_res": {"0": 140.5930960661562}, "inv_c_res": 0.0028595331256208423, "eta": 1.0, "_timestamp": 1683822379.8741724, "_runtime": 50.717509508132935, "_step": 2, "_wandb": {"runtime": 49}}