{"best_f": 181.62540238687146, "f_hat_x": 1.0410188623287995, "f_x": 17.703034386136792, "f_res": 16.662015523807995, "sum_c_x": 24.158863430976993, "cum_costs": 1517.2988086753667, "E_inv_c": 0, "sum_Ec": 0, "inv_cost": 0.041392675729843294, "E_c": {"0": 0}, "c_x": {"0": 3.549165260505003, "1": 6.1716394993033745, "2": 14.438058671168616}, "c_res": {"0": 3.549165260505003}, "inv_c_res": 0.041392675729843294, "eta": 1.0, "_timestamp": 1683636845.2397602, "_runtime": 1294.5068061351776, "_step": 49, "_wandb": {"runtime": 1293}}