{"best_f": -10.430440245549605, "f_hat_x": 5.949375246470199, "f_x": -10.462082270462588, "f_res": 16.411457516932785, "sum_c_x": 113.60010680616156, "cum_costs": 5036.2664777839245, "E_inv_c": 0, "sum_Ec": 0, "inv_cost": 0.0029095459398538427, "E_c": {"0": 0}, "c_x": {"0": 0.10000000149011612, "1": 0.10000000149011612, "2": 113.40010680318133}, "c_res": {"0": 142.7521775169551}, "inv_c_res": 0.0029095459398538427, "eta": 1.2604988194492182, "_timestamp": 1683837098.9884965, "_runtime": 346.470228433609, "_step": 8}