{"best_f": -5.844737045347468, "f_hat_x": 7.617093580735892, "f_x": -11.22791909197145, "f_res": 18.84501267270734, "sum_c_x": 295.7667381079824, "cum_costs": 5639.411080841529, "E_inv_c": 0, "sum_Ec": 0, "inv_cost": 0.0033810427987845844, "E_c": {"0": 0}, "c_x": {"0": 144.53186545722681, "1": 59.27167197131817, "2": 91.96320067943739}, "c_res": {"0": 144.53186545722681}, "inv_c_res": 0.0033810427987845844, "eta": 1.0, "_timestamp": 1683844124.767902, "_runtime": 35.69004487991333, "_step": 6}