{"best_f": -4.593350622901097, "f_hat_x": 5.482175570461148, "f_x": -5.348710349631177, "f_res": 10.830885920092324, "sum_c_x": 137.5506197755873, "cum_costs": 6054.746956220112, "E_inv_c": 0, "sum_Ec": 0, "inv_cost": 0.0072700508484185074, "E_c": {"0": 0}, "c_x": {"0": 36.37229817308118, "1": 70.44845220115724, "2": 30.729869401348896}, "c_res": {"0": 36.37229817308118}, "inv_c_res": 0.0072700508484185074, "eta": 5.960464477539066e-56, "_timestamp": 1683296698.244282, "_runtime": 2269.130788087845, "_step": 34}