{"best_f": -5.176395605852209, "f_hat_x": 6.88129004675957, "f_x": -9.35533710565825, "f_res": 16.23662715241782, "sum_c_x": 366.5032968790655, "cum_costs": 4593.564937735561, "E_inv_c": 0, "sum_Ec": 0, "inv_cost": 0.002728488416108214, "E_c": {"0": 0}, "c_x": {"0": 143.82060097205124, "1": 54.69759874894422, "2": 167.98509715807003}, "c_res": {"0": 143.82060097205124}, "inv_c_res": 0.002728488416108214, "eta": 1.0, "_timestamp": 1683812433.8971088, "_runtime": 19.573649883270264, "_step": 2, "_wandb": {"runtime": 18}}