{"best_f": -10.044813022272825, "f_hat_x": 9.570253440081892, "f_x": -10.044813022272962, "f_res": 19.615066462354854, "sum_c_x": 103.86585274209446, "cum_costs": 4333.192416948669, "E_inv_c": 0.003259953814396139, "sum_Ec": 306.7569851776906, "inv_cost": 0.003257197302774892, "E_c": {"0": 147.20804394257263, "1": 56.141255044502486, "2": 103.40768619061545}, "c_x": {"0": 0.10000000149011612, "1": 0.10000000149011612, "2": 103.66585273911423}, "c_res": {"0": 147.1080439410825, "1": 56.04125504301237, "2": 0.25816654849877807}, "inv_c_res": 2.75651162124713e-06, "eta": 1.0, "_timestamp": 1683675930.4109547, "_runtime": 66.69924569129944, "_step": 3}