{"best_f": -2.9892610109557847, "f_hat_x": -0.1901685659256607, "f_x": -3.073605408988212, "f_res": 2.883436843062551, "sum_c_x": 102.97173970583, "cum_costs": 9903.795385298816, "E_inv_c": 0.003150917152576531, "sum_Ec": 317.36803099462816, "inv_cost": 0.0031509616070610753, "E_c": {"0": 175.98350144413115, "1": 38.60942800171227, "2": 102.77510154878473}, "c_x": {"0": 0.10000000149011612, "1": 0.10000000149011612, "2": 102.77173970284977}, "c_res": {"0": 0.0006447068125794431, "1": 0.0018785921014696783, "2": 0.0033618459349611385}, "inv_c_res": 4.445448454444209e-08, "eta": 1.0, "_timestamp": 1683690066.6112351, "_runtime": 2525.7349030971527, "_step": 49, "_wandb": {"runtime": 2525}}