{"best_f": -7.544881878455517, "f_hat_x": 6.78804213082881, "f_x": -7.544881909982896, "f_res": 14.332924040811706, "sum_c_x": 118.5631371467128, "cum_costs": 4478.001920592568, "E_inv_c": 0, "sum_Ec": 0, "inv_cost": 0.00320508902908665, "E_c": {"0": 0}, "c_x": {"0": 0.10000000149011612, "1": 0.10000000149011612, "2": 118.36313714373257}, "c_res": {"0": 142.73824656509987}, "inv_c_res": 0.00320508902908665, "eta": 1.2604988194492182, "_timestamp": 1683837094.4920883, "_runtime": 341.98720240592957, "_step": 8}