{"best_f": -3.0908090956214362, "f_hat_x": 5.169915441982898, "f_x": -3.73451823928895, "f_res": 8.904433681271847, "sum_c_x": 369.85546228214025, "cum_costs": 12866.05586638342, "E_inv_c": 0.07369314418686335, "sum_Ec": 370.58472614344123, "inv_cost": 0.00270375890578888, "E_c": {"0": 140.24787032894025, "1": 60.49317692002004, "2": 169.84367889448097}, "c_x": {"0": 140.2487306925315, "1": 60.07858186478103, "2": 169.5281497248277}, "c_res": {"0": 0.0008603635912436403, "1": 0.41459505523901186, "2": 0.31552916965327427}, "inv_c_res": 0.07098938528107447, "eta": 0.1285121565651031, "_timestamp": 1683862855.6473982, "_runtime": 3811.866537332535, "_step": 39, "_wandb": {"runtime": 3811}}