{"best_f": 125.56915748290855, "f_hat_x": 7.750998357106993, "f_x": 121.75903694652747, "f_res": 114.00803858942048, "sum_c_x": 11.880984429139644, "cum_costs": 284.3499326526797, "E_inv_c": 0, "sum_Ec": 0, "inv_cost": 0.08416810963470091, "E_c": {"0": 0}, "c_x": {"0": 2.0000000008012133, "1": 7.879781701655164, "2": 2.0012027266832666}, "c_res": {"0": 2.0000000008012133}, "inv_c_res": 0.08416810963470091, "eta": 2.0, "_timestamp": 1683566767.0120761, "_runtime": 435.28962802886963, "_step": 13}