{"best_f": -3.5195822964226453, "f_hat_x": 0.6853895261364784, "f_x": -4.039334437500182, "f_res": 4.72472396363666, "sum_c_x": 12.352584599184127, "cum_costs": 858.4052139611083, "E_inv_c": 0.0810014442195885, "sum_Ec": 12.345502226271867, "inv_cost": 0.0809547177734811, "E_c": {"0": 8.644731057083874, "1": 0.18295287533137033, "2": 3.5178182938566223}, "c_x": {"0": 8.644723096535945, "1": 0.19033927386333516, "2": 3.5175222287848458}, "c_res": {"0": 7.960547929286577e-06, "1": 0.007386398531964822, "2": 0.00029606507177648567}, "inv_c_res": 4.6726446107411834e-05, "eta": 5.0, "_timestamp": 1683415410.1672368, "_runtime": 2738.9028508663177, "_step": 49, "_wandb": {"runtime": 2738}}