{"best_f": -6.315374829151077, "f_hat_x": 7.510451822291496, "f_x": -6.315374829151077, "f_res": 13.825826651442572, "sum_c_x": 106.10544368995296, "cum_costs": 4720.707744512637, "E_inv_c": 0, "sum_Ec": 0, "inv_cost": 0.0033431425844483854, "E_c": {"0": 0}, "c_x": {"0": 0.10000000149011612, "1": 0.10000000149011612, "2": 105.90544368697273}, "c_res": {"0": 141.48306773147917}, "inv_c_res": 0.0033431425844483854, "eta": 1.0, "_timestamp": 1683844648.5056944, "_runtime": 467.25608348846436, "_step": 10}