{"best_f": -0.26620760084849215, "f_hat_x": -0.9213503496636566, "f_x": -11.904813367290025, "f_res": 10.983463017626368, "sum_c_x": 10.3055380513192, "cum_costs": 672.9150995132837, "E_inv_c": 0, "sum_Ec": 0, "inv_cost": 0.09703520524791921, "E_c": {"0": 0}, "c_x": {"0": 3.467132895420443, "1": 2.0297952449315577, "2": 4.808609910967199}, "c_res": {"0": 3.467132895420443}, "inv_c_res": 0.09703520524791921, "eta": 3.0, "_timestamp": 1683392658.5835454, "_runtime": 2869.0230915546417, "_step": 49, "_wandb": {"runtime": 2868}}