{"best_f": 76.14253974809594, "f_hat_x": 0.2071253855417259, "f_x": 76.14253974809594, "f_res": 75.93541436255421, "sum_c_x": 247.81187626214648, "cum_costs": 11866.300064544277, "E_inv_c": 0, "sum_Ec": 0, "inv_cost": 0.004035319110138835, "E_c": {"0": 0}, "c_x": {"0": 75.54487475376368, "1": 49.56370421209432, "2": 122.7032972962885}, "c_res": {"0": 75.54487475376368}, "inv_c_res": 0.004035319110138835, "eta": 1.0, "_timestamp": 1683730357.398525, "_runtime": 1559.1857841014862, "_step": 49, "_wandb": {"runtime": 1558}}