{"best_f": -1.3736083793762592, "f_hat_x": 6.314904081838995, "f_x": -1.397070481701702, "f_res": 7.711974563540697, "sum_c_x": 9.260043618074649, "cum_costs": 1722.9884199516302, "E_inv_c": 0, "sum_Ec": 0, "inv_cost": 0.03665544011946658, "E_c": {"0": 0}, "c_x": {"0": 0.10000000149011612, "1": 0.10000000149011612, "2": 9.060043615094417}, "c_res": {"0": 9.180022658369898}, "inv_c_res": 0.03665544011946658, "eta": 1.0, "_timestamp": 1683766753.2571766, "_runtime": 3281.3676795959473, "_step": 49, "_wandb": {"runtime": 3280}}