{"best_f": 118.51685814260435, "f_hat_x": 9.014169035092038, "f_x": 117.78761078553372, "f_res": 108.77344175044168, "sum_c_x": 11.802952299559319, "cum_costs": 247.72202242705907, "E_inv_c": 0.08466857230744136, "sum_Ec": 11.811057462561692, "inv_cost": 0.08472456505965346, "E_c": {"0": 2.000000010492274, "1": 7.592155057363126, "2": 2.2189023947062925}, "c_x": {"0": 2.000000010492607, "1": 7.5921487489332025, "2": 2.2108035401335098}, "c_res": {"0": 3.326228181776969e-13, "1": 6.308429923329584e-06, "2": 0.008098854572782699}, "inv_c_res": 5.599275221210287e-05, "eta": 1.0, "_timestamp": 1683568443.0507681, "_runtime": 133.46659421920776, "_step": 10}