{"best_f": -4.779465262049737, "f_hat_x": 6.613217445509436, "f_x": -4.779465262049737, "f_res": 11.392682707559173, "sum_c_x": 295.02229794646433, "cum_costs": 3811.525761036273, "E_inv_c": 0.04597924362741177, "sum_Ec": 299.9281914209867, "inv_cost": 0.0033895743032327104, "E_c": {"0": 143.5640863976077, "1": 61.049972972422346, "2": 95.31413205095666}, "c_x": {"0": 141.99601372239533, "1": 60.274086284809194, "2": 92.75219793925983}, "c_res": {"0": 1.5680726752123633, "1": 0.775886687613152, "2": 2.5619341116968286}, "inv_c_res": 0.04258966932417906, "eta": 1.0, "_timestamp": 1683840413.8061159, "_runtime": 32.301310777664185, "_step": 0}