{"best_f": -0.7648724831054525, "f_hat_x": -0.7113755349016936, "f_x": -4.487787197110142, "f_res": 3.776411662208449, "sum_c_x": 213.97152928605442, "cum_costs": 9897.584978757704, "E_inv_c": 0, "sum_Ec": 0, "inv_cost": 0.0036866001674966905, "E_c": {"0": 0}, "c_x": {"0": 0.10000000149011612, "1": 88.95246952333942, "2": 124.91905976122487}, "c_res": {"0": 57.38110310465117}, "inv_c_res": 0.0036866001674966905, "eta": 0.6050060671375365, "_timestamp": 1683721903.2022538, "_runtime": 6280.5484437942505, "_step": 49, "_wandb": {"runtime": 6279}}