{"best_f": 177.85356581736858, "f_hat_x": 2.076515178031091, "f_x": -184.89376188646335, "f_res": 186.97027706449444, "sum_c_x": 23.556863830544003, "cum_costs": 1506.3067072928795, "E_inv_c": 0.042448518321172315, "sum_Ec": 23.55795152064109, "inv_cost": 0.042450472490459135, "E_c": {"0": 2.0144715507906423, "1": 7.330340204453139, "2": 14.213139765397306}, "c_x": {"0": 2.014470329130999, "1": 7.3303378669151265, "2": 14.21205563449788}, "c_res": {"0": 1.2216596432246263e-06, "1": 2.3375380129309065e-06, "2": 0.0010841308994269383}, "inv_c_res": 1.9541692868191296e-06, "eta": 1.0, "_timestamp": 1683639013.5340896, "_runtime": 3462.5208525657654, "_step": 49, "_wandb": {"runtime": 3461}}