{"best_f": -4.00588951333137, "f_hat_x": 2.9592032625628186, "f_x": -5.338942134427757, "f_res": 8.298145396990575, "sum_c_x": 367.6597491299008, "cum_costs": 9731.230604861441, "E_inv_c": 0, "sum_Ec": 0, "inv_cost": 0.0027199061152780204, "E_c": {"0": 0}, "c_x": {"0": 138.68625189090199, "1": 78.8203041310664, "2": 150.1531931079324}, "c_res": {"0": 138.68625189090199}, "inv_c_res": 0.0027199061152780204, "eta": 1.0, "_timestamp": 1683675426.726205, "_runtime": 111.27223014831543, "_step": 19}