{"best_f": 65.49339295645356, "f_hat_x": 1.0231366000744868, "f_x": 13.065362235140388, "f_res": 12.0422256350659, "sum_c_x": 18.09883848403951, "cum_costs": 1027.004055879255, "E_inv_c": 0, "sum_Ec": 0, "inv_cost": 0.05525216443485318, "E_c": {"0": 0}, "c_x": {"0": 3.558576334364081, "1": 0.1257205609080866, "2": 14.414541588767346}, "c_res": {"0": 3.558576334364081}, "inv_c_res": 0.05525216443485318, "eta": 4.0, "_timestamp": 1683629671.4223921, "_runtime": 1012.6435141563416, "_step": 49, "_wandb": {"runtime": 1011}}