{"best_f": -15.674776455145272, "f_hat_x": 11.957695606459488, "f_x": -16.354122267463886, "f_res": 28.311817873923374, "sum_c_x": 9.480764766625125, "cum_costs": 903.5303063956334, "E_inv_c": 0, "sum_Ec": 0, "inv_cost": 0.03425626537208605, "E_c": {"0": 0}, "c_x": {"0": 0.10000000149011612, "1": 0.10000000149011612, "2": 9.280764763644893}, "c_res": {"0": 9.875811439104874}, "inv_c_res": 0.03425626537208605, "eta": 1.0, "_timestamp": 1683805232.9786026, "_runtime": 35.103760719299316, "_step": 1}