{"best_f": -7.058875235332666, "f_hat_x": 6.896100231722599, "f_x": -7.253032245017026, "f_res": 14.149132476739625, "sum_c_x": 94.98888781697768, "cum_costs": 4259.345278064216, "E_inv_c": 0, "sum_Ec": 0, "inv_cost": 0.003493345921091704, "E_c": {"0": 0}, "c_x": {"0": 0.10000000149011612, "1": 0.10000000149011612, "2": 94.78888781399745}, "c_res": {"0": 141.48192563253716}, "inv_c_res": 0.003493345921091704, "eta": 1.0, "_timestamp": 1683682353.5955663, "_runtime": 24.369980335235596, "_step": 6}