{"best_f": 192.6995330393191, "f_hat_x": 0.7273527659486427, "f_x": 172.010175986329, "f_res": 171.28282322038035, "sum_c_x": 24.99819977340664, "cum_costs": 1538.5927620229018, "E_inv_c": 0, "sum_Ec": 0, "inv_cost": 0.04000288056997652, "E_c": {"0": 0}, "c_x": {"0": 2.0000337429804, "1": 7.001819228521515, "2": 15.996346801904723}, "c_res": {"0": 2.0000337429804}, "inv_c_res": 0.04000288056997652, "eta": 4.0, "_timestamp": 1683589320.0900614, "_runtime": 1015.0733075141907, "_step": 49, "_wandb": {"runtime": 1014}}