{"best_f": 118.71647170803789, "f_hat_x": 8.31359839821996, "f_x": 117.9223065402185, "f_res": 109.60870814199853, "sum_c_x": 11.738003580922232, "cum_costs": 262.9551245924618, "E_inv_c": 0.08471972274094637, "sum_Ec": 11.803894744395436, "inv_cost": 0.08519336300299817, "E_c": {"0": 2.000000002390635, "1": 7.505041931094364, "2": 2.298852810910438}, "c_x": {"0": 2.0000000023970728, "1": 7.505042497953336, "2": 2.2329610805718225}, "c_res": {"0": 6.437961275196358e-12, "1": 5.668589722063189e-07, "2": 0.0658917303386155}, "inv_c_res": 0.0004736402620517943, "eta": 2.0, "_timestamp": 1683566706.0866268, "_runtime": 374.3513648509979, "_step": 11}