{"best_f": -3.0384463476231276, "f_hat_x": 8.31472386638275, "f_x": -4.00992656619146, "f_res": 12.32465043257421, "sum_c_x": 164.42770674348304, "cum_costs": 11953.232617086898, "E_inv_c": 0, "sum_Ec": 0, "inv_cost": 0.0032826372595730078, "E_c": {"0": 0}, "c_x": {"0": 0.10000000149011612, "1": 64.80933314991326, "2": 99.51837359207966}, "c_res": {"0": 140.30540405443912}, "inv_c_res": 0.0032826372595730078, "eta": 1.0, "_timestamp": 1683686567.5186362, "_runtime": 2549.017181158066, "_step": 49, "_wandb": {"runtime": 2548}}