{"best_f": -7.690505144728718, "f_hat_x": 1.3074986408098361, "f_x": -94.22027590062704, "f_res": 95.52777454143688, "sum_c_x": 119.03477857707567, "cum_costs": 10452.055577569123, "E_inv_c": 0, "sum_Ec": 0, "inv_cost": 0.008400906121335745, "E_c": {"0": 0}, "c_x": {"0": 33.278055400618996, "1": 56.95073556292462, "2": 28.805987613532054}, "c_res": {"0": 33.278055400618996}, "inv_c_res": 0.008400906121335745, "eta": 0.1352759542790559, "_timestamp": 1683311484.83414, "_runtime": 1800.5422251224518, "_step": 49, "_wandb": {"runtime": 1799}}