{"best_f": 195.79031114054908, "f_hat_x": 3.0520291002146207, "f_x": 195.77865004897927, "f_res": 192.72662094876466, "sum_c_x": 25.770850051610964, "cum_costs": 1551.5874667996766, "E_inv_c": 0, "sum_Ec": 0, "inv_cost": 0.038803531819761955, "E_c": {"0": 0}, "c_x": {"0": 2.000005074111523, "1": 7.773248461375286, "2": 15.997596516124153}, "c_res": {"0": 2.000005074111523}, "inv_c_res": 0.038803531819761955, "eta": 1.0, "_timestamp": 1683586622.5871263, "_runtime": 1473.6956293582916, "_step": 49, "_wandb": {"runtime": 1472}}