{"best_f": 74.36866270292668, "f_hat_x": 0.2858269401692431, "f_x": 74.19830745566254, "f_res": 73.9124805154933, "sum_c_x": 122.39179706280693, "cum_costs": 10945.536617330674, "E_inv_c": 0, "sum_Ec": 0, "inv_cost": 0.004224508312163091, "E_c": {"0": 0}, "c_x": {"0": 0.10000000149011612, "1": 0.10000000149011612, "2": 122.1917970598267}, "c_res": {"0": 64.95492558093558}, "inv_c_res": 0.004224508312163091, "eta": 4.0, "_timestamp": 1683748265.6740556, "_runtime": 860.7164466381073, "_step": 49, "_wandb": {"runtime": 859}}