{"best_f": -3.5159485382624505, "f_hat_x": -1.5652435366191235, "f_x": -14.448293807113654, "f_res": 12.88305027049453, "sum_c_x": 15.828054507320468, "cum_costs": 1009.1585508239132, "E_inv_c": 0.06292264237243009, "sum_Ec": 15.893469948369031, "inv_cost": 0.06317895857241965, "E_c": {"0": 8.773637618965234, "1": 2.9600476712971715, "2": 4.1597846581066245}, "c_x": {"0": 8.774149566798123, "1": 2.959873566021861, "2": 4.094031374500485}, "c_res": {"0": 0.0005119478328889926, "1": 0.00017410527531058761, "2": 0.06575328360613941}, "inv_c_res": 0.0002563161999895591, "eta": 1.0, "_timestamp": 1683503648.9493048, "_runtime": 2959.6005578041077, "_step": 49, "_wandb": {"runtime": 2958}}