{"best_f": 145.2296369640355, "f_hat_x": 1.296652050882491, "f_x": -344.22625097448605, "f_res": 345.5229030253685, "sum_c_x": 21.278721662022143, "cum_costs": 1497.3650084745266, "E_inv_c": 0, "sum_Ec": 0, "inv_cost": 0.0469953043177768, "E_c": {"0": 0}, "c_x": {"0": 2.177453102278175, "1": 6.728705647882324, "2": 12.372562911861642}, "c_res": {"0": 2.177453102278175}, "inv_c_res": 0.0469953043177768, "eta": 0.8, "_timestamp": 1683649521.5357387, "_runtime": 4046.2777936458588, "_step": 49, "_wandb": {"runtime": 4045}}