{"best_f": -1.9549667286374128, "f_hat_x": 2.8406358185969514, "f_x": -6.563513702618157, "f_res": 9.404149521215109, "sum_c_x": 303.06209544966475, "cum_costs": 19159.152137777462, "E_inv_c": 0, "sum_Ec": 0, "inv_cost": 0.0032996538168729482, "E_c": {"0": 0}, "c_x": {"0": 140.13904179582374, "1": 56.448196751674104, "2": 106.47485690216686}, "c_res": {"0": 140.13904179582374}, "inv_c_res": 0.0032996538168729482, "eta": 1.0, "_timestamp": 1683683419.2821789, "_runtime": 319.16386890411377, "_step": 49, "_wandb": {"runtime": 318}}