{"best_f": -0.7254525673442904, "f_hat_x": -0.3297325021194479, "f_x": -8.170520547984882, "f_res": 7.840788045865434, "sum_c_x": 9.845688799034196, "cum_costs": 536.0660356827894, "E_inv_c": 0, "sum_Ec": 0, "inv_cost": 0.10156729716036669, "E_c": {"0": 0}, "c_x": {"0": 2.5683472044877256, "1": 2.020830694452024, "2": 5.2565109000944465}, "c_res": {"0": 2.5683472044877256}, "inv_c_res": 0.10156729716036669, "eta": 2.4, "_timestamp": 1683406891.4148908, "_runtime": 4331.2281856536865, "_step": 49, "_wandb": {"runtime": 4330}}