{"best_f": -4.578943380297429, "f_hat_x": -0.5164151008737539, "f_x": -14.60250111424451, "f_res": 14.086086013370755, "sum_c_x": 13.750642791373371, "cum_costs": 510.3377785693174, "E_inv_c": 0.07256631630334953, "sum_Ec": 13.78185435675055, "inv_cost": 0.072723872997949, "E_c": {"0": 8.772319029652248, "1": 1.9250736153839474, "2": 3.0844617117143533}, "c_x": {"0": 8.77413893455434, "1": 1.9247965839570287, "2": 3.051707272862002}, "c_res": {"0": 0.001819904902092162, "1": 0.00027703142691870575, "2": 0.03275443885235152}, "inv_c_res": 0.00015755669459946442, "eta": 0.95, "_timestamp": 1683478441.4425495, "_runtime": 916.115184545517, "_step": 17}