{"best_f": -4.309594846800957, "f_hat_x": 4.315744615305928, "f_x": -4.309594846800957, "f_res": 8.625339462106885, "sum_c_x": 154.43781245911094, "cum_costs": 10428.314051944493, "E_inv_c": 0.06929148676065265, "sum_Ec": 380.12739242174837, "inv_cost": 0.00263224233345892, "E_c": {"0": 140.0531721299724, "1": 85.61150943703622, "2": 154.4627108547397}, "c_x": {"0": 0.10000000149011612, "1": 0.10000000149011612, "2": 154.2378124561307}, "c_res": {"0": 5.088911620987346e-06, "1": 0.0017422563487485832, "2": 0.22489839860898542}, "inv_c_res": 0.06665924442719373, "eta": 4.0, "_timestamp": 1683831434.4837778, "_runtime": 1870.3519086837769, "_step": 49, "_wandb": {"runtime": 1869}}