{"best_f": -2.9931574026475913, "f_hat_x": 0.07588317929378127, "f_x": -3.007655474526998, "f_res": 3.083538653820779, "sum_c_x": 17.63459616293237, "cum_costs": 1198.599058139857, "E_inv_c": 0, "sum_Ec": 0, "inv_cost": 0.05670671393666408, "E_c": {"0": 0}, "c_x": {"0": 8.646832386250662, "1": 0.11794679449291845, "2": 8.86981698218879}, "c_res": {"0": 8.646832386250662}, "inv_c_res": 0.05670671393666408, "eta": 3.1670269825233763, "_timestamp": 1683399963.7470255, "_runtime": 3590.8340134620667, "_step": 49, "_wandb": {"runtime": 3590}}