{"best_f": 76.69365429236571, "f_hat_x": 0.25016782332146165, "f_x": 76.69365429236571, "f_res": 76.44348646904425, "sum_c_x": 252.73277504367096, "cum_costs": 12538.964962580158, "E_inv_c": 0, "sum_Ec": 0, "inv_cost": 0.003956748387015515, "E_c": {"0": 0}, "c_x": {"0": 76.97121668333652, "1": 49.85698359000109, "2": 125.90457477033334}, "c_res": {"0": 76.97121668333652}, "inv_c_res": 0.003956748387015515, "eta": 0.6050060671375365, "_timestamp": 1683750765.8242874, "_runtime": 3360.9033484458923, "_step": 49, "_wandb": {"runtime": 3359}}