{"best_f": -18.336205748174102, "f_hat_x": 6.605692472005376, "f_x": -36.44844832644698, "f_res": 43.05414079845235, "sum_c_x": 5.526094982550649, "cum_costs": 170.13070504700187, "E_inv_c": 0.15402495481944767, "sum_Ec": 6.606753555978467, "inv_cost": 0.1809596112910885, "E_c": {"0": 2.0004413503177703, "1": 1.2193954334985493, "2": 3.386916772162148}, "c_x": {"0": 2.000486753935406, "1": 1.2195285948543826, "2": 2.306079633760861}, "c_res": {"0": 4.5403617635830784e-05, "1": 0.00013316135583330002, "2": 1.0808371384012867}, "inv_c_res": 0.02693465647164084, "eta": 1.0, "_timestamp": 1683570218.644772, "_runtime": 17.06214213371277, "_step": 1}