{"best_f": 118.41676435295618, "f_hat_x": 8.618452242689756, "f_x": 117.25918152821644, "f_res": 108.64072928552669, "sum_c_x": 11.561988608625207, "cum_costs": 258.4021706771867, "E_inv_c": 0.08220143808546908, "sum_Ec": 12.176111152135574, "inv_cost": 0.08649031181833229, "E_c": {"0": 2.0000005261615823, "1": 7.450311893923859, "2": 2.7257987320501336}, "c_x": {"0": 2.000000526157393, "1": 7.450321907288965, "2": 2.1116661751788497}, "c_res": {"0": 4.189093516515641e-12, "1": 1.001336510597639e-05, "2": 0.6141325568712839}, "inv_c_res": 0.004288873732863213, "eta": 2.0, "_timestamp": 1683566716.8509078, "_runtime": 385.29144287109375, "_step": 10}