{"best_f": 192.64790075635244, "f_hat_x": 2.747649887006861, "f_x": 192.64018159032491, "f_res": 189.89253170331804, "sum_c_x": 25.542776010479724, "cum_costs": 1530.055679763532, "E_inv_c": 0.03915005627537383, "sum_Ec": 25.542747616641666, "inv_cost": 0.03915001249628148, "E_c": {"0": 2.0027921806076865, "1": 7.542155787459707, "2": 15.997799648574272}, "c_x": {"0": 2.0027920054579846, "1": 7.542153257863862, "2": 15.997830747157877}, "c_res": {"0": 1.7514970185317225e-07, "1": 2.5295958456794665e-06, "2": 3.109858360517137e-05}, "inv_c_res": 4.377909235131483e-08, "eta": 5.0, "_timestamp": 1683589313.002232, "_runtime": 1008.020781993866, "_step": 49, "_wandb": {"runtime": 1007}}