{"best_f": 243.65949902018042, "f_hat_x": -2.4320606677252683, "f_x": 80.70236412648887, "f_res": 83.13442479421414, "sum_c_x": 91.22163564953483, "cum_costs": 6409.8661315780955, "E_inv_c": 0, "sum_Ec": 0, "inv_cost": 0.010962311658627877, "E_c": {"0": 0}, "c_x": {"0": 26.052376381824857, "1": 10.503118785683554, "2": 54.66614048202642}, "c_res": {"0": 26.052376381824857}, "inv_c_res": 0.010962311658627877, "eta": 1.0, "_timestamp": 1683769202.7787082, "_runtime": 333.96204018592834, "_step": 49, "_wandb": {"runtime": 333}}