{"best_f": 119.26319647737947, "f_hat_x": 8.893708898071237, "f_x": 113.36705403279893, "f_res": 104.4733451347277, "sum_c_x": 11.641687454920277, "cum_costs": 212.35362508985546, "E_inv_c": 0, "sum_Ec": 0, "inv_cost": 0.08589820022846921, "E_c": {"0": 0}, "c_x": {"0": 2.000000013466785, "1": 7.64160977012028, "2": 2.0000776713332122}, "c_res": {"0": 2.000000013466785}, "inv_c_res": 0.08589820022846921, "eta": 1.0, "_timestamp": 1683567286.839086, "_runtime": 68.77344608306885, "_step": 7}