{"best_f": -1.8524218423653789, "f_hat_x": 7.199927880213683, "f_x": -5.908479355168177, "f_res": 13.108407235381861, "sum_c_x": 29.34240241107257, "cum_costs": 1279.6160735461133, "E_inv_c": 0, "sum_Ec": 0, "inv_cost": 0.034080372356376745, "E_c": {"0": 0}, "c_x": {"0": 9.242686471407076, "1": 9.417704157459974, "2": 10.682011782205521}, "c_res": {"0": 9.242686471407076}, "inv_c_res": 0.034080372356376745, "eta": 1.0, "_timestamp": 1683805079.0100417, "_runtime": 44.530600786209106, "_step": 13}