{"best_f": -1.3961658482715469, "f_hat_x": -0.418936532502756, "f_x": -1.8170564133451312, "f_res": 1.3981198808423754, "sum_c_x": 11.708927105958802, "cum_costs": 895.4265080040261, "E_inv_c": 0, "sum_Ec": 0, "inv_cost": 0.08540492147150604, "E_c": {"0": 0}, "c_x": {"0": 4.23542164142008, "1": 1.9829909857646744, "2": 5.490514478774047}, "c_res": {"0": 4.23542164142008}, "inv_c_res": 0.08540492147150604, "eta": 1.0, "_timestamp": 1683366919.80844, "_runtime": 4642.465901851654, "_step": 49, "_wandb": {"runtime": 4641}}