{"best_f": -7.350531818861516, "f_hat_x": 2.1565398085924574, "f_x": -37.9361049172411, "f_res": 40.09264472583356, "sum_c_x": 130.96275928796402, "cum_costs": 4470.275168997308, "E_inv_c": 0, "sum_Ec": 0, "inv_cost": 0.007635758481547997, "E_c": {"0": 0}, "c_x": {"0": 46.86306008792875, "1": 56.08130665273744, "2": 28.01839254729782}, "c_res": {"0": 46.86306008792875}, "inv_c_res": 0.007635758481547997, "eta": 5.120000000000003e-09, "_timestamp": 1683315437.9630146, "_runtime": 425.53607654571533, "_step": 19, "_wandb": {"runtime": 461}}