{"best_f": -9.797002765952138, "f_hat_x": 1.190724832144947, "f_x": -55.79444796754554, "f_res": 56.98517279969048, "sum_c_x": 159.70366210829224, "cum_costs": 9411.754702491698, "E_inv_c": 0.006261476024423995, "sum_Ec": 159.7087434098107, "inv_cost": 0.0062615971781656305, "E_c": {"0": 76.82403299154787, "1": 52.885904966801085, "2": 29.99880545146176}, "c_x": {"0": 76.81812475660979, "1": 52.886795355832405, "2": 29.998741995850033}, "c_res": {"0": 0.005908234938075907, "1": 0.0008903890313192164, "2": 6.345561172693692e-05}, "inv_c_res": 1.2115374163537002e-07, "eta": 0.1352759542790559, "_timestamp": 1683313237.0687447, "_runtime": 3552.655621767044, "_step": 49, "_wandb": {"runtime": 3551}}