{"best_f": 68.18589067758045, "f_hat_x": 1.2576907811724327, "f_x": 62.48012340078093, "f_res": 61.2224326196085, "sum_c_x": 299.87549358162914, "cum_costs": 5304.15281060089, "E_inv_c": 0.0033355642700726314, "sum_Ec": 300.1233794769811, "inv_cost": 0.0033347173123628054, "E_c": {"0": 111.1151184835855, "1": 50.27343229241146, "2": 138.73482870098414}, "c_x": {"0": 110.69631124620945, "1": 50.458630176792994, "2": 138.72055215862673}, "c_res": {"0": 0.41880723737605763, "1": 0.1851978843815374, "2": 0.014276542357407607}, "inv_c_res": 8.469577098260336e-07, "eta": 1.0, "_timestamp": 1683728759.4801004, "_runtime": 187.15919542312622, "_step": 8}