{"best_f": -3.953396214094227, "f_hat_x": -0.45518445240640676, "f_x": -9.184213238894461, "f_res": 8.729028786488055, "sum_c_x": 13.760583881211135, "cum_costs": 933.7376660093838, "E_inv_c": 0, "sum_Ec": 0, "inv_cost": 0.07267133492535967, "E_c": {"0": 0}, "c_x": {"0": 2.9840450005560637, "1": 2.0433988002893284, "2": 8.733140080365743}, "c_res": {"0": 2.9840450005560637}, "inv_c_res": 0.07267133492535967, "eta": 1.4, "_timestamp": 1683394671.834638, "_runtime": 4882.02886223793, "_step": 49, "_wandb": {"runtime": 4881}}