{"best_f": -1.765698353913549, "f_hat_x": 0.06655757409522933, "f_x": -3.849835179209927, "f_res": 3.916392753305156, "sum_c_x": 17.702781454885233, "cum_costs": 977.5878046223273, "E_inv_c": 0.05609222210326768, "sum_Ec": 17.833557354302673, "inv_cost": 0.056488298324670415, "E_c": {"0": 8.084908494289461, "1": 2.3921607976633643, "2": 7.356488062349847}, "c_x": {"0": 8.075182760165298, "1": 2.2681930539798265, "2": 7.3594056407401105}, "c_res": {"0": 0.009725734124163665, "1": 0.1239677436835378, "2": 0.002917578390263742}, "inv_c_res": 0.00039607622140273163, "eta": 0.0852575903343082, "_timestamp": 1683510690.0894997, "_runtime": 4894.890800714493, "_step": 47}