{"best_f": 1.0243679763970703, "f_hat_x": -0.31705593489405043, "f_x": -6.397179364210415, "f_res": 6.080123429316365, "sum_c_x": 16.714611070627235, "cum_costs": 1065.322921981671, "E_inv_c": 0, "sum_Ec": 0, "inv_cost": 0.059827895233369247, "E_c": {"0": 0}, "c_x": {"0": 9.58213458578436, "1": 2.3021395707416428, "2": 4.830336914101232}, "c_res": {"0": 9.58213458578436}, "inv_c_res": 0.059827895233369247, "eta": 2.227915756473953e-09, "_timestamp": 1683337886.077937, "_runtime": 2153.7197828292847, "_step": 49, "_wandb": {"runtime": 2152}}