{"best_f": -0.9661197259381723, "f_hat_x": 7.23597476965348, "f_x": -3.461454428748431, "f_res": 10.697429198401911, "sum_c_x": 158.098476680599, "cum_costs": 10232.182896238548, "E_inv_c": 0, "sum_Ec": 0, "inv_cost": 0.0033553308166775087, "E_c": {"0": 0}, "c_x": {"0": 0.10000000149011612, "1": 62.046136470077755, "2": 95.95234020903114}, "c_res": {"0": 140.03472917634616}, "inv_c_res": 0.0033553308166775087, "eta": 0.2570243131302062, "_timestamp": 1683858550.066551, "_runtime": 8822.541967868805, "_step": 39, "_wandb": {"runtime": 8821}}