{"best_f": -1.0713645490127846, "f_hat_x": -0.6558988543867856, "f_x": -10.025462929181884, "f_res": 9.369564074795099, "sum_c_x": 380.10320325236194, "cum_costs": 15747.908226524854, "E_inv_c": 0, "sum_Ec": 0, "inv_cost": 0.002630864437456661, "E_c": {"0": 0}, "c_x": {"0": 147.5068779853529, "1": 64.75584385184098, "2": 167.84048141516809}, "c_res": {"0": 147.5068779853529}, "inv_c_res": 0.002630864437456661, "eta": 1.0, "_timestamp": 1683841186.1908278, "_runtime": 138.83071088790894, "_step": 39, "_wandb": {"runtime": 138}}