{"best_f": -8.48208831641869, "f_hat_x": 7.590772512365383, "f_x": -8.48208831641869, "f_res": 16.072860828784073, "sum_c_x": 299.3227815913775, "cum_costs": 4016.422229037689, "E_inv_c": 0.3061043349866759, "sum_Ec": 305.112969371177, "inv_cost": 0.0033408750068518226, "E_c": {"0": 149.13069304487576, "1": 53.13817348883796, "2": 102.84410283746327}, "c_x": {"0": 144.14700905881097, "1": 54.371086022158565, "2": 100.80468651040799}, "c_res": {"0": 4.98368398606479, "1": 1.232912533320608, "2": 2.039416327055278}, "inv_c_res": 0.30276345997982407, "eta": 1.0, "_timestamp": 1683811603.2919538, "_runtime": 29.309780836105347, "_step": 0, "_wandb": {"runtime": 32}}