{"best_f": -4.557900510110988, "f_hat_x": 7.5541944528575415, "f_x": -4.557900510110988, "f_res": 12.11209496296853, "sum_c_x": 97.3100552424714, "cum_costs": 10601.45629519577, "E_inv_c": 0.0736143521963303, "sum_Ec": 295.2906937831694, "inv_cost": 0.0033784979207883968, "E_c": {"0": 140.13807558798098, "1": 58.741014429991004, "2": 96.4116037651974}, "c_x": {"0": 0.10000000149011612, "1": 0.10000000149011612, "2": 97.11005523949117}, "c_res": {"0": 3.277286708680549e-06, "1": 0.0003845626259462165, "2": 0.6984514742937762}, "inv_c_res": 0.0702358542755419, "eta": 4.0, "_timestamp": 1683831309.9396873, "_runtime": 1745.7875292301178, "_step": 49, "_wandb": {"runtime": 1744}}