{"best_f": 195.69437043091295, "f_hat_x": 3.64797963951944, "f_x": 195.5844762069313, "f_res": 191.93649656741187, "sum_c_x": 25.69080812913825, "cum_costs": 1004.6580404368033, "E_inv_c": 0, "sum_Ec": 0, "inv_cost": 0.038924427560758985, "E_c": {"0": 0}, "c_x": {"0": 2.0001480795292377, "1": 7.693069108247596, "2": 15.997590941361416}, "c_res": {"0": 2.0001480795292377}, "inv_c_res": 0.038924427560758985, "eta": 1.0, "_timestamp": 1683588250.7208855, "_runtime": 477.53866243362427, "_step": 28}