{"best_f": -6.695513812048312, "f_hat_x": 1.5982633191178606, "f_x": -12.217120783942857, "f_res": 13.815384103060717, "sum_c_x": 5.766484694610654, "cum_costs": 320.4938405988521, "E_inv_c": 0, "sum_Ec": 0, "inv_cost": 0.17341587690930632, "E_c": {"0": 0}, "c_x": {"0": 2.087233139430783, "1": 1.66762495267395, "2": 2.0116266025059204}, "c_res": {"0": 2.087233139430783}, "inv_c_res": 0.17341587690930632, "eta": 1.0, "_timestamp": 1683552076.8990362, "_runtime": 6712.47442317009, "_step": 49, "_wandb": {"runtime": 6710}}