{"best_f": -5.366474944024808, "f_hat_x": 9.059597543308927, "f_x": -6.791682812411346, "f_res": 15.851280355720274, "sum_c_x": 366.3634843759147, "cum_costs": 9396.297413939092, "E_inv_c": 0, "sum_Ec": 0, "inv_cost": 0.0027295296683386974, "E_c": {"0": 0}, "c_x": {"0": 140.0131973677752, "1": 75.7680618074121, "2": 150.5822252007274}, "c_res": {"0": 140.0131973677752}, "inv_c_res": 0.0027295296683386974, "eta": 1.0, "_timestamp": 1683675426.4500399, "_runtime": 113.65175890922546, "_step": 15}