{"best_f": -4.614363868180236, "f_hat_x": 7.276296099849713, "f_x": -4.614401160200874, "f_res": 11.890697260050587, "sum_c_x": 94.42174615193011, "cum_costs": 9843.137566117555, "E_inv_c": 0, "sum_Ec": 0, "inv_cost": 0.003510277182754045, "E_c": {"0": 0}, "c_x": {"0": 0.10000000149011612, "1": 0.10000000149011612, "2": 94.22174614894988}, "c_res": {"0": 140.13807231069427}, "inv_c_res": 0.003510277182754045, "eta": 2.0, "_timestamp": 1683684636.2542028, "_runtime": 614.984650850296, "_step": 49, "_wandb": {"runtime": 614}}