{"best_f": -3.287097678913402, "f_hat_x": 0.8880052616525725, "f_x": -12.086039614830963, "f_res": 12.974044876483536, "sum_c_x": 124.07775760909756, "cum_costs": 7796.548334477319, "E_inv_c": 0, "sum_Ec": 0, "inv_cost": 0.008059462221669604, "E_c": {"0": 0}, "c_x": {"0": 41.7868957680154, "1": 52.16543882099292, "2": 30.125423020089247}, "c_res": {"0": 41.7868957680154}, "inv_c_res": 0.008059462221669604, "eta": 0.1352759542790559, "_timestamp": 1683301841.550403, "_runtime": 5041.153145074844, "_step": 49, "_wandb": {"runtime": 5040}}