{"best_f": -8.795205879847233, "f_hat_x": 8.985322952055183, "f_x": -8.795205879847233, "f_res": 17.780528831902416, "sum_c_x": 127.4129588896204, "cum_costs": 4134.269345971196, "E_inv_c": 0.07080137163690048, "sum_Ec": 346.1216589441841, "inv_cost": 0.002917867408814131, "E_c": {"0": 141.95219641564117, "1": 73.54712492994332, "2": 130.6223375985996}, "c_x": {"0": 0.10000000149011612, "1": 0.10000000149011612, "2": 127.21295888664017}, "c_res": {"0": 0.004033471032329317, "1": 0.0002612262815517852, "2": 3.4093787119594197}, "inv_c_res": 0.06788350422808635, "eta": 1.0, "_timestamp": 1683822375.8901505, "_runtime": 46.735971450805664, "_step": 2, "_wandb": {"runtime": 46}}