{"best_f": -2.4929949531385507, "f_hat_x": 5.884655653041862, "f_x": -3.164784081038388, "f_res": 9.04943973408025, "sum_c_x": 301.70911352496444, "cum_costs": 16481.4324669098, "E_inv_c": 0, "sum_Ec": 0, "inv_cost": 0.003314450757939258, "E_c": {"0": 0}, "c_x": {"0": 139.99984943371948, "1": 63.30521024398023, "2": 98.40405384726469}, "c_res": {"0": 139.99984943371948}, "inv_c_res": 0.003314450757939258, "eta": 1.0, "_timestamp": 1683845329.5966928, "_runtime": 653.2857189178467, "_step": 39, "_wandb": {"runtime": 652}}