{"best_f": -8.899035869562631, "f_hat_x": 1.3508364621254874, "f_x": -51.80782915149841, "f_res": 53.158665613623896, "sum_c_x": 5.887301622257833, "cum_costs": 501.5195494697165, "E_inv_c": 0, "sum_Ec": 0, "inv_cost": 0.1698571033322548, "E_c": {"0": 0}, "c_x": {"0": 2.000006057543927, "1": 1.1537340066135007, "2": 2.733561558100405}, "c_res": {"0": 2.000006057543927}, "inv_c_res": 0.1698571033322548, "eta": 1, "_timestamp": 1683543662.8798876, "_runtime": 2207.213683605194, "_step": 49, "_wandb": {"runtime": 2206}}