{"best_f": -5.196606083584561, "f_hat_x": 5.963891051357841, "f_x": -5.25722652898814, "f_res": 11.22111758034598, "sum_c_x": 163.06312876838953, "cum_costs": 11181.204896960056, "E_inv_c": 0, "sum_Ec": 0, "inv_cost": 0.00263238804680536, "E_c": {"0": 0}, "c_x": {"0": 0.10000000149011612, "1": 0.10000000149011612, "2": 162.8631287654093}, "c_res": {"0": 140.00005501322096}, "inv_c_res": 0.00263238804680536, "eta": 2.0, "_timestamp": 1683834021.4460044, "_runtime": 4457.329270362854, "_step": 49, "_wandb": {"runtime": 4456}}