{"best_f": -7.582011314465812, "f_hat_x": 7.239849536551271, "f_x": -7.582011314465812, "f_res": 14.821860851017084, "sum_c_x": 294.8357126665992, "cum_costs": 3639.28331584295, "E_inv_c": NaN, "sum_Ec": 295.71212525901, "inv_cost": 0.003391719378075484, "E_c": {"0": 140.96475688183406, "1": 54.24689490027831, "2": 100.50047347689765}, "c_x": {"0": 140.3622125624561, "1": 54.535065410706025, "2": 99.93843469343707}, "c_res": {"0": 0.6025443193779552, "1": 0.2881705104277117, "2": 0.5620387834605793}, "inv_c_res": NaN, "eta": 1.0, "_timestamp": 1683818840.2127082, "_runtime": 183.16217827796936, "_step": 0}