{"best_f": 177.2597726599256, "f_hat_x": 2.378086408320762, "f_x": 157.1676940354373, "f_res": 154.78960762711654, "sum_c_x": 25.109229128019827, "cum_costs": 1487.3932146002007, "E_inv_c": 0, "sum_Ec": 0, "inv_cost": 0.03982599365761024, "E_c": {"0": 0}, "c_x": {"0": 2.1125652857845765, "1": 7.01847380760898, "2": 15.978190034626271}, "c_res": {"0": 2.1125652857845765}, "inv_c_res": 0.03982599365761024, "eta": 2.0, "_timestamp": 1683644156.288529, "_runtime": 2738.069543838501, "_step": 49, "_wandb": {"runtime": 2737}}