{"best_f": -0.8015606001803708, "f_hat_x": 0.28424186422143954, "f_x": -5.825895856449028, "f_res": 6.110137720670468, "sum_c_x": 163.05619561063892, "cum_costs": 10966.96540192988, "E_inv_c": 0, "sum_Ec": 0, "inv_cost": 0.0034234378148948266, "E_c": {"0": 0}, "c_x": {"0": 0.10000000149011612, "1": 60.51254745330583, "2": 102.44364815584298}, "c_res": {"0": 129.14783959463406}, "inv_c_res": 0.0034234378148948266, "eta": 0.6050060671375365, "_timestamp": 1683722036.323912, "_runtime": 6413.882258892059, "_step": 49, "_wandb": {"runtime": 6412}}