{"best_f": -4.680173582391454, "f_hat_x": 1.0281930505487473, "f_x": -4.680173582391454, "f_res": 5.708366632940201, "sum_c_x": 274.23877963413395, "cum_costs": 17561.06000652927, "E_inv_c": 0, "sum_Ec": 0, "inv_cost": 0.0036464573002188637, "E_c": {"0": 0}, "c_x": {"0": 76.98545031536591, "1": 72.3448206402315, "2": 124.9085086785365}, "c_res": {"0": 76.98545031536591}, "inv_c_res": 0.0036464573002188637, "eta": 2.0, "_timestamp": 1683713787.8249292, "_runtime": 109.68865013122559, "_step": 49, "_wandb": {"runtime": 106}}