{"best_f": 130.11325165161247, "f_hat_x": 1.6385787587716143, "f_x": 63.35776681617794, "f_res": 61.71918805740633, "sum_c_x": 23.950446888085608, "cum_costs": 1447.2610221033356, "E_inv_c": 0, "sum_Ec": 0, "inv_cost": 0.04175287436901481, "E_c": {"0": 0}, "c_x": {"0": 2.0733348129035383, "1": 8.453598615564156, "2": 13.423513459617915}, "c_res": {"0": 2.0733348129035383}, "inv_c_res": 0.04175287436901481, "eta": 4.0, "_timestamp": 1683642359.1744306, "_runtime": 940.9777586460114, "_step": 49, "_wandb": {"runtime": 939}}