{"best_f": 0.3080734470448563, "f_hat_x": 0.8360420783543538, "f_x": -155.5683845242914, "f_res": 156.40442660264574, "sum_c_x": 13.551935452957895, "cum_costs": 552.458245367026, "E_inv_c": 0, "sum_Ec": 0, "inv_cost": 0.07379019797365817, "E_c": {"0": 0}, "c_x": {"0": 2.0002634916654367, "1": 6.835415797933077, "2": 4.7162561633593825}, "c_res": {"0": 2.0002634916654367}, "inv_c_res": 0.07379019797365817, "eta": 1.0, "_timestamp": 1683592574.4572, "_runtime": 1695.630303144455, "_step": 49, "_wandb": {"runtime": 1694}}