{"best_f": 148.77745966276933, "f_hat_x": 3.083376474297389, "f_x": 120.08287716111603, "f_res": 116.99950068681864, "sum_c_x": 26.16677253199896, "cum_costs": 359.04420057721074, "E_inv_c": 0.0381614650859447, "sum_Ec": 26.20581401426263, "inv_cost": 0.03821640589327992, "E_c": {"0": 2.0147593495268006, "1": 8.160392035141143, "2": 16.030662629594687}, "c_x": {"0": 2.014757385617858, "1": 8.16042556614043, "2": 15.991589580240671}, "c_res": {"0": 1.9639089425815826e-06, "1": 3.3530999287378904e-05, "2": 0.03907304935401612}, "inv_c_res": 5.494080733521589e-05, "eta": 1.0, "_timestamp": 1683635469.1155648, "_runtime": 51.08351993560791, "_step": 3}