{"best_f": -2.759194948357339, "f_hat_x": 0.5699470443510072, "f_x": -7.365949542572514, "f_res": 7.935896586923521, "sum_c_x": 18.356693373648355, "cum_costs": 1172.1432008365464, "E_inv_c": 0, "sum_Ec": 0, "inv_cost": 0.0544760420433635, "E_c": {"0": 0}, "c_x": {"0": 9.059911182941107, "1": 0.19078966436239964, "2": 9.105992526344846}, "c_res": {"0": 9.059911182941107}, "inv_c_res": 0.0544760420433635, "eta": 2.227915756473953e-09, "_timestamp": 1683337872.1031487, "_runtime": 2139.6903607845306, "_step": 49, "_wandb": {"runtime": 2138}}