{"best_f": 52.098306147838834, "f_hat_x": 1.0439816249877698, "f_x": -14.648760635864654, "f_res": 15.692742260852425, "sum_c_x": 15.154465792353989, "cum_costs": 1062.399060697194, "E_inv_c": 0, "sum_Ec": 0, "inv_cost": 0.06598714951103975, "E_c": {"0": 0}, "c_x": {"0": 2.642592669358656, "1": 1.4805388368102423, "2": 11.031334286185091}, "c_res": {"0": 2.642592669358656}, "inv_c_res": 0.06598714951103975, "eta": 1.0, "_timestamp": 1683620393.9637618, "_runtime": 5282.58517074585, "_step": 49, "_wandb": {"runtime": 5281}}