{"best_f": 2.1830579771259275, "f_hat_x": -0.0064259264982595935, "f_x": -0.9921736178123514, "f_res": 0.9857476913140918, "sum_c_x": 10.344745350077126, "cum_costs": 764.2507993830957, "E_inv_c": 0.09609447114008063, "sum_Ec": 10.41687536613749, "inv_cost": 0.09666743512372147, "E_c": {"0": 5.304698466332011, "1": 1.1214204755846677, "2": 3.9907564242208102}, "c_x": {"0": 5.305371586121155, "1": 1.0487156375977276, "2": 3.990658126358243}, "c_res": {"0": 0.0006731197891438612, "1": 0.07270483798694016, "2": 9.829786256743134e-05}, "inv_c_res": 0.0005729639836408451, "eta": 3.0, "_timestamp": 1683417499.7411778, "_runtime": 4831.457535743713, "_step": 49, "_wandb": {"runtime": 4830}}