{"best_f": -8.789331639494433, "f_hat_x": -0.41165865551292063, "f_x": -18.480191713621235, "f_res": 18.068533058108315, "sum_c_x": 107.46692600791486, "cum_costs": 9618.710772807035, "E_inv_c": 0, "sum_Ec": 0, "inv_cost": 0.003960023618860514, "E_c": {"0": 0}, "c_x": {"0": 0.10000000149011612, "1": 0.10000000149011612, "2": 107.26692600493463}, "c_res": {"0": 81.76221231672328}, "inv_c_res": 0.003960023618860514, "eta": 2.0, "_timestamp": 1683714183.9645646, "_runtime": 505.8507215976715, "_step": 49, "_wandb": {"runtime": 505}}