{"best_f": -1.452939472784679, "f_hat_x": -0.3198167100495621, "f_x": -2.3490488750468383, "f_res": 2.029232164997276, "sum_c_x": 8.10933413223553, "cum_costs": 754.8749671299684, "E_inv_c": 0, "sum_Ec": 0, "inv_cost": 0.12331468696361712, "E_c": {"0": 0}, "c_x": {"0": 2.9334040203111647, "1": 0.20396538446200052, "2": 4.971964727462365}, "c_res": {"0": 2.9334040203111647}, "inv_c_res": 0.12331468696361712, "eta": 1.4, "_timestamp": 1683395851.7677944, "_runtime": 6062.188437461853, "_step": 49, "_wandb": {"runtime": 6061}}