{"best_f": -2.9633111737040565, "f_hat_x": -0.36091533172060253, "f_x": -4.4074080666517, "f_res": 4.046492734931098, "sum_c_x": 125.0556121287704, "cum_costs": 11196.837900457931, "E_inv_c": 0.003964573557410091, "sum_Ec": 252.2341399128987, "inv_cost": 0.003964440219226771, "E_c": {"0": 86.95651131971283, "1": 40.425624747929696, "2": 124.85200384525618}, "c_x": {"0": 0.10000000149011612, "1": 0.10000000149011612, "2": 124.85561212579017}, "c_res": {"0": 0.0011575629891211747, "1": 0.005830670347556577, "2": 0.003608280533995867}, "inv_c_res": 1.3333818332014052e-07, "eta": 0.6050060671375365, "_timestamp": 1683721003.6449056, "_runtime": 5381.23167347908, "_step": 49, "_wandb": {"runtime": 5380}}