{"best_f": 76.76982383851379, "f_hat_x": 0.20528882130176998, "f_x": 73.882336019972, "f_res": 73.67704719867024, "sum_c_x": 175.84574832575385, "cum_costs": 12646.725175725545, "E_inv_c": 0.0041777573787715235, "sum_Ec": 239.36340279269544, "inv_cost": 0.004178650694807957, "E_c": {"0": 63.577729637821335, "1": 51.6946975453359, "2": 124.0909756095382}, "c_x": {"0": 0.10000000149011612, "1": 51.675074051719356, "2": 124.07067427254438}, "c_res": {"0": 0.011778316427545121, "1": 0.019623493616542476, "2": 0.020301336993824748}, "inv_c_res": 8.933160364332088e-07, "eta": 1.0, "_timestamp": 1683730673.2427962, "_runtime": 1875.0722551345825, "_step": 49, "_wandb": {"runtime": 1874}}