{"best_f": 64.27555505602156, "f_hat_x": 1.2700808107858215, "f_x": -150.7170583258473, "f_res": 151.98713913663312, "sum_c_x": 19.025387011999108, "cum_costs": 1453.002195887913, "E_inv_c": 0, "sum_Ec": 0, "inv_cost": 0.05256134865321324, "E_c": {"0": 0}, "c_x": {"0": 2.120286266781939, "1": 1.617462271620892, "2": 15.287638473596276}, "c_res": {"0": 2.120286266781939}, "inv_c_res": 0.05256134865321324, "eta": 1.0, "_timestamp": 1683616577.5651932, "_runtime": 1466.1485612392426, "_step": 49, "_wandb": {"runtime": 1465}}