{"best_f": -3.739198892270831, "f_hat_x": -0.13718515154558733, "f_x": -4.589061876084842, "f_res": 4.451876724539255, "sum_c_x": 23.828781023239625, "cum_costs": 963.14938402904, "E_inv_c": 0.04264941005984375, "sum_Ec": 24.657158619892627, "inv_cost": 0.04196605772761622, "E_c": {"0": 8.592867293230881, "1": 8.09833112441174, "2": 7.965960202250006}, "c_x": {"0": 8.5842581227179, "1": 7.278712319008956, "2": 7.96581058151277}, "c_res": {"0": 0.008609170512981379, "1": 0.8196188054027838, "2": 0.00014962073723623348}, "inv_c_res": 0.0006833523322275284, "eta": 0.6894490858690777, "_timestamp": 1683510647.7110333, "_runtime": 4852.347309350967, "_step": 36}