{"best_f": -1.58266919535443, "f_hat_x": 8.11852032905433, "f_x": -1.58266919535443, "f_res": 9.701189524408761, "sum_c_x": 344.0153009003767, "cum_costs": 17552.74355033161, "E_inv_c": 0, "sum_Ec": 0, "inv_cost": 0.0029068474494673415, "E_c": {"0": 0}, "c_x": {"0": 140.4130999299606, "1": 61.352502385036104, "2": 142.24969858537997}, "c_res": {"0": 140.4130999299606}, "inv_c_res": 0.0029068474494673415, "eta": 1.0, "_timestamp": 1683838181.8097026, "_runtime": 744.0784165859222, "_step": 39, "_wandb": {"runtime": 743}}