{"best_f": -12.549993693803515, "f_hat_x": 1.4729876884370623, "f_x": -360.6647614937687, "f_res": 362.13774918220577, "sum_c_x": 244.26683921131868, "cum_costs": 5478.057733651117, "E_inv_c": 0, "sum_Ec": 0, "inv_cost": 0.004093883571051926, "E_c": {"0": 0}, "c_x": {"0": 152.74899166610038, "1": 61.590655407389974, "2": 29.927192137828303}, "c_res": {"0": 152.74899166610038}, "inv_c_res": 0.004093883571051926, "eta": 1.0240000000000006e-09, "_timestamp": 1683315432.1950295, "_runtime": 419.47442746162415, "_step": 20, "_wandb": {"runtime": 457}}