{"best_f": -0.4453349271732632, "f_hat_x": -0.6130060561736869, "f_x": -4.330901813319058, "f_res": 3.7178957571453712, "sum_c_x": 10.579159703956549, "cum_costs": 693.2857167556974, "E_inv_c": 0, "sum_Ec": 0, "inv_cost": 0.09452546591446251, "E_c": {"0": 0}, "c_x": {"0": 3.5028035495514374, "1": 2.351927686190822, "2": 4.72442846821429}, "c_res": {"0": 3.5028035495514374}, "inv_c_res": 0.09452546591446251, "eta": 1.2, "_timestamp": 1683385156.8735678, "_runtime": 5884.279048919678, "_step": 49, "_wandb": {"runtime": 5883}}