{"best_f": 204.1510433241906, "f_hat_x": 7.181990947984859, "f_x": 204.13164382553217, "f_res": 196.9496528775473, "sum_c_x": 68.16372536492506, "cum_costs": 4634.185943824503, "E_inv_c": 0, "sum_Ec": 0, "inv_cost": 0.0056112629972826875, "E_c": {"0": 0}, "c_x": {"0": 0.10000000149011612, "1": 0.10000000149011612, "2": 67.96372536194482}, "c_res": {"0": 66.90143095503531}, "inv_c_res": 0.0056112629972826875, "eta": 1.0, "_timestamp": 1683770209.4220755, "_runtime": 1344.3817105293274, "_step": 49, "_wandb": {"runtime": 1343}}