{"best_f": -2.7541545245816246, "f_hat_x": -0.5540258588909903, "f_x": -3.9670770996283746, "f_res": 3.413051240737384, "sum_c_x": 23.266101707745786, "cum_costs": 1385.6644669582156, "E_inv_c": 0, "sum_Ec": 0, "inv_cost": 0.042980986353510116, "E_c": {"0": 0}, "c_x": {"0": 8.798505897113206, "1": 6.630050696667504, "2": 7.837545113965077}, "c_res": {"0": 8.798505897113206}, "inv_c_res": 0.042980986353510116, "eta": 0.00016615349947311482, "_timestamp": 1683367366.7714758, "_runtime": 5089.443038702011, "_step": 49, "_wandb": {"runtime": 5088}}