{"best_f": -0.5126825909615448, "f_hat_x": -0.9734421839414535, "f_x": -8.204173246957545, "f_res": 7.2307310630160915, "sum_c_x": 10.719683135974218, "cum_costs": 550.2012769752235, "E_inv_c": 0, "sum_Ec": 0, "inv_cost": 0.09328633946689122, "E_c": {"0": 0}, "c_x": {"0": 2.093823911502091, "1": 0.0463598423483923, "2": 8.579499382123736}, "c_res": {"0": 2.093823911502091}, "inv_c_res": 0.09328633946689122, "eta": 5.0, "_timestamp": 1683404089.2962997, "_runtime": 1528.415444612503, "_step": 49, "_wandb": {"runtime": 1527}}