{"best_f": 196.65340318777749, "f_hat_x": 2.9467056147504183, "f_x": 196.62524997147898, "f_res": 193.67854435672857, "sum_c_x": 27.158306442160132, "cum_costs": 1596.6185268556092, "E_inv_c": 0, "sum_Ec": 0, "inv_cost": 0.03682114722910761, "E_c": {"0": 0}, "c_x": {"0": 3.407450092808986, "1": 7.753141325401588, "2": 15.997715023949556}, "c_res": {"0": 3.407450092808986}, "inv_c_res": 0.03682114722910761, "eta": 1.0, "_timestamp": 1683586720.0242271, "_runtime": 1571.089447259903, "_step": 49, "_wandb": {"runtime": 1570}}