{"best_f": -1.8432628824184747, "f_hat_x": -1.0605276848397025, "f_x": -15.114579017828564, "f_res": 14.054051332988863, "sum_c_x": 19.793097159257677, "cum_costs": 1079.1723872905372, "E_inv_c": 0.0488756516299119, "sum_Ec": 20.60764313819824, "inv_cost": 0.0505226641365865, "E_c": {"0": 11.929005396825291, "1": 5.264029980515195, "2": 3.414607760857757}, "c_x": {"0": 10.718745707790436, "1": 5.695119713282968, "2": 3.3792317381842745}, "c_res": {"0": 1.2102596890348547, "1": 0.43108973276777274, "2": 0.0353760226734825}, "inv_c_res": 0.0016470125066746014, "eta": 0.1352759542790559, "_timestamp": 1683498554.0329173, "_runtime": 5488.665632247925, "_step": 49, "_wandb": {"runtime": 5487}}