{"best_f": -0.8902479086846262, "f_hat_x": -0.6390239428537562, "f_x": -4.732575202319534, "f_res": 4.093551259465778, "sum_c_x": 290.80194487381664, "cum_costs": 12411.480318891343, "E_inv_c": 0, "sum_Ec": 0, "inv_cost": 0.003438766547568707, "E_c": {"0": 0}, "c_x": {"0": 137.23375143951904, "1": 75.33423570326063, "2": 78.23395773103701}, "c_res": {"0": 137.23375143951904}, "inv_c_res": 0.003438766547568707, "eta": 1.0, "_timestamp": 1683863951.0578687, "_runtime": 357.88563871383667, "_step": 39, "_wandb": {"runtime": 356}}