{"best_f": -5.176395605852209, "f_hat_x": 6.776458409158593, "f_x": -7.717436776088432, "f_res": 14.493895185247025, "sum_c_x": 385.3837971123208, "cum_costs": 5344.161671146899, "E_inv_c": 0, "sum_Ec": 0, "inv_cost": 0.0025948158887140454, "E_c": {"0": 0}, "c_x": {"0": 146.6576569206074, "1": 70.2832322808164, "2": 168.442907910897}, "c_res": {"0": 146.6576569206074}, "inv_c_res": 0.0025948158887140454, "eta": 1.0, "_timestamp": 1683844122.619902, "_runtime": 30.14955186843872, "_step": 4}