{"best_f": -1.6764769034642946, "f_hat_x": -0.4108541306159466, "f_x": -1.6764769034642946, "f_res": 1.265622772848348, "sum_c_x": 12.757987064439781, "cum_costs": 803.4959590116006, "E_inv_c": 0, "sum_Ec": 0, "inv_cost": 0.07838227103923712, "E_c": {"0": 0}, "c_x": {"0": 5.500641887225435, "1": 2.835844062584271, "2": 4.421501114630076}, "c_res": {"0": 5.500641887225435}, "inv_c_res": 0.07838227103923712, "eta": 1.2, "_timestamp": 1683385790.9523885, "_runtime": 6517.987469434738, "_step": 49, "_wandb": {"runtime": 6517}}