{"best_f": 61.685806749171206, "f_hat_x": 0.34291090315246664, "f_x": 32.92404871774367, "f_res": 32.58113781459121, "sum_c_x": 185.4185678808842, "cum_costs": 5250.748301255917, "E_inv_c": 0.0028147813829881084, "sum_Ec": 355.29789763197476, "inv_cost": 0.002791494249134245, "E_c": {"0": 172.91335098504317, "1": 56.90090212292535, "2": 125.48364452400627}, "c_x": {"0": 0.10000000149011612, "1": 59.940594375480295, "2": 125.37797350391381}, "c_res": {"0": 0.0008387502151947501, "1": 3.039692252554943, "2": 0.10567102009245843}, "inv_c_res": 2.3287133853863197e-05, "eta": 1.0, "_timestamp": 1683728757.1283264, "_runtime": 184.76158738136292, "_step": 7}