{"best_f": 72.23209084577911, "f_hat_x": -1.2127493393986106, "f_x": 31.271557779132095, "f_res": 32.48430711853071, "sum_c_x": 244.17669941695897, "cum_costs": 19899.106737838447, "E_inv_c": 0, "sum_Ec": 0, "inv_cost": 0.004095394861130416, "E_c": {"0": 0}, "c_x": {"0": 71.0467418955396, "1": 47.82461695519035, "2": 125.305340566229}, "c_res": {"0": 71.0467418955396}, "inv_c_res": 0.004095394861130416, "eta": 2.0, "_timestamp": 1683743933.5647051, "_runtime": 133.86824011802673, "_step": 49, "_wandb": {"runtime": 133}}