{"best_f": -8.561445463420807, "f_hat_x": -0.705866113579513, "f_x": -13.041753219956904, "f_res": 12.335887106377392, "sum_c_x": 125.11200842110051, "cum_costs": 8987.601682187273, "E_inv_c": 0, "sum_Ec": 0, "inv_cost": 0.00294375094337936, "E_c": {"0": 0}, "c_x": {"0": 0.10000000149011612, "1": 0.10000000149011612, "2": 124.91200841812028}, "c_res": {"0": 178.67739381551496}, "inv_c_res": 0.00294375094337936, "eta": 2.0, "_timestamp": 1683714209.9163635, "_runtime": 527.3245375156403, "_step": 49, "_wandb": {"runtime": 526}}