{"best_f": -6.279706666335878, "f_hat_x": 7.797608443992191, "f_x": -7.532682852682214, "f_res": 15.330291296674405, "sum_c_x": 184.34563958404928, "cum_costs": 5161.8611522292285, "E_inv_c": 0, "sum_Ec": 0, "inv_cost": 0.003073577279896562, "E_c": {"0": 0}, "c_x": {"0": 0.10000000149011612, "1": 63.85430222173963, "2": 120.39133736081953}, "c_res": {"0": 141.10814492799457}, "inv_c_res": 0.003073577279896562, "eta": 1.0, "_timestamp": 1683844613.0612876, "_runtime": 436.3068256378174, "_step": 9}