{"best_f": 151.45235731059807, "f_hat_x": -1.2322761150551576, "f_x": 125.52338829485797, "f_res": 126.75566440991312, "sum_c_x": 24.82509328290384, "cum_costs": 1512.9521534372739, "E_inv_c": 0.04010098803807674, "sum_Ec": 24.944480194280246, "inv_cost": 0.040281822452955876, "E_c": {"0": 2.0001576983738265, "1": 7.025146480237955, "2": 15.919176015668466}, "c_x": {"0": 2.0001588551848037, "1": 6.863704163990755, "2": 15.961230263728282}, "c_res": {"0": 1.1568109772319701e-06, "1": 0.16144231624720007, "2": 0.0420542480598165}, "inv_c_res": 0.00018083441487913576, "eta": 8.0, "_timestamp": 1683590492.3656042, "_runtime": 947.2566301822662, "_step": 49, "_wandb": {"runtime": 946}}