{"best_f": -3.0046266372740247, "f_hat_x": -0.07819740548205101, "f_x": -3.3699528248653072, "f_res": 3.2917554193832563, "sum_c_x": 124.89773792820705, "cum_costs": 11782.688514488596, "E_inv_c": 0.0033892169897858696, "sum_Ec": 295.0537542182692, "inv_cost": 0.0033892966066867976, "E_c": {"0": 87.5048561238757, "1": 82.85296616344911, "2": 124.69593193094443}, "c_x": {"0": 0.10000000149011612, "1": 0.10000000149011612, "2": 124.69773792522682}, "c_res": {"0": 0.015790787701860154, "1": 0.0067006973236800604, "2": 0.0018059942823924757}, "inv_c_res": 7.961690092796181e-08, "eta": 0.6050060671375365, "_timestamp": 1683720708.1006327, "_runtime": 5085.474301576614, "_step": 49, "_wandb": {"runtime": 5084}}