{"best_f": -1.761396212919348, "f_hat_x": 0.11797506618995596, "f_x": -6.6192492893977475, "f_res": 6.737224355587704, "sum_c_x": 381.2293097049791, "cum_costs": 16361.384347491483, "E_inv_c": 0, "sum_Ec": 0, "inv_cost": 0.002623093173958391, "E_c": {"0": 0}, "c_x": {"0": 139.98399656652668, "1": 88.37973036971962, "2": 152.8655827687328}, "c_res": {"0": 139.98399656652668}, "inv_c_res": 0.002623093173958391, "eta": 0.1285121565651031, "_timestamp": 1683859933.7577865, "_runtime": 889.9188845157623, "_step": 39, "_wandb": {"runtime": 888}}