{"best_f": -6.863948274224109, "f_hat_x": 9.597394970081517, "f_x": -15.593517425358435, "f_res": 25.190912395439952, "sum_c_x": 34.8615466597265, "cum_costs": 978.4320787890165, "E_inv_c": 0, "sum_Ec": 0, "inv_cost": 0.02868490058002049, "E_c": {"0": 0}, "c_x": {"0": 12.08836082979062, "1": 10.116267877041478, "2": 12.656917952894403}, "c_res": {"0": 12.08836082979062}, "inv_c_res": 0.02868490058002049, "eta": 1.0, "_timestamp": 1683804978.2907908, "_runtime": 31.871485710144043, "_step": 8}