{"best_f": -0.8173954328878925, "f_hat_x": 3.770574451290433, "f_x": -7.9595203787910265, "f_res": 11.730094830081459, "sum_c_x": 330.5752876151772, "cum_costs": 12449.866141199967, "E_inv_c": 0, "sum_Ec": 0, "inv_cost": 0.0030250295090542287, "E_c": {"0": 0}, "c_x": {"0": 138.68625189090199, "1": 76.22813149202456, "2": 115.66090423225066}, "c_res": {"0": 138.68625189090199}, "inv_c_res": 0.0030250295090542287, "eta": 0.029561765882869215, "_timestamp": 1683857098.1662493, "_runtime": 7370.654891252518, "_step": 39, "_wandb": {"runtime": 7369}}