{"best_f": -1.2529473660766839, "f_hat_x": -0.1789471177224775, "f_x": -1.9704045948385422, "f_res": 1.7914574771160647, "sum_c_x": 9.445468683608322, "cum_costs": 595.6411431952838, "E_inv_c": 0, "sum_Ec": 0, "inv_cost": 0.10587087136664815, "E_c": {"0": 0}, "c_x": {"0": 2.6886336608244035, "1": 0.09480943669787001, "2": 6.662025586086049}, "c_res": {"0": 2.6886336608244035}, "inv_c_res": 0.10587087136664815, "eta": 2.6, "_timestamp": 1683406573.8521662, "_runtime": 4012.9778711795807, "_step": 49, "_wandb": {"runtime": 4012}}