{"best_f": 78.55901382636016, "f_hat_x": 1.1713383447655332, "f_x": -556.7545736515132, "f_res": 557.9259119962787, "sum_c_x": 25.159954940262097, "cum_costs": 357.82547749809254, "E_inv_c": 0.039823113232111185, "sum_Ec": 25.1186540821682, "inv_cost": 0.0397456991625909, "E_c": {"0": 2.003451168171798, "1": 7.973576164480086, "2": 15.141626749516316}, "c_x": {"0": 2.0034802426229117, "1": 7.9735902291050405, "2": 15.182884468534144}, "c_res": {"0": 2.9074451113775268e-05, "1": 1.4064624954457372e-05, "2": 0.041257719017828265}, "inv_c_res": 7.741406952028324e-05, "eta": 1.0, "_timestamp": 1683635471.2338545, "_runtime": 53.306166648864746, "_step": 3}