{"best_f": -0.39996303047633097, "f_hat_x": -1.4531050637867826, "f_x": -9.338836258541527, "f_res": 7.885731194754744, "sum_c_x": 10.81995563682714, "cum_costs": 555.4001213904374, "E_inv_c": 0, "sum_Ec": 0, "inv_cost": 0.0924218207139749, "E_c": {"0": 0}, "c_x": {"0": 2.1286099351733467, "1": 0.1118463195300583, "2": 8.579499382123736}, "c_res": {"0": 2.1286099351733467}, "inv_c_res": 0.0924218207139749, "eta": 4.0, "_timestamp": 1683405197.82815, "_runtime": 2637.6979789733887, "_step": 49, "_wandb": {"runtime": 2636}}