{"best_f": -0.9929606317545672, "f_hat_x": -0.9741149503619215, "f_x": -29.47193264523232, "f_res": 28.4978176948704, "sum_c_x": 20.511729338995735, "cum_costs": 902.4419949500198, "E_inv_c": 0, "sum_Ec": 0, "inv_cost": 0.04875259338074712, "E_c": {"0": 0}, "c_x": {"0": 9.03662454319805, "1": 2.619670137496133, "2": 8.85543465830155}, "c_res": {"0": 9.03662454319805}, "inv_c_res": 0.04875259338074712, "eta": 1.47412250850319, "_timestamp": 1683401567.5840182, "_runtime": 5194.816551208496, "_step": 49, "_wandb": {"runtime": 5194}}