{"best_f": -3.3541618066903958, "f_hat_x": 0.2388988260519868, "f_x": -6.504283662709818, "f_res": 6.743182488761804, "sum_c_x": 12.654480705250936, "cum_costs": 561.6287044391926, "E_inv_c": 0.07876911237630732, "sum_Ec": 12.696595752370008, "inv_cost": 0.07902339284337864, "E_c": {"0": 5.878861871879957, "1": 0.8261880603880583, "2": 5.991545820101992}, "c_x": {"0": 5.87910991665983, "1": 0.8261566654236785, "2": 5.949214123167429}, "c_res": {"0": 0.00024804477987316886, "1": 3.139496437976064e-05, "2": 0.04233169693456329}, "inv_c_res": 0.0002542804670713217, "eta": 4.0, "_timestamp": 1683410724.2124531, "_runtime": 3753.032942056656, "_step": 49, "_wandb": {"runtime": 3752}}