{"best_f": -5.403193873615253, "f_hat_x": -1.4160102978348976, "f_x": -19.75584126752812, "f_res": 18.33983096969322, "sum_c_x": 37.81768837670173, "cum_costs": 2580.2922054568576, "E_inv_c": 0, "sum_Ec": 0, "inv_cost": 0.026442652708938922, "E_c": {"0": 0}, "c_x": {"0": 12.28568213056024, "1": 12.216702658970009, "2": 13.315303587171485}, "c_res": {"0": 12.28568213056024}, "inv_c_res": 0.026442652708938922, "eta": 1.0, "_timestamp": 1683763803.5643468, "_runtime": 331.64898777008057, "_step": 49, "_wandb": {"runtime": 330}}