{"best_f": 196.5273693600982, "f_hat_x": 1.7943838367633853, "f_x": 177.5797601666107, "f_res": 175.7853763298473, "sum_c_x": 25.517014881389972, "cum_costs": 1508.0000950645988, "E_inv_c": 0, "sum_Ec": 0, "inv_cost": 0.0391895370460954, "E_c": {"0": 0}, "c_x": {"0": 2.0013515396226573, "1": 7.525244990126322, "2": 15.990418351640994}, "c_res": {"0": 2.0013515396226573}, "inv_c_res": 0.0391895370460954, "eta": 1.0, "_timestamp": 1683582467.0499337, "_runtime": 4176.0672397613525, "_step": 49, "_wandb": {"runtime": 4174}}