{"best_f": 192.6157723565071, "f_hat_x": 3.271751856696203, "f_x": 192.6157723565071, "f_res": 189.3440204998109, "sum_c_x": 26.114115712614833, "cum_costs": 1538.158321446827, "E_inv_c": 0, "sum_Ec": 0, "inv_cost": 0.03829346591724468, "E_c": {"0": 0}, "c_x": {"0": 2.057717730128477, "1": 8.058974050154173, "2": 15.997423932332183}, "c_res": {"0": 2.057717730128477}, "inv_c_res": 0.03829346591724468, "eta": 4.0, "_timestamp": 1683589324.6039195, "_runtime": 1016.8595905303955, "_step": 49, "_wandb": {"runtime": 1016}}