{"best_f": 75.64681889612922, "f_hat_x": -0.9156274634603342, "f_x": 47.274463573866115, "f_res": 48.19009103732645, "sum_c_x": 330.5594062516203, "cum_costs": 21628.39310088144, "E_inv_c": 0, "sum_Ec": 0, "inv_cost": 0.0030251748432740242, "E_c": {"0": 0}, "c_x": {"0": 160.753058888748, "1": 44.806345103668455, "2": 125.00000225920385}, "c_res": {"0": 160.753058888748}, "inv_c_res": 0.0030251748432740242, "eta": 1.0, "_timestamp": 1683729074.7434945, "_runtime": 276.5762765407562, "_step": 49, "_wandb": {"runtime": 275}}