{"best_f": -1.3497723410040796, "f_hat_x": 4.776612981285409, "f_x": -2.016235404073675, "sum_c_x": 129.2732250312015, "cum_costs": 6521.505350139127, "E_inv_c": 0.007736405038334781, "sum_Ec": 129.26008655507732, "inv_cost": 0.00773555389956922, "E_c": {"0": 25.346107460908105, "1": 73.12845109174776, "2": 30.78552800242147}, "c_x": {"0": 25.347072528164965, "1": 73.12967948121018, "2": 30.796473021826372}, "c_res": {"0": 0.000965067256860408, "1": 0.001228389462411883, "2": 0.010945019404903888}, "inv_c_res": 8.511387655603039e-07, "_timestamp": 1683270541.3438928, "_runtime": 899.2498707771301, "_step": 39, "_wandb": {"runtime": 898}}