{"best_f": -1.6992621995480692, "f_hat_x": -1.0279562356940115, "f_x": -8.73262628762683, "f_res": 7.704670051932819, "sum_c_x": 14.952634323778915, "cum_costs": 710.5209030070911, "E_inv_c": 0, "sum_Ec": 0, "inv_cost": 0.06687784763181946, "E_c": {"0": 0}, "c_x": {"0": 3.3056562318159415, "1": 1.7271179569250283, "2": 9.919860135037945}, "c_res": {"0": 3.3056562318159415}, "inv_c_res": 0.06687784763181946, "eta": 0.6556592205741436, "_timestamp": 1683510647.9705553, "_runtime": 4850.768013238907, "_step": 41}