{"best_f": -18.853795249477827, "f_hat_x": 15.516718583030535, "f_x": -18.853795249477827, "f_res": 34.370513832508365, "sum_c_x": 33.37031295751838, "cum_costs": 914.9094354402278, "E_inv_c": 0, "sum_Ec": 0, "inv_cost": 0.029966755219618, "E_c": {"0": 0}, "c_x": {"0": 9.93010578659586, "1": 13.40214453965798, "2": 10.038062631264536}, "c_res": {"0": 9.93010578659586}, "inv_c_res": 0.029966755219618, "eta": 1.0, "_timestamp": 1683805232.0308897, "_runtime": 34.17217469215393, "_step": 2}