{"best_f": 1.017890141443667, "f_hat_x": -0.7080063828951589, "f_x": -15.117966381289676, "f_res": 14.409959998394518, "sum_c_x": 16.94224209653348, "cum_costs": 973.5955213189775, "E_inv_c": 0, "sum_Ec": 0, "inv_cost": 0.05902406507368987, "E_c": {"0": 0}, "c_x": {"0": 2.018966990989953, "1": 8.947276476563475, "2": 5.975998628980051}, "c_res": {"0": 2.018966990989953}, "inv_c_res": 0.05902406507368987, "eta": 0.1352759542790559, "_timestamp": 1683488274.4576848, "_runtime": 9707.340644836426, "_step": 49, "_wandb": {"runtime": 9706}}