{"best_f": -8.561445463420807, "f_hat_x": 2.1333742893122856, "f_x": -57.17758349994807, "f_res": 59.31095778926036, "sum_c_x": 23.570742419597124, "cum_costs": 324.64612936821885, "E_inv_c": 0, "sum_Ec": 0, "inv_cost": 0.04242547740747371, "E_c": {"0": 0}, "c_x": {"0": 3.4630983108542033, "1": 7.252720189661027, "2": 12.854923919081894}, "c_res": {"0": 3.4630983108542033}, "inv_c_res": 0.04242547740747371, "eta": 0.01, "_timestamp": 1683452594.8000882, "_runtime": 299.018107175827, "_step": 5}