{"best_f": -1.5238780363350404, "f_hat_x": -4.211088081578985, "f_x": -8.029134638111612, "f_res": 3.818046556532628, "sum_c_x": 53.011720733581626, "cum_costs": 3933.06531098771, "E_inv_c": 0, "sum_Ec": 0, "inv_cost": 0.018863752886378662, "E_c": {"0": 0}, "c_x": {"0": 2.000031390464456, "1": 2.109418776097997, "2": 48.90227056701917}, "c_res": {"0": 2.000031390464456}, "inv_c_res": 0.018863752886378662, "eta": 1.0, "_timestamp": 1683665361.6552732, "_runtime": 2948.958096265793, "_step": 49, "_wandb": {"runtime": 2948}}