{"best_f": 77.7307227800396, "f_hat_x": -2.0778615816952195, "f_x": 66.11969111276973, "f_res": 68.19755269446495, "sum_c_x": 420.900158390316, "cum_costs": 16955.99585985395, "E_inv_c": 0, "sum_Ec": 0, "inv_cost": 0.0023758603556348957, "E_c": {"0": 0}, "c_x": {"0": 104.97989189936365, "1": 74.1676817417782, "2": 241.75258474917416}, "c_res": {"0": 104.97989189936365}, "inv_c_res": 0.0023758603556348957, "eta": 1.0, "_timestamp": 1683729222.1809409, "_runtime": 424.00060987472534, "_step": 49, "_wandb": {"runtime": 423}}