{"best_f": -6.2289358184882575, "f_hat_x": 3.7955704795343, "f_x": -34.32584024310726, "f_res": 38.121410722641556, "sum_c_x": 356.112695229505, "cum_costs": 20632.309606825667, "E_inv_c": 0, "sum_Ec": 0, "inv_cost": 0.0028080998329911466, "E_c": {"0": 0}, "c_x": {"0": 179.9994823083311, "1": 59.576424789404555, "2": 116.53678813176937}, "c_res": {"0": 179.9994823083311}, "inv_c_res": 0.0028080998329911466, "eta": 1.0, "_timestamp": 1683674834.8960965, "_runtime": 107.92698454856873, "_step": 48}