{"best_f": -7.545056173341036, "f_hat_x": 1.22054639818412, "f_x": -123.08594564677011, "f_res": 124.30649204495424, "sum_c_x": 4.125650503441649, "cum_costs": 315.59381371921273, "E_inv_c": 0.242046779442632, "sum_Ec": 4.131497865966956, "inv_cost": 0.24238601868136733, "E_c": {"0": 2.0746331723061613, "1": 0.05189719027692985, "2": 2.0049675033838654}, "c_x": {"0": 2.0746336366607956, "1": 0.04543836858243733, "2": 2.0055784981984157}, "c_res": {"0": 4.64354634299724e-07, "1": 0.0064588216944925225, "2": 0.0006109948145502919}, "inv_c_res": 0.00033923923873532824, "eta": 2.0, "_timestamp": 1683551182.9245987, "_runtime": 5818.285939693451, "_step": 49, "_wandb": {"runtime": 5816}}