{"best_f": -2.965942619039359, "f_hat_x": 2.2920677796953477, "f_x": -5.7918549554230525, "f_res": 8.0839227351184, "sum_c_x": 54.72966954572639, "cum_costs": 2499.8890375252945, "E_inv_c": 0, "sum_Ec": 0, "inv_cost": 0.01827162503081632, "E_c": {"0": 0}, "c_x": {"0": 2.0004806473683905, "1": 2.6273712794266895, "2": 50.10181761893131}, "c_res": {"0": 2.0004806473683905}, "inv_c_res": 0.01827162503081632, "eta": 1.0, "_timestamp": 1683668155.6260195, "_runtime": 226.54095458984375, "_step": 33}