{"best_f": 73.00800733329008, "f_hat_x": -0.0064664819031634265, "f_x": 72.97692343794061, "f_res": 72.98338991984377, "sum_c_x": 125.15949763515206, "cum_costs": 12372.09024018641, "E_inv_c": 0.003982667111342897, "sum_Ec": 251.08822731654976, "inv_cost": 0.003984248906176241, "E_c": {"0": 74.34100994257268, "1": 51.68942758946674, "2": 125.05778978451033}, "c_x": {"0": 0.10000000149011612, "1": 0.10000000149011612, "2": 124.95949763217183}, "c_res": {"0": 0.0004929328504346131, "1": 0.0011070272435134143, "2": 0.09829215233850164}, "inv_c_res": 1.5817948333437387e-06, "eta": 2.0, "_timestamp": 1683754062.6902974, "_runtime": 1186.6420664787292, "_step": 49, "_wandb": {"runtime": 1185}}