{"best_f": -8.493956318752081, "f_hat_x": 7.051820841855744, "f_x": -10.318537376745006, "f_res": 17.37035821860075, "sum_c_x": 89.24984281985482, "cum_costs": 4107.972760473033, "E_inv_c": 0.003206499882819149, "sum_Ec": 311.89082655269794, "inv_cost": 0.003221265857665486, "E_c": {"0": 149.30908697730763, "1": 72.07733163568902, "2": 90.50440793970131}, "c_x": {"0": 0.10000000149011612, "1": 0.10000000149011612, "2": 89.04984281687459}, "c_res": {"0": 149.2090869758175, "1": 71.9773316341989, "2": 1.4545651228267218}, "inv_c_res": 1.4765974846336818e-05, "eta": 1.0, "_timestamp": 1683675928.2312486, "_runtime": 64.29199457168579, "_step": 3}