{"best_f": -0.6282345615585763, "f_hat_x": -0.36815552825109954, "f_x": -2.7520433023374427, "f_res": 2.383887774086343, "sum_c_x": 351.0050110396397, "cum_costs": 18581.45519248244, "E_inv_c": 0, "sum_Ec": 0, "inv_cost": 0.002848962175890611, "E_c": {"0": 0}, "c_x": {"0": 136.79435430859098, "1": 89.28630223532261, "2": 124.9243544957261}, "c_res": {"0": 136.79435430859098}, "inv_c_res": 0.002848962175890611, "eta": 0.07694497527671314, "_timestamp": 1683725148.8839595, "_runtime": 247.59635758399963, "_step": 49, "_wandb": {"runtime": 246}}