{"best_f": -6.099943093965649, "f_hat_x": 2.2201790361611238, "f_x": -6.099943093965649, "f_res": 8.320122130126773, "sum_c_x": 264.68581279216244, "cum_costs": 3753.4541907211596, "E_inv_c": 0, "sum_Ec": 0, "inv_cost": 0.0037780642243383997, "E_c": {"0": 0}, "c_x": {"0": 139.98239581652913, "1": 35.13364354632594, "2": 89.56977342930736}, "c_res": {"0": 139.98239581652913}, "inv_c_res": 0.0037780642243383997, "eta": 1.0, "_timestamp": 1683812540.067501, "_runtime": 26.488224029541016, "_step": 0, "_wandb": {"runtime": 56}}