{"best_f": -0.4706504184009388, "f_hat_x": -2.0032765708860696, "f_x": -29.692465563972092, "f_res": 27.689188993086024, "sum_c_x": 23.00580548981443, "cum_costs": 857.9176595991272, "E_inv_c": 0, "sum_Ec": 0, "inv_cost": 0.04346728917806156, "E_c": {"0": 0}, "c_x": {"0": 11.752047939305825, "1": 8.947276476563475, "2": 2.3064810739451334}, "c_res": {"0": 11.752047939305825}, "inv_c_res": 0.04346728917806156, "eta": 0.11598222130000553, "_timestamp": 1683510587.243348, "_runtime": 4790.6583569049835, "_step": 41}