{"best_f": 61.685806749171206, "f_hat_x": 0.3549186378643611, "f_x": 33.71368340550376, "f_res": 33.3587647676394, "sum_c_x": 186.1658525372578, "cum_costs": 5250.725302386004, "E_inv_c": 0, "sum_Ec": 0, "inv_cost": 0.002785926543619401, "E_c": {"0": 0}, "c_x": {"0": 0.10000000149011612, "1": 60.47286799965225, "2": 125.59298453611542}, "c_res": {"0": 172.8811564190438}, "inv_c_res": 0.002785926543619401, "eta": 1.0, "_timestamp": 1683728736.204439, "_runtime": 163.8367898464203, "_step": 7}