{"best_f": -1.3830731414677688, "f_hat_x": -2.9812348265161974, "f_x": -117.15346528145491, "f_res": 114.17223045493871, "sum_c_x": 26.271262114404582, "cum_costs": 1116.625296540879, "E_inv_c": 0, "sum_Ec": 0, "inv_cost": 0.038064406485126503, "E_c": {"0": 0}, "c_x": {"0": 8.994897000836897, "1": 8.324996846826812, "2": 8.951368266740875}, "c_res": {"0": 8.994897000836897}, "inv_c_res": 0.038064406485126503, "eta": 0.0, "_timestamp": 1683334693.6149127, "_runtime": 4951.564736843109, "_step": 49, "_wandb": {"runtime": 4950}}