{"best_f": 183.075159945039, "f_hat_x": 2.1401686375546127, "f_x": 70.51153380221419, "f_res": 68.37136516465958, "sum_c_x": 24.982044794328573, "cum_costs": 1481.2058419243538, "E_inv_c": 0, "sum_Ec": 0, "inv_cost": 0.040028748976825956, "E_c": {"0": 0}, "c_x": {"0": 2.1172634664377066, "1": 7.345072769685828, "2": 15.51970855820504}, "c_res": {"0": 2.1172634664377066}, "inv_c_res": 0.040028748976825956, "eta": 4.0, "_timestamp": 1683642362.839291, "_runtime": 944.6342391967773, "_step": 49, "_wandb": {"runtime": 943}}