{"best_f": -4.329415690587318, "f_hat_x": 7.513028967379711, "f_x": -4.329415690587346, "f_res": 11.842444657967057, "sum_c_x": 109.42863478700289, "cum_costs": 9474.061916278264, "E_inv_c": 0, "sum_Ec": 0, "inv_cost": 0.003002687766818537, "E_c": {"0": 0}, "c_x": {"0": 0.10000000149011612, "1": 0.10000000149011612, "2": 109.22863478402266}, "c_res": {"0": 140.22492811332967}, "inv_c_res": 0.003002687766818537, "eta": 0.5140486262604124, "_timestamp": 1683857799.6586065, "_runtime": 8072.118347644806, "_step": 39, "_wandb": {"runtime": 8071}}