{"best_f": -14.986300031527245, "f_hat_x": 6.124537445052973, "f_x": -36.954385694224754, "f_res": 43.07892313927773, "sum_c_x": 4.877970158146098, "cum_costs": 157.40969708030153, "E_inv_c": 0.19344180139289432, "sum_Ec": 5.208397053397077, "inv_cost": 0.20500330415716522, "E_c": {"0": 2.570771346794444, "1": 0.3188350181414883, "2": 2.318790688461145}, "c_x": {"0": 2.257531091896687, "1": 0.3274390782184734, "2": 2.292999988030938}, "c_res": {"0": 0.3132402548977571, "1": 0.00860406007698511, "2": 0.025790700430206925}, "inv_c_res": 0.011561502764270898, "eta": 1.0, "_timestamp": 1683570214.3836234, "_runtime": 12.817686319351196, "_step": 0}