{"best_f": -16.74753093614938, "f_hat_x": 1.433437188382516, "f_x": -37.030459864671315, "f_res": 38.46389705305383, "sum_c_x": 4.592932135111512, "cum_costs": 262.9466102072215, "E_inv_c": 0.2022604302371932, "sum_Ec": 4.981695658796102, "inv_cost": 0.21772583843669635, "E_c": {"0": 2.412706401320243, "1": 0.04981100189991276, "2": 2.5191782555759463}, "c_x": {"0": 2.0187060925759424, "1": 0.05788042110288982, "2": 2.51634562143268}, "c_res": {"0": 0.3940003087443005, "1": 0.00806941920297706, "2": 0.0028326341432665103}, "inv_c_res": 0.01546540819950315, "eta": 0.01, "_timestamp": 1683477092.7241836, "_runtime": 94.98779058456421, "_step": 1}