{"best_f": 169.75509005532962, "f_hat_x": 3.976010237023663, "f_x": 169.75509005532962, "f_res": 165.77907981830595, "sum_c_x": 26.035477957976717, "cum_costs": 1529.4618475106952, "E_inv_c": 0.03840913320090776, "sum_Ec": 26.035474809040128, "inv_cost": 0.038409127791472764, "E_c": {"0": 2.0001576983738265, "1": 8.037514494032074, "2": 15.997802616634228}, "c_x": {"0": 2.0001588551848037, "1": 8.037507681722841, "2": 15.997811421069072}, "c_res": {"0": 1.1568109772319701e-06, "1": 6.812309232273606e-06, "2": 8.804434843412423e-06}, "inv_c_res": 5.409434997161178e-09, "eta": 4.0, "_timestamp": 1683589317.4984856, "_runtime": 1012.5172765254974, "_step": 49, "_wandb": {"runtime": 1011}}