{"best_f": 101.71842874288424, "f_hat_x": -0.5504666361191167, "f_x": -6802.060241831731, "f_res": 6801.509775195612, "sum_c_x": 26.892001931816285, "cum_costs": 974.434709756952, "E_inv_c": 0, "sum_Ec": 0, "inv_cost": 0.037185777486386636, "E_c": {"0": 0}, "c_x": {"0": 2.063540670590972, "1": 8.982390748497133, "2": 15.84607051272818}, "c_res": {"0": 2.063540670590972}, "inv_c_res": 0.037185777486386636, "eta": 1.0, "_timestamp": 1683635481.0254269, "_runtime": 63.04426383972168, "_step": 27}