{"best_f": -3.017355762680809, "f_hat_x": 5.835790120503387, "f_x": -4.708154665881374, "f_res": 10.543944786384762, "sum_c_x": 10.42414236436186, "cum_costs": 516.1369228012293, "E_inv_c": 0, "sum_Ec": 0, "inv_cost": 0.0959311533789876, "E_c": {"0": 0}, "c_x": {"0": 2.000000000110851, "1": 1.9735749563388678, "2": 6.450567407912142}, "c_res": {"0": 2.000000000110851}, "inv_c_res": 0.0959311533789876, "eta": 2.0, "_timestamp": 1683577683.993338, "_runtime": 7053.395899057388, "_step": 49, "_wandb": {"runtime": 7052}}