{"best_f": -2.28048444361409, "f_hat_x": 8.499747797364856, "f_x": -2.28048444361409, "f_res": 10.780232240978947, "sum_c_x": 76.07167017516237, "cum_costs": 2465.940121244733, "E_inv_c": 0.013148689962965922, "sum_Ec": 76.06441332742457, "inv_cost": 0.013145498155849653, "E_c": {"0": 2.000027662714379, "1": 5.969831224319167, "2": 68.09455444039102}, "c_x": {"0": 2.000000007211221, "1": 6.114095530317118, "2": 67.95757463763402}, "c_res": {"0": 2.7655503158197092e-05, "1": 0.14426430599795115, "2": 0.13697980275699706}, "inv_c_res": 3.191807116269263e-06, "eta": 1.0, "_timestamp": 1683669163.6026347, "_runtime": 938.0706915855408, "_step": 23}