{"best_f": -0.7622683449242251, "f_hat_x": 0.1857021051312068, "f_x": -4.997199132169158, "f_res": 5.1829012373003644, "sum_c_x": 15.358556072326888, "cum_costs": 646.5957501765415, "E_inv_c": 0, "sum_Ec": 0, "inv_cost": 0.06511028740532479, "E_c": {"0": 0}, "c_x": {"0": 9.054983607228925, "1": 1.6277762114018348, "2": 4.675796253696127}, "c_res": {"0": 9.054983607228925}, "inv_c_res": 0.06511028740532479, "eta": 1.8, "_timestamp": 1683395778.7917993, "_runtime": 5989.217628240585, "_step": 49, "_wandb": {"runtime": 5988}}