{"best_f": -10.353200185915387, "f_hat_x": 1.9153017167306594, "f_x": -46.883111586316275, "f_res": 48.798413303046935, "sum_c_x": 4.575973090026393, "cum_costs": 220.8460174368661, "E_inv_c": 0, "sum_Ec": 0, "inv_cost": 0.2185327536517992, "E_c": {"0": 0}, "c_x": {"0": 2.2774327611677663, "1": 0.12849210783725673, "2": 2.1700482210213696}, "c_res": {"0": 2.2774327611677663}, "inv_c_res": 0.2185327536517992, "eta": 0.01, "_timestamp": 1683453196.6469748, "_runtime": 150.45011377334595, "_step": 2}