{"best_f": -1.2392342240768173, "f_hat_x": -0.9365667104061554, "f_x": -6.929731307923871, "f_res": 5.9931645975177155, "sum_c_x": 24.09670273722301, "cum_costs": 605.3452074882654, "E_inv_c": 0, "sum_Ec": 0, "inv_cost": 0.04149945371800871, "E_c": {"0": 0}, "c_x": {"0": 9.657893774699225, "1": 8.9575326245788, "2": 5.481276337944984}, "c_res": {"0": 9.657893774699225}, "inv_c_res": 0.04149945371800871, "eta": 0.6757290490602831, "_timestamp": 1683510515.894854, "_runtime": 4720.626649141312, "_step": 38}