{"best_f": -1.6374881583588583, "f_hat_x": 0.48707623382711174, "f_x": -7.337638741751043, "f_res": 7.824714975578154, "sum_c_x": 296.78741529955863, "cum_costs": 21005.438860382998, "E_inv_c": 0, "sum_Ec": 0, "inv_cost": 0.0033694151047161574, "E_c": {"0": 0}, "c_x": {"0": 142.5743109614998, "1": 55.65755903689681, "2": 98.55554530116204}, "c_res": {"0": 142.5743109614998}, "inv_c_res": 0.0033694151047161574, "eta": 1.0, "_timestamp": 1683676760.6909432, "_runtime": 362.6198592185974, "_step": 49, "_wandb": {"runtime": 361}}