{"best_f": -3.064085677036707, "f_hat_x": -0.4276954188005623, "f_x": -5.149636039140487, "f_res": 4.721940620339925, "sum_c_x": 200.24928899392927, "cum_costs": 13838.295179996569, "E_inv_c": 0.003462702696649523, "sum_Ec": 288.7998313464102, "inv_cost": 0.0034656588981385223, "E_c": {"0": 88.43847318299377, "1": 75.40438038493596, "2": 124.95697777848045}, "c_x": {"0": 0.10000000149011612, "1": 75.21494893447081, "2": 124.93434005796834}, "c_res": {"0": 0.04234285066297616, "1": 0.18943145046515042, "2": 0.022637720512108217}, "inv_c_res": 2.9562014889992355e-06, "eta": 0.07694497527671314, "_timestamp": 1683720752.4317145, "_runtime": 5130.002467632294, "_step": 49, "_wandb": {"runtime": 5129}}