{"best_f": -2.137732686315506, "f_hat_x": 6.118031124879598, "f_x": -3.941376434967236, "f_res": 10.059407559846834, "sum_c_x": 288.46579210075015, "cum_costs": 10767.994541746957, "E_inv_c": 0, "sum_Ec": 0, "inv_cost": 0.003466615548129665, "E_c": {"0": 0}, "c_x": {"0": 141.30624374479817, "1": 55.99962519206407, "2": 91.15992316388791}, "c_res": {"0": 141.30624374479817}, "inv_c_res": 0.003466615548129665, "eta": 0.2570243131302062, "_timestamp": 1683858401.0481863, "_runtime": 8673.566732406616, "_step": 39, "_wandb": {"runtime": 8668}}