{"best_f": 116.11948391099321, "f_hat_x": 8.139349453343677, "f_x": 114.6860713379231, "f_res": 106.54672188457943, "sum_c_x": 11.573470264950274, "cum_costs": 281.3073773243273, "E_inv_c": 0.08614724264710193, "sum_Ec": 11.608180125052217, "inv_cost": 0.08640450764611668, "E_c": {"0": 2.0000000000097033, "1": 7.335588019571548, "2": 2.2725921054709644}, "c_x": {"0": 2.000000000010605, "1": 7.335596707301684, "2": 2.237873557637985}, "c_res": {"0": 9.015010959956271e-13, "1": 8.687730135292782e-06, "2": 0.03471854783297923}, "inv_c_res": 0.00025726499901475297, "eta": 2.0, "_timestamp": 1683566746.4795809, "_runtime": 414.30145382881165, "_step": 13}