{"best_f": -1.8777262503122603, "f_hat_x": -0.053300678765856965, "f_x": -3.5122781437059714, "f_res": 3.4589774649401144, "sum_c_x": 10.679044138801178, "cum_costs": 1111.5098136126096, "E_inv_c": 0, "sum_Ec": 0, "inv_cost": 0.09364133971191352, "E_c": {"0": 0}, "c_x": {"0": 2.1205063790968355, "1": 1.9829909857646744, "2": 6.575546773939669}, "c_res": {"0": 2.1205063790968355}, "inv_c_res": 0.09364133971191352, "eta": 0.00016615349947311482, "_timestamp": 1683366811.6679091, "_runtime": 4534.368131160736, "_step": 49, "_wandb": {"runtime": 4533}}