{"best_f": 67.30474859235737, "f_hat_x": 1.2802821707192338, "f_x": 21.47459015251347, "f_res": 20.19430798179424, "sum_c_x": 24.123783127825725, "cum_costs": 1173.477146057049, "E_inv_c": 0, "sum_Ec": 0, "inv_cost": 0.04145286809706658, "E_c": {"0": 0}, "c_x": {"0": 2.6651463666135564, "1": 8.870130493182067, "2": 12.588506268030102}, "c_res": {"0": 2.6651463666135564}, "inv_c_res": 0.04145286809706658, "eta": 0.4, "_timestamp": 1683634513.0786145, "_runtime": 5854.139558553696, "_step": 49, "_wandb": {"runtime": 5853}}