{"best_f": 75.73845264594887, "f_hat_x": 0.5760022423853199, "f_x": 74.62200665647791, "f_res": 74.0460044140926, "sum_c_x": 249.6839082738278, "cum_costs": 19327.900896827527, "E_inv_c": 0, "sum_Ec": 0, "inv_cost": 0.0040050638702086565, "E_c": {"0": 0}, "c_x": {"0": 87.54750155920657, "1": 47.360189138988524, "2": 114.7762175756327}, "c_res": {"0": 87.54750155920657}, "inv_c_res": 0.0040050638702086565, "eta": 1.0, "_timestamp": 1683729183.8398545, "_runtime": 385.71528339385986, "_step": 49, "_wandb": {"runtime": 385}}