{"best_f": 196.4211293115534, "f_hat_x": 2.422953578708483, "f_x": 192.6543072287065, "f_res": 190.23135364999803, "sum_c_x": 25.975720094287073, "cum_costs": 1544.6135889545556, "E_inv_c": 0, "sum_Ec": 0, "inv_cost": 0.038497489054015996, "E_c": {"0": 0}, "c_x": {"0": 2.00012228582393, "1": 7.9778816944777695, "2": 15.997716113985373}, "c_res": {"0": 2.00012228582393}, "inv_c_res": 0.038497489054015996, "eta": 1.0, "_timestamp": 1683587218.6421955, "_runtime": 2069.7116734981537, "_step": 49, "_wandb": {"runtime": 2068}}