{"best_f": 119.01232521866253, "f_hat_x": 8.688679276578798, "f_x": 110.3903799456174, "f_res": 101.7017006690386, "sum_c_x": 11.186141425994357, "cum_costs": 248.68746717059435, "E_inv_c": 0.08976933731949277, "sum_Ec": 11.142798426405669, "inv_cost": 0.0893963308631339, "E_c": {"0": 2.00000029336859, "1": 7.095630295618958, "2": 2.047167837418123}, "c_x": {"0": 2.0000002933641277, "1": 7.113452997933983, "2": 2.0726881346962465}, "c_res": {"0": 4.462208380573429e-12, "1": 0.017822702315025474, "2": 0.02552029727812366}, "inv_c_res": 0.0003730064563588764, "eta": 1.0, "_timestamp": 1683568432.996156, "_runtime": 123.44324707984924, "_step": 9}