{"best_f": -2.287658092511598, "f_hat_x": -0.35773700413445075, "f_x": -4.529537534781632, "f_res": 4.171800530647181, "sum_c_x": 236.27303568997513, "cum_costs": 14124.956621404486, "E_inv_c": 0, "sum_Ec": 0, "inv_cost": 0.004232391551070375, "E_c": {"0": 0}, "c_x": {"0": 72.07618037409318, "1": 74.57645104823773, "2": 89.62040426764423}, "c_res": {"0": 72.07618037409318}, "inv_c_res": 0.004232391551070375, "eta": 1.0, "_timestamp": 1683863771.1841486, "_runtime": 177.7642364501953, "_step": 39, "_wandb": {"runtime": 177}}