{"best_f": -4.0043451969162245, "f_hat_x": 4.621965965892274, "f_x": -4.0043451969162245, "f_res": 8.626311162808499, "sum_c_x": 101.72974820391246, "cum_costs": 12357.32503033014, "E_inv_c": 0, "sum_Ec": 0, "inv_cost": 0.0032380325010686727, "E_c": {"0": 0}, "c_x": {"0": 0.10000000149011612, "1": 0.10000000149011612, "2": 101.52974820093223}, "c_res": {"0": 140.1266227633313}, "inv_c_res": 0.0032380325010686727, "eta": 1.0, "_timestamp": 1683828878.2242014, "_runtime": 6381.25567650795, "_step": 49, "_wandb": {"runtime": 6380}}