{"best_f": 0.7704222475384408, "f_hat_x": 5.567145258095826, "f_x": -4.362874743928001, "f_res": 9.930020002023827, "sum_c_x": 206.97354461132906, "cum_costs": 14906.947608669236, "E_inv_c": 0.07742312619977611, "sum_Ec": 349.5210781176751, "inv_cost": 0.0028818992663030814, "E_c": {"0": 140.1228017021549, "1": 42.08228068765945, "2": 167.31599572786075}, "c_x": {"0": 0.10000000149011612, "1": 39.438047317960155, "2": 167.4354972918788}, "c_res": {"0": 0.002954942417517259, "1": 2.6442333696992932, "2": 0.11950156401803724}, "inv_c_res": 0.07454122693347302, "eta": 0.1285121565651031, "_timestamp": 1683862920.9521422, "_runtime": 3877.1710443496704, "_step": 39, "_wandb": {"runtime": 3876}}