{"best_f": 0.12126634102921074, "f_hat_x": 4.760311120421578, "f_x": -3.058560588596857, "sum_c_x": 123.27961912233235, "cum_costs": 5904.881222768676, "E_inv_c": 0, "sum_Ec": 0, "inv_cost": 0.00811164089505893, "E_c": {"0": 0}, "c_x": {"0": 43.75339911736621, "1": 73.61123128389472, "2": 5.91498872107141}, "c_res": {"0": 43.75339911736621}, "inv_c_res": 0.00811164089505893, "_timestamp": 1683243630.8200412, "_runtime": 663.8647031784058, "_step": 39, "_wandb": {"runtime": 663}}