{"best_f": -3.5559539282009975, "f_hat_x": -1.0138447314301593, "f_x": -16.613296555968525, "f_res": 15.599451824538365, "sum_c_x": 12.058979256686701, "cum_costs": 909.2294487582029, "E_inv_c": 0.08294805445136008, "sum_Ec": 12.05587978891874, "inv_cost": 0.08292575836760813, "E_c": {"0": 9.099700831446993, "1": 0.0809775110643222, "2": 2.8752014464074236}, "c_x": {"0": 9.099694784292105, "1": 0.08898587909657196, "2": 2.870298593298023}, "c_res": {"0": 6.047154888833006e-06, "1": 0.00800836803224976, "2": 0.004902853109400418}, "inv_c_res": 2.2296083751954798e-05, "eta": 5.0, "_timestamp": 1683415842.0461402, "_runtime": 3173.8338661193848, "_step": 49, "_wandb": {"runtime": 3173}}