{"best_f": -11.240844533637066, "f_hat_x": 5.610635349570452, "f_x": -11.487941870663027, "f_res": 17.09857722023348, "sum_c_x": 161.09032634949256, "cum_costs": 9971.19683544034, "E_inv_c": 0.07237510095694705, "sum_Ec": 352.8035235292905, "inv_cost": 0.0028332656388596524, "E_c": {"0": 150.72517210785156, "1": 41.33466245083838, "2": 160.74368897060057}, "c_x": {"0": 0.10000000149011612, "1": 0.10000000149011612, "2": 160.89032634651232}, "c_res": {"0": 3.349338760472165e-05, "1": 0.0005182101567271502, "2": 0.14663737591175163}, "inv_c_res": 0.0695418353180874, "eta": 4.0, "_timestamp": 1683831154.1794765, "_runtime": 1590.011959552765, "_step": 49, "_wandb": {"runtime": 1589}}