{"best_f": -5.497657064314492, "f_hat_x": 4.840996018486827, "f_x": -6.016871026265635, "f_res": 10.857867044752462, "sum_c_x": 114.82786974374332, "cum_costs": 5248.481745213209, "E_inv_c": 0, "sum_Ec": 0, "inv_cost": 0.0032761407626706283, "E_c": {"0": 0}, "c_x": {"0": 0.10000000149011612, "1": 0.10000000149011612, "2": 114.62786974076309}, "c_res": {"0": 140.14447475942532}, "inv_c_res": 0.0032761407626706283, "eta": 0.6973568802000003, "_timestamp": 1683837145.5472515, "_runtime": 392.97714948654175, "_step": 9}