{"best_f": 148.20630408529018, "f_hat_x": 1.1645669666087604, "f_x": -118.49276857050899, "f_res": 119.65733553711775, "sum_c_x": 24.406406045419068, "cum_costs": 1381.7772445534445, "E_inv_c": 0, "sum_Ec": 0, "inv_cost": 0.040972849428918434, "E_c": {"0": 0}, "c_x": {"0": 2.098926998528781, "1": 7.514692560924946, "2": 14.792786485965339}, "c_res": {"0": 2.098926998528781}, "inv_c_res": 0.040972849428918434, "eta": 4.0, "_timestamp": 1683642357.16778, "_runtime": 938.948009967804, "_step": 49, "_wandb": {"runtime": 937}}