{"best_f": -3.3844888540069507, "f_hat_x": 5.915249921145718, "f_x": -3.5170434834790165, "f_res": 9.432293404624735, "sum_c_x": 52.394290742964785, "cum_costs": 3506.731772918908, "E_inv_c": 0.017548541231260976, "sum_Ec": 57.146515926774214, "inv_cost": 0.019086048991593125, "E_c": {"0": 2.000668513454424, "1": 1.0702951041632656, "2": 54.07555230915653}, "c_x": {"0": 2.0006684258063867, "1": 1.0710090509984889, "2": 49.32261326615991}, "c_res": {"0": 8.764803727245862e-08, "1": 0.0007139468352233003, "2": 4.752939042996616}, "inv_c_res": 0.0015375077603321484, "eta": 1.0, "_timestamp": 1683666581.5551434, "_runtime": 4166.044624328613, "_step": 49, "_wandb": {"runtime": 4165}}