{"best_f": -3.37471322653689, "f_hat_x": 5.28499001797549, "f_x": -4.371120751549009, "f_res": 9.6561107695245, "sum_c_x": 51.6901799920784, "cum_costs": 3527.2613413831177, "E_inv_c": 0, "sum_Ec": 0, "inv_cost": 0.019346034394797068, "E_c": {"0": 0}, "c_x": {"0": 2.0000000052144813, "1": 2.136774869697025, "2": 47.55340511716689}, "c_res": {"0": 2.0000000052144813}, "inv_c_res": 0.019346034394797068, "eta": 1.0, "_timestamp": 1683667317.1238134, "_runtime": 4904.480867385864, "_step": 49, "_wandb": {"runtime": 4903}}