{"best_f": 0.356226429187106, "f_hat_x": -2.7421622249992437, "f_x": -26.06405549990605, "sum_c_x": 76.41513512204902, "cum_costs": 6532.732325504093, "E_inv_c": 0, "sum_Ec": 0, "inv_cost": 0.013086412768920922, "E_c": {"0": 0}, "c_x": {"0": 22.49245150074794, "1": 47.03024021543803, "2": 6.892443405863057}, "c_res": {"0": 22.49245150074794}, "inv_c_res": 0.013086412768920922, "_timestamp": 1683276365.4398293, "_runtime": 5350.51011633873, "_step": 49, "_wandb": {"runtime": 5349}}