{"best_f": -0.9235864757327698, "f_hat_x": 6.809117913615376, "f_x": -4.108529957835646, "f_res": 10.917647871451022, "sum_c_x": 308.13235475963006, "cum_costs": 12400.42728865468, "E_inv_c": 0, "sum_Ec": 0, "inv_cost": 0.0032453586407051823, "E_c": {"0": 0}, "c_x": {"0": 140.4789477818806, "1": 63.52419051466312, "2": 104.12921646308635}, "c_res": {"0": 140.4789477818806}, "inv_c_res": 0.0032453586407051823, "eta": 0.029561765882869215, "_timestamp": 1683858210.035986, "_runtime": 8482.544888019562, "_step": 39, "_wandb": {"runtime": 8481}}