{"best_f": -10.243321681277322, "f_hat_x": 1.5073998957481003, "f_x": -364.93055084233396, "f_res": 366.43795073808207, "sum_c_x": 204.9295388259031, "cum_costs": 8543.437080982434, "E_inv_c": 0, "sum_Ec": 0, "inv_cost": 0.004879726005969033, "E_c": {"0": 0}, "c_x": {"0": 112.87026202980084, "1": 61.95500267905982, "2": 30.10427411704245}, "c_res": {"0": 112.87026202980084}, "inv_c_res": 0.004879726005969033, "eta": 0.1352759542790559, "_timestamp": 1683313816.6054475, "_runtime": 4132.341456413269, "_step": 49, "_wandb": {"runtime": 4131}}