{"best_f": -2.1560705737072814, "f_hat_x": -0.2526002048209077, "f_x": -4.04828770689805, "f_res": 3.7956875020771417, "sum_c_x": 16.338286627053648, "cum_costs": 499.3702298430384, "E_inv_c": 0.06660092477324071, "sum_Ec": 15.381199616842851, "inv_cost": 0.06120592830977493, "E_c": {"0": 3.789922672082554, "1": 7.908749767695863, "2": 3.682527177064434}, "c_x": {"0": 4.2238268382602095, "1": 8.432498706546403, "2": 3.681961082247035}, "c_res": {"0": 0.4339041661776557, "1": 0.5237489388505399, "2": 0.0005660948173988878}, "inv_c_res": 0.005394996463465786, "eta": 0.14239574134637464, "_timestamp": 1683510704.5596054, "_runtime": 4908.299826383591, "_step": 37}