{"best_f": 76.36169391932219, "f_hat_x": 2.775603027133271, "f_x": -477.68860439653844, "f_res": 480.4642074236717, "sum_c_x": 25.4728557064355, "cum_costs": 344.3998553752057, "E_inv_c": 0, "sum_Ec": 0, "inv_cost": 0.039257475154124886, "E_c": {"0": 0}, "c_x": {"0": 2.460040959202332, "1": 7.017447843667414, "2": 15.995366903565753}, "c_res": {"0": 2.460040959202332}, "inv_c_res": 0.039257475154124886, "eta": 1.0, "_timestamp": 1683635466.799399, "_runtime": 48.8320529460907, "_step": 3}