{"best_f": -1.487232423186907, "f_hat_x": 4.692697728387813, "f_x": -3.71561213491367, "f_res": 8.408309863301483, "sum_c_x": 291.273311175142, "cum_costs": 19291.938985653585, "E_inv_c": 0, "sum_Ec": 0, "inv_cost": 0.003433201606990701, "E_c": {"0": 0}, "c_x": {"0": 140.13882101164947, "1": 55.19139535910655, "2": 95.94309480438596}, "c_res": {"0": 140.13882101164947}, "inv_c_res": 0.003433201606990701, "eta": 1.0, "_timestamp": 1683676804.4971976, "_runtime": 406.555050611496, "_step": 49, "_wandb": {"runtime": 405}}