{"best_f": 61.43797232282321, "f_hat_x": 1.4821765665377291, "f_x": 61.43797232282321, "f_res": 59.955795756285475, "sum_c_x": 25.79840128135439, "cum_costs": 1307.106662508722, "E_inv_c": 0, "sum_Ec": 0, "inv_cost": 0.03876209184802249, "E_c": {"0": 0}, "c_x": {"0": 2.957328156015816, "1": 6.843000462911452, "2": 15.998072662427123}, "c_res": {"0": 2.957328156015816}, "inv_c_res": 0.03876209184802249, "eta": 1.0, "_timestamp": 1683616456.2259333, "_runtime": 1344.7827804088593, "_step": 49, "_wandb": {"runtime": 1343}}