{"best_f": 93.95666707983888, "f_hat_x": 8.457970447310394, "f_x": 93.65127854325141, "f_res": 85.193308095941, "sum_c_x": 11.070680478032878, "cum_costs": 157.53273080131834, "E_inv_c": 0.09023041553876945, "sum_Ec": 11.084835251387833, "inv_cost": 0.09032868412960353, "E_c": {"0": 2.000000000126894, "1": 7.070365668720028, "2": 2.0144695825409125}, "c_x": {"0": 2.0000000001498686, "1": 7.070328381355051, "2": 2.00035209652796}, "c_res": {"0": 2.297451118238314e-11, "1": 3.7287364976990034e-05, "2": 0.014117486012952263}, "inv_c_res": 9.826859083407469e-05, "eta": 1.0, "_timestamp": 1683569860.38462, "_runtime": 30.07915997505188, "_step": 2}