{"best_f": 72.20194640907097, "f_hat_x": 2.0418033280587373, "f_x": -68.43415726650005, "f_res": 70.47596059455879, "sum_c_x": 25.181377403416228, "cum_costs": 1284.8004198124818, "E_inv_c": 0, "sum_Ec": 0, "inv_cost": 0.039711886446066096, "E_c": {"0": 0}, "c_x": {"0": 2.069747912221019, "1": 7.171897978447362, "2": 15.939731512747848}, "c_res": {"0": 2.069747912221019}, "inv_c_res": 0.039711886446066096, "eta": 0.4, "_timestamp": 1683634262.552161, "_runtime": 5603.79988694191, "_step": 49, "_wandb": {"runtime": 5602}}