{"best_f": -4.048703436339054, "f_hat_x": -0.3516770760512952, "f_x": -6.571045256694475, "f_res": 6.21936818064318, "sum_c_x": 7.87486290438502, "cum_costs": 768.8512706768605, "E_inv_c": 0, "sum_Ec": 0, "inv_cost": 0.12698633768508685, "E_c": {"0": 0}, "c_x": {"0": 2.3705749044549735, "1": 0.05273720462278664, "2": 5.451550795307259}, "c_res": {"0": 2.3705749044549735}, "inv_c_res": 0.12698633768508685, "eta": 1.8, "_timestamp": 1683395427.0718858, "_runtime": 5637.50056385994, "_step": 49, "_wandb": {"runtime": 5636}}