{"best_f": -5.789632939969594, "f_hat_x": 3.923839070636059, "f_x": -5.990426234193492, "f_res": 9.914265304829552, "sum_c_x": 15.95328763481324, "cum_costs": 542.6837044344461, "E_inv_c": 0.09263147979621791, "sum_Ec": 21.12252276793889, "inv_cost": 0.06268300446221514, "E_c": {"0": 1.9999994666922922, "1": 14.151124822494111, "2": 4.971398478752488}, "c_x": {"0": 2.000000001176786, "1": 8.981408205486625, "2": 4.971879428149831}, "c_res": {"0": 5.34484493552867e-07, "1": 5.169716617007486, "2": 0.00048094939734255604}, "inv_c_res": 0.029948475334002772, "eta": 2.0, "_timestamp": 1683576705.656676, "_runtime": 6075.047057151794, "_step": 49, "_wandb": {"runtime": 6074}}