{"best_f": 75.44417940893476, "f_hat_x": 0.18391964367888056, "f_x": 74.73812872948615, "f_res": 74.55420908580727, "sum_c_x": 251.73070738042242, "cum_costs": 14948.177694334874, "E_inv_c": 0, "sum_Ec": 0, "inv_cost": 0.003972499066189697, "E_c": {"0": 0}, "c_x": {"0": 76.0085402817469, "1": 56.004542064339894, "2": 119.71762503433563}, "c_res": {"0": 76.0085402817469}, "inv_c_res": 0.003972499066189697, "eta": 0.07694497527671314, "_timestamp": 1683752089.958239, "_runtime": 4685.013962030411, "_step": 49, "_wandb": {"runtime": 4683}}