{"best_f": -61.8670685816159, "f_hat_x": 7.46429964493602, "f_x": -91.8260945699368, "f_res": 99.29039421487282, "sum_c_x": 4.651043163227749, "cum_costs": 108.96081380793885, "E_inv_c": 0, "sum_Ec": 0, "inv_cost": 0.21500552992202637, "E_c": {"0": 0}, "c_x": {"0": 2.000000121420345, "1": 0.4175215322456429, "2": 2.2335215095617613}, "c_res": {"0": 2.000000121420345}, "inv_c_res": 0.21500552992202637, "eta": 1.0, "_timestamp": 1683590767.4763675, "_runtime": 51.989012479782104, "_step": 3}