{"best_f": -0.22941217459059426, "f_hat_x": -0.8399853031405957, "f_x": -5.060711994892596, "f_res": 4.2207266917520005, "sum_c_x": 8.851850741683037, "cum_costs": 758.2234721639272, "E_inv_c": 0, "sum_Ec": 0, "inv_cost": 0.11297072546547098, "E_c": {"0": 0}, "c_x": {"0": 3.083596397948483, "1": 1.6387398927617234, "2": 4.12951445097283}, "c_res": {"0": 3.083596397948483}, "inv_c_res": 0.11297072546547098, "eta": 4.6163659884006325, "_timestamp": 1683400409.7009416, "_runtime": 4037.1134946346283, "_step": 49, "_wandb": {"runtime": 4036}}