{"best_f": 76.9324925146102, "f_hat_x": -0.06787290017616283, "f_x": 75.27894142007501, "f_res": 75.34681432025118, "sum_c_x": 363.88923837949267, "cum_costs": 15424.849594322422, "E_inv_c": 0.0027480847522040833, "sum_Ec": 363.89011758540124, "inv_cost": 0.0027480889637003236, "E_c": {"0": 115.47349452483637, "1": 42.81652887804479, "2": 205.60009418252008}, "c_x": {"0": 115.48241335423724, "1": 42.78340040302916, "2": 205.62342462222628}, "c_res": {"0": 0.0089188294008693, "1": 0.03312847501562999, "2": 0.023330439706199968}, "inv_c_res": 4.211496240288937e-09, "eta": 0.07694497527671314, "_timestamp": 1683757407.5527377, "_runtime": 4531.4838626384735, "_step": 49, "_wandb": {"runtime": 4530}}