{"best_f": -3.646451627002235, "f_hat_x": 3.560168452903259, "f_x": -4.397415185606038, "f_res": 7.957583638509297, "sum_c_x": 171.93573295574515, "cum_costs": 10425.064971980188, "E_inv_c": 0, "sum_Ec": 0, "inv_cost": 0.0027553611334010693, "E_c": {"0": 0}, "c_x": {"0": 0.10000000149011612, "1": 0.10000000149011612, "2": 171.73573295276492}, "c_res": {"0": 0.10000000149011612}, "inv_c_res": 0.0027553611334010693, "eta": 1.0, "_timestamp": 1683681055.1221387, "_runtime": 4657.030536651611, "_step": 49, "_wandb": {"runtime": 4656}}