{"best_f": -8.835890242054269, "f_hat_x": 0.06764097519822655, "f_x": -13.709342591454837, "f_res": 13.776983566653064, "sum_c_x": 314.7208209762674, "cum_costs": 16322.96585596846, "E_inv_c": 0, "sum_Ec": 0, "inv_cost": 0.0031774192660593255, "E_c": {"0": 0}, "c_x": {"0": 138.73662516194113, "1": 51.739743976551374, "2": 124.2444518377749}, "c_res": {"0": 138.73662516194113}, "inv_c_res": 0.0031774192660593255, "eta": 2.0, "_timestamp": 1683713791.1727908, "_runtime": 110.33692288398743, "_step": 49, "_wandb": {"runtime": 109}}