{"best_f": 107.47700233669173, "f_hat_x": -2.002404853176974, "f_x": -27218.09229502116, "f_res": 27216.089890167983, "sum_c_x": 26.999659215106682, "cum_costs": 1536.4880241726678, "E_inv_c": 0, "sum_Ec": 0, "inv_cost": 0.03703750451192681, "E_c": {"0": 0}, "c_x": {"0": 2.000015920650114, "1": 8.999703932436905, "2": 15.999939362019662}, "c_res": {"0": 2.000015920650114}, "inv_c_res": 0.03703750451192681, "eta": 1.0, "_timestamp": 1683635742.1155345, "_runtime": 191.27312350273132, "_step": 49, "_wandb": {"runtime": 190}}