{"best_f": -46.92631168886844, "f_hat_x": 9.98536452340875, "f_x": -56.06363965187154, "f_res": 66.04900417528029, "sum_c_x": 23.238084540320763, "cum_costs": 1079.749611730692, "E_inv_c": 0.305921040037715, "sum_Ec": 43.80299032618995, "inv_cost": 0.022353400955063694, "E_c": {"0": 11.014611561265312, "1": 10.542869224717695, "2": 22.245509540206942}, "c_x": {"0": 0.10000000149011612, "1": 0.10000000149011612, "2": 23.03808453734053}, "c_res": {"0": 0.019252689689947644, "1": 0.12110391717811986, "2": 0.7925749971335883}, "inv_c_res": 0.28356763908265126, "eta": 1.0, "_timestamp": 1683809086.0258029, "_runtime": 20.356096744537354, "_step": 1}