{"best_f": 145.2714261642206, "f_hat_x": 1.33809589975964, "f_x": -56.4462534728133, "f_res": 57.78434937257293, "sum_c_x": 21.293062114806073, "cum_costs": 1495.5087670531946, "E_inv_c": 0, "sum_Ec": 0, "inv_cost": 0.046963653917331726, "E_c": {"0": 0}, "c_x": {"0": 2.0614993299992914, "1": 6.146649045167109, "2": 13.084913739639672}, "c_res": {"0": 2.0614993299992914}, "inv_c_res": 0.046963653917331726, "eta": 1.0, "_timestamp": 1683640012.7911012, "_runtime": 4461.974738121033, "_step": 49, "_wandb": {"runtime": 4461}}