{"best_f": -5.366474944024808, "f_hat_x": 8.560239029010642, "f_x": -7.617297989025879, "f_res": 16.17753701803652, "sum_c_x": 356.0130487017648, "cum_costs": 9029.933929563176, "E_inv_c": 0, "sum_Ec": 0, "inv_cost": 0.0028088858081089852, "E_c": {"0": 0}, "c_x": {"0": 140.12606543508392, "1": 66.74649457980335, "2": 149.14048868687755}, "c_res": {"0": 140.12606543508392}, "inv_c_res": 0.0028088858081089852, "eta": 1.0, "_timestamp": 1683674832.3959386, "_runtime": 101.1516466140747, "_step": 14}