{"best_f": -6.861292426171202, "f_hat_x": -3.252378248262847, "f_x": -42.64342074421108, "f_res": 39.39104249594823, "sum_c_x": 64.49542583954272, "cum_costs": 4010.069543090597, "E_inv_c": 0, "sum_Ec": 0, "inv_cost": 0.015504975538697677, "E_c": {"0": 0}, "c_x": {"0": 2.000251310200862, "1": 8.507971088442456, "2": 53.98720344089941}, "c_res": {"0": 2.000251310200862}, "inv_c_res": 0.015504975538697677, "eta": 1.0, "_timestamp": 1683662579.4174514, "_runtime": 166.6994993686676, "_step": 49, "_wandb": {"runtime": 165}}