{"best_f": -3.6315268169553105, "f_hat_x": 0.001734015805469277, "f_x": -5.26082288216309, "f_res": 5.262556897968559, "sum_c_x": 15.705940178387326, "cum_costs": 1171.910880629882, "E_inv_c": 0.0636873734068345, "sum_Ec": 15.701883635970951, "inv_cost": 0.06367017756607037, "E_c": {"0": 8.866630815218015, "1": 1.9884310775910286, "2": 4.846821743161907}, "c_x": {"0": 8.86653810824126, "1": 1.9886650596704356, "2": 4.850737010475631}, "c_res": {"0": 9.270697675489714e-05, "1": 0.00023398207940705795, "2": 0.00391526731372327}, "inv_c_res": 1.7195840764136494e-05, "eta": 0.6757290490602831, "_timestamp": 1683491060.384836, "_runtime": 12493.513906955719, "_step": 49, "_wandb": {"runtime": 12492}}