{"best_f": -1.6686442547427465, "f_hat_x": 8.632071099281067, "f_x": -4.651708962296801, "f_res": 13.283780061577868, "sum_c_x": 28.543280396857114, "cum_costs": 1945.3763466806447, "E_inv_c": 0, "sum_Ec": 0, "inv_cost": 0.03503451551805901, "E_c": {"0": 0}, "c_x": {"0": 9.12639590164529, "1": 9.806882706708075, "2": 9.610001788503748}, "c_res": {"0": 9.12639590164529}, "inv_c_res": 0.03503451551805901, "eta": 1.0, "_timestamp": 1683807143.4337957, "_runtime": 43.65480375289917, "_step": 28}