{"best_f": -1.7379928643091154, "f_hat_x": -1.325599851652285, "f_x": -3.592737775596838, "f_res": 2.267137923944553, "sum_c_x": 11.760388550962695, "cum_costs": 793.0869482185765, "E_inv_c": 0, "sum_Ec": 0, "inv_cost": 0.0850312041703878, "E_c": {"0": 0}, "c_x": {"0": 3.0108870679029796, "1": 1.2512250088680688, "2": 7.4982764741916474}, "c_res": {"0": 3.0108870679029796}, "inv_c_res": 0.0850312041703878, "eta": 1.0, "_timestamp": 1683372053.5302293, "_runtime": 4516.430693387985, "_step": 49, "_wandb": {"runtime": 4513}}