{"best_f": 76.37411674134489, "f_hat_x": -0.7329391725322374, "f_x": 74.64934061175579, "f_res": 75.38227978428803, "sum_c_x": 364.18904226521437, "cum_costs": 14454.97895694564, "E_inv_c": 0.002794498424698144, "sum_Ec": 357.90843642442144, "inv_cost": 0.002745826710710772, "E_c": {"0": 67.5201964738611, "1": 49.32637611956444, "2": 241.06186383099592}, "c_x": {"0": 67.51966714720083, "1": 49.34628585993791, "2": 247.32308925807564}, "c_res": {"0": 0.0005293266602706126, "1": 0.019909740373464047, "2": 6.261225427079722}, "inv_c_res": 4.867171398737196e-05, "eta": 0.07694497527671314, "_timestamp": 1683757531.9570587, "_runtime": 4655.821319580078, "_step": 49, "_wandb": {"runtime": 4655}}