{"best_f": 41.78330985666968, "f_hat_x": -1.7212988088416343, "f_x": -383.65749913948264, "f_res": 381.936200330641, "sum_c_x": 25.768163278537756, "cum_costs": 970.8727440698643, "E_inv_c": 0, "sum_Ec": 0, "inv_cost": 0.038807577753626615, "E_c": {"0": 0}, "c_x": {"0": 2.0052600002769507, "1": 7.76438328033671, "2": 15.998519997924095}, "c_res": {"0": 2.0052600002769507}, "inv_c_res": 0.038807577753626615, "eta": 1.0, "_timestamp": 1683635478.894064, "_runtime": 60.92094302177429, "_step": 27}