{"best_f": -8.159026996145316, "f_hat_x": 0.7303577301514838, "f_x": -8.159026996145316, "f_res": 8.8893847262968, "sum_c_x": 264.0619251487986, "cum_costs": 3780.5653882386073, "E_inv_c": 0, "sum_Ec": 0, "inv_cost": 0.003786990492614568, "E_c": {"0": 0}, "c_x": {"0": 139.9991757746152, "1": 35.00031463249458, "2": 89.06243474168883}, "c_res": {"0": 139.9991757746152}, "inv_c_res": 0.003786990492614568, "eta": 1.0, "_timestamp": 1683812541.267431, "_runtime": 27.67656397819519, "_step": 0, "_wandb": {"runtime": 39}}