{"best_f": -3.102953931804551, "f_hat_x": 0.3103179673839627, "f_x": -8.020351116249572, "f_res": 8.330669083633534, "sum_c_x": 250.12855002584064, "cum_costs": 16180.951361048059, "E_inv_c": 0, "sum_Ec": 0, "inv_cost": 0.003997944256649993, "E_c": {"0": 0}, "c_x": {"0": 62.880991699906616, "1": 62.372889924929645, "2": 124.87466840100439}, "c_res": {"0": 62.880991699906616}, "inv_c_res": 0.003997944256649993, "eta": 0.6050060671375365, "_timestamp": 1683725156.8325067, "_runtime": 250.03303575515747, "_step": 49, "_wandb": {"runtime": 249}}