{"best_f": -10.353200185915387, "f_hat_x": 0.6977280029374778, "f_x": -47.62914876480352, "f_res": 48.326876767741, "sum_c_x": 11.428290151855858, "cum_costs": 226.81861982438062, "E_inv_c": 0, "sum_Ec": 0, "inv_cost": 0.08750215357785683, "E_c": {"0": 0}, "c_x": {"0": 2.0608754067660264, "1": 2.1057551352215573, "2": 7.261659609868276}, "c_res": {"0": 2.0608754067660264}, "inv_c_res": 0.08750215357785683, "eta": 0.01, "_timestamp": 1683453192.577536, "_runtime": 146.53367805480957, "_step": 2}