{"best_f": -8.237046514325518, "f_hat_x": 7.370794950194669, "f_x": -8.26175288520164, "f_res": 15.63254783539631, "sum_c_x": 100.76759040834135, "cum_costs": 4178.707481781493, "E_inv_c": 0.0457367634965434, "sum_Ec": 335.8714540905068, "inv_cost": 0.0030379561289257395, "E_c": {"0": 140.00784819563793, "1": 87.90702270003035, "2": 107.95658319483852}, "c_x": {"0": 0.10000000149011612, "1": 0.10000000149011612, "2": 100.56759040536112}, "c_res": {"0": 0.007780500913725064, "1": 0.6939962846363414, "2": 7.388992789477399}, "inv_c_res": 0.042698807367617664, "eta": 1.0, "_timestamp": 1683840430.5150914, "_runtime": 44.345001459121704, "_step": 1}