{"best_f": -0.93106409389542, "f_hat_x": 3.15150736343785, "f_x": -7.836752556045748, "f_res": 10.988259919483598, "sum_c_x": 222.38263237597647, "cum_costs": 11253.120103645762, "E_inv_c": 0.0697806659106602, "sum_Ec": 363.8898987282579, "inv_cost": 0.002756638793111258, "E_c": {"0": 140.47799302599432, "1": 88.13318492750146, "2": 135.27872077476215}, "c_x": {"0": 0.10000000149011612, "1": 87.14630046976129, "2": 135.13633190472507}, "c_res": {"0": 4.567978351133206e-06, "1": 0.9868844577401745, "2": 0.142388870037081}, "inv_c_res": 0.06702402711754894, "eta": 2.0, "_timestamp": 1683833460.4538593, "_runtime": 3896.0660643577576, "_step": 49, "_wandb": {"runtime": 3895}}