{"best_f": -2.368736219803778, "f_hat_x": -0.2423841071772966, "f_x": -4.311685301951296, "f_res": 4.069301194773999, "sum_c_x": 11.094867947510213, "cum_costs": 1136.8269656791517, "E_inv_c": 0, "sum_Ec": 0, "inv_cost": 0.09013176224638247, "E_c": {"0": 0}, "c_x": {"0": 2.085238604774367, "1": 0.8260997642905228, "2": 8.183529578445324}, "c_res": {"0": 2.085238604774367}, "inv_c_res": 0.09013176224638247, "eta": 3.022314549036579e-16, "_timestamp": 1683340519.4594288, "_runtime": 4787.052345752716, "_step": 49, "_wandb": {"runtime": 4786}}