{"best_f": 0.356226429187106, "f_hat_x": 6.196511324734281, "f_x": -2.758107237766488, "f_res": 8.95461856250077, "sum_c_x": 92.40631679639017, "cum_costs": 4169.541901822546, "E_inv_c": 0, "sum_Ec": 0, "inv_cost": 0.010821771007315645, "E_c": {"0": 0}, "c_x": {"0": 38.472604508459085, "1": 48.01872356685968, "2": 5.91498872107141}, "c_res": {"0": 38.472604508459085}, "inv_c_res": 0.010821771007315645, "eta": 1.0, "_timestamp": 1683296644.6456785, "_runtime": 4020.5081086158752, "_step": 23}