{"best_f": 1.013192975413436, "f_hat_x": -0.3446749048630505, "f_x": -2.6036812888741836, "f_res": 2.259006384011133, "sum_c_x": 8.683806993209313, "cum_costs": 837.6460613292846, "E_inv_c": 0, "sum_Ec": 0, "inv_cost": 0.11515686619727894, "E_c": {"0": 0}, "c_x": {"0": 3.909823384771843, "1": 1.5264904006554083, "2": 3.247493207782062}, "c_res": {"0": 3.909823384771843}, "inv_c_res": 0.11515686619727894, "eta": 0.6757290490602831, "_timestamp": 1683499312.4223535, "_runtime": 6247.0718405246735, "_step": 49, "_wandb": {"runtime": 6246}}