{"best_f": -6.0292648730058325, "f_hat_x": 7.013353709305889, "f_x": -6.0292648730058325, "f_res": 13.042618582311722, "sum_c_x": 113.08388402357002, "cum_costs": 9058.499012425633, "E_inv_c": 0, "sum_Ec": 0, "inv_cost": 0.003198876412416085, "E_c": {"0": 0}, "c_x": {"0": 0.10000000149011612, "1": 0.10000000149011612, "2": 112.88388402058979}, "c_res": {"0": 140.00429253842046}, "inv_c_res": 0.003198876412416085, "eta": 2.0, "_timestamp": 1683684635.589738, "_runtime": 617.0823547840118, "_step": 49, "_wandb": {"runtime": 616}}