{"best_f": -5.266430372290614, "f_hat_x": 6.477846682540177, "f_x": -5.653997331971816, "f_res": 12.131844014511993, "sum_c_x": 103.0003920233899, "cum_costs": 9569.468074863367, "E_inv_c": 0, "sum_Ec": 0, "inv_cost": 0.0031137247030644075, "E_c": {"0": 0}, "c_x": {"0": 0.10000000149011612, "1": 0.10000000149011612, "2": 102.80039202040967}, "c_res": {"0": 140.9494270562272}, "inv_c_res": 0.0031137247030644075, "eta": 1.0, "_timestamp": 1683840108.4141169, "_runtime": 2670.8932688236237, "_step": 31}