{"best_f": 77.6711002064775, "f_hat_x": 0.3758799797848439, "f_x": 77.66238093244843, "f_res": 77.28650095266359, "sum_c_x": 291.31951861173184, "cum_costs": 16444.525750299195, "E_inv_c": 0, "sum_Ec": 0, "inv_cost": 0.0034326570521791624, "E_c": {"0": 0}, "c_x": {"0": 119.11315459225193, "1": 48.515109786920206, "2": 123.6912542325597}, "c_res": {"0": 119.11315459225193}, "inv_c_res": 0.0034326570521791624, "eta": 0.6050060671375365, "_timestamp": 1683744140.5831122, "_runtime": 340.8094072341919, "_step": 49, "_wandb": {"runtime": 339}}