{"best_f": 118.51685814260435, "f_hat_x": 9.234064593002534, "f_x": 118.51685814260435, "f_res": 109.28279354960182, "sum_c_x": 11.603827576880088, "cum_costs": 224.32515804624023, "E_inv_c": 0.08618552283835743, "sum_Ec": 11.603240177417685, "inv_cost": 0.08617846080309212, "E_c": {"0": 2.00000001049239, "1": 7.5921667495024, "2": 2.0110734174228964}, "c_x": {"0": 2.000000010492607, "1": 7.5921487489332025, "2": 2.0116788174542783}, "c_res": {"0": 2.1671553440683056e-13, "1": 1.8000569197873517e-05, "2": 0.0006054000313819863}, "inv_c_res": 7.0620352653066876e-06, "eta": 1.0, "_timestamp": 1683568806.165213, "_runtime": 124.9189100265503, "_step": 8}