{"best_f": -3.632061114475475, "f_hat_x": -0.30354570938810993, "f_x": -4.47884349753692, "f_res": 4.17529778814881, "sum_c_x": 13.958614368741529, "cum_costs": 1163.1078962815225, "E_inv_c": 0.07161209247877126, "sum_Ec": 13.964177636553636, "inv_cost": 0.07164034864659402, "E_c": {"0": 8.536365111071133, "1": 1.8834956070695252, "2": 3.5443169184129784}, "c_x": {"0": 8.536657959388391, "1": 1.8835194846800798, "2": 3.538436924673057}, "c_res": {"0": 0.0002928483172581764, "1": 2.387761055455684e-05, "2": 0.005879993739921208}, "inv_c_res": 2.825616782275997e-05, "eta": 4.0, "_timestamp": 1683414818.865639, "_runtime": 2150.3193719387054, "_step": 49, "_wandb": {"runtime": 2149}}