{"best_f": -6.0951906001778315, "f_hat_x": 8.411462965080744, "f_x": -6.095351858915843, "f_res": 14.506814823996589, "sum_c_x": 117.5389361172048, "cum_costs": 4730.578670586174, "E_inv_c": 0.0029958848901594326, "sum_Ec": 333.8419523874936, "inv_cost": 0.003014513815207354, "E_c": {"0": 140.7454354037739, "1": 73.6419834792351, "2": 119.4545335044846}, "c_x": {"0": 0.10000000149011612, "1": 0.10000000149011612, "2": 117.33893611422457}, "c_res": {"0": 140.6454354022838, "1": 73.54198347774498, "2": 2.115597390260035}, "inv_c_res": 1.862892504792121e-05, "eta": 1.0, "_timestamp": 1683676136.2330801, "_runtime": 122.38631415367126, "_step": 6}