{"best_f": 0.16968268962824262, "f_hat_x": -0.03878156404470721, "f_x": -2.7116017607136804, "f_res": 2.6728201966689733, "sum_c_x": 13.519614142122457, "cum_costs": 670.7586163239824, "E_inv_c": 0, "sum_Ec": 0, "inv_cost": 0.07396660803242489, "E_c": {"0": 0}, "c_x": {"0": 5.77587582298053, "1": 1.3361793753386968, "2": 6.40755894380323}, "c_res": {"0": 5.77587582298053}, "inv_c_res": 0.07396660803242489, "eta": 2.4, "_timestamp": 1683406417.9794855, "_runtime": 3857.1138694286346, "_step": 49, "_wandb": {"runtime": 3856}}