{"best_f": -7.563296650384617, "f_hat_x": 6.986553682226237, "f_x": -7.563296650384617, "f_res": 14.549850332610854, "sum_c_x": 289.0485006070952, "cum_costs": 4006.1479480534067, "E_inv_c": 0, "sum_Ec": 0, "inv_cost": 0.003459627010344897, "E_c": {"0": 0}, "c_x": {"0": 140.05834853922212, "1": 50.02590121581868, "2": 98.96425085205443}, "c_res": {"0": 140.05834853922212}, "inv_c_res": 0.003459627010344897, "eta": 1.0, "_timestamp": 1683813009.6862247, "_runtime": 28.340903759002686, "_step": 0, "_wandb": {"runtime": 39}}