{"best_f": -4.416793704716946, "f_hat_x": 0.07097709973810298, "f_x": -8.995476463531919, "f_res": 9.066453563270022, "sum_c_x": 19.262282266208807, "cum_costs": 726.7614923883675, "E_inv_c": 0, "sum_Ec": 0, "inv_cost": 0.051914928157514716, "E_c": {"0": 0}, "c_x": {"0": 9.152169484482744, "1": 1.609089555749973, "2": 8.501023225976088}, "c_res": {"0": 9.152169484482744}, "inv_c_res": 0.051914928157514716, "eta": 1.6, "_timestamp": 1683395384.01939, "_runtime": 5594.411406040192, "_step": 49, "_wandb": {"runtime": 5593}}