{"best_f": -7.124649675531387, "f_hat_x": 0.15242762096496518, "f_x": -8.303239129589034, "f_res": 8.455666750554, "sum_c_x": 301.3646999386716, "cum_costs": 20046.385219575503, "E_inv_c": 0, "sum_Ec": 0, "inv_cost": 0.003318238666318591, "E_c": {"0": 0}, "c_x": {"0": 147.57917898898523, "1": 54.364067997668144, "2": 99.42145295201826}, "c_res": {"0": 147.57917898898523}, "inv_c_res": 0.003318238666318591, "eta": 1.0, "_timestamp": 1683675430.5625365, "_runtime": 117.59044241905212, "_step": 46}