{"best_f": -1.6812535545016067, "f_hat_x": -0.5666776017705147, "f_x": -5.5522453550494575, "f_res": 4.985567753278943, "sum_c_x": 337.9887584872197, "cum_costs": 18926.633378237024, "E_inv_c": 0, "sum_Ec": 0, "inv_cost": 0.002958678284082081, "E_c": {"0": 0}, "c_x": {"0": 123.3171333386375, "1": 89.64223742367707, "2": 125.02938772490509}, "c_res": {"0": 123.3171333386375}, "inv_c_res": 0.002958678284082081, "eta": 1.0, "_timestamp": 1683687773.6340086, "_runtime": 232.70490956306458, "_step": 49, "_wandb": {"runtime": 231}}