{"best_f": -1.2979202139457375, "f_hat_x": -0.2959803037796052, "f_x": -3.1966103072573353, "f_res": 2.90063000347773, "sum_c_x": 14.196628209922288, "cum_costs": 1012.1557285055752, "E_inv_c": 0, "sum_Ec": 0, "inv_cost": 0.07043926101418091, "E_c": {"0": 0}, "c_x": {"0": 8.706603649962823, "1": 0.05945595132518511, "2": 5.43056860863428}, "c_res": {"0": 8.706603649962823}, "inv_c_res": 0.07043926101418091, "eta": 0.8, "_timestamp": 1683369763.03798, "_runtime": 2225.8746461868286, "_step": 49, "_wandb": {"runtime": 2223}}