{"best_f": -5.886939446115438, "f_hat_x": 2.666589430329257, "f_x": -16.86623420483179, "f_res": 19.532823635161048, "sum_c_x": 174.22019370108663, "cum_costs": 7856.8824530844495, "E_inv_c": 0.006002821657952432, "sum_Ec": 166.95385910801062, "inv_cost": 0.005739862749295996, "E_c": {"0": 83.56996578951221, "1": 75.71648404426942, "2": 7.667409274228998}, "c_x": {"0": 90.90824396900098, "1": 75.65027990026127, "2": 7.661669831824381}, "c_res": {"0": 7.338278179488768, "1": 0.06620414400815378, "2": 0.005739442404617101}, "inv_c_res": 0.0002629589086564363, "eta": 0.1352759542790559, "_timestamp": 1683301406.4730637, "_runtime": 4606.02112364769, "_step": 49, "_wandb": {"runtime": 4604}}