{"best_f": 50.598250474796316, "f_hat_x": 1.78178188974557, "f_x": 28.518284783612923, "f_res": 26.736502893867353, "sum_c_x": 17.13001891008147, "cum_costs": 1167.4730833963747, "E_inv_c": 0, "sum_Ec": 0, "inv_cost": 0.05837705172709841, "E_c": {"0": 0}, "c_x": {"0": 2.508139863736547, "1": 1.5407734188948141, "2": 13.08110562745011}, "c_res": {"0": 2.508139863736547}, "inv_c_res": 0.05837705172709841, "eta": 1.0, "_timestamp": 1683620336.8506887, "_runtime": 5225.4506316185, "_step": 49, "_wandb": {"runtime": 5224}}