{"best_f": -2.46913891874249, "f_hat_x": 7.469792586109928, "f_x": -2.4691399001916694, "f_res": 9.938932486301598, "sum_c_x": 124.49502397382298, "cum_costs": 9791.621630105445, "E_inv_c": 0, "sum_Ec": 0, "inv_cost": 0.0031177458982759804, "E_c": {"0": 0}, "c_x": {"0": 0.10000000149011612, "1": 0.10000000149011612, "2": 124.29502397084275}, "c_res": {"0": 140.07730398277613}, "inv_c_res": 0.0031177458982759804, "eta": 0.5140486262604124, "_timestamp": 1683858523.5237172, "_runtime": 8792.730118274689, "_step": 39, "_wandb": {"runtime": 8792}}