{"best_f": -2.7727655147918293, "f_hat_x": 0.8288237820231183, "f_x": -2.959750003487456, "f_res": 3.7885737855105743, "sum_c_x": 10.066843583544518, "cum_costs": 576.3033387781729, "E_inv_c": 0.09880462704004002, "sum_Ec": 10.157031928180047, "inv_cost": 0.09933600256138099, "E_c": {"0": 2.4171433339656416, "1": 1.5914399961764008, "2": 6.148448598038003}, "c_x": {"0": 2.411337872303293, "1": 1.5053065656632376, "2": 6.150199145577988}, "c_res": {"0": 0.00580546166234841, "1": 0.08613343051316313, "2": 0.0017505475399843817}, "inv_c_res": 0.000531375521340971, "eta": 1.0, "_timestamp": 1683504436.6100523, "_runtime": 3747.06170129776, "_step": 49, "_wandb": {"runtime": 3746}}