{"best_f": 119.26319647737947, "f_hat_x": 8.741240841796829, "f_x": 113.34297613207048, "f_res": 104.60173529027365, "sum_c_x": 11.74175526994484, "cum_costs": 235.76330411167208, "E_inv_c": 0, "sum_Ec": 0, "inv_cost": 0.0851661422853602, "E_c": {"0": 0}, "c_x": {"0": 2.0000000589409135, "1": 7.7417240605973845, "2": 2.000031150406543}, "c_res": {"0": 2.0000000589409135}, "inv_c_res": 0.0851661422853602, "eta": 1.0, "_timestamp": 1683566710.232858, "_runtime": 377.4308979511261, "_step": 9}