{"best_f": -4.140413374366047, "f_hat_x": -0.6603444790551088, "f_x": -6.0086711935308905, "f_res": 5.348326714475782, "sum_c_x": 10.151801611168986, "cum_costs": 577.7040061790965, "E_inv_c": 0, "sum_Ec": 0, "inv_cost": 0.09850468304067354, "E_c": {"0": 0}, "c_x": {"0": 2.266833142503442, "1": 0.0018422200940352296, "2": 7.883126248571509}, "c_res": {"0": 2.266833142503442}, "inv_c_res": 0.09850468304067354, "eta": 4.0, "_timestamp": 1683404666.5140772, "_runtime": 2106.3555011749268, "_step": 49, "_wandb": {"runtime": 2105}}