{"best_f": 1.0132959097490366, "f_hat_x": -0.5722148675950669, "f_x": -1.8724594441765663, "f_res": 1.3002445765814994, "sum_c_x": 7.812966050713889, "cum_costs": 707.1022496986722, "E_inv_c": 0, "sum_Ec": 0, "inv_cost": 0.12799236468058472, "E_c": {"0": 0}, "c_x": {"0": 3.706724912053166, "1": 0.5009958304533106, "2": 3.6052453082074134}, "c_res": {"0": 3.706724912053166}, "inv_c_res": 0.12799236468058472, "eta": 3.1670269825233763, "_timestamp": 1683401086.1492145, "_runtime": 4713.54331445694, "_step": 49, "_wandb": {"runtime": 4712}}