{"best_f": -2.6498159731913993, "f_hat_x": -3.0091992544816777, "f_x": -50.84978778973894, "f_res": 47.84058853525726, "sum_c_x": 247.0023894865845, "cum_costs": 15778.594625707432, "E_inv_c": 0, "sum_Ec": 0, "inv_cost": 0.004048543830197696, "E_c": {"0": 0}, "c_x": {"0": 72.13431133703142, "1": 49.7336676716282, "2": 125.13441047792486}, "c_res": {"0": 72.13431133703142}, "inv_c_res": 0.004048543830197696, "eta": 2.0, "_timestamp": 1683713804.9475162, "_runtime": 126.77957820892334, "_step": 49, "_wandb": {"runtime": 124}}