{"best_f": -12.844121806108738, "f_hat_x": 1.7268961181076248, "f_x": -277.5049650059108, "f_res": 279.2318611240184, "sum_c_x": 104.07910417228071, "cum_costs": 4010.7901519722213, "E_inv_c": 0, "sum_Ec": 0, "inv_cost": 0.009608076548628951, "E_c": {"0": 0}, "c_x": {"0": 20.09116367366179, "1": 53.94242981570436, "2": 30.045510682914557}, "c_res": {"0": 20.09116367366179}, "inv_c_res": 0.009608076548628951, "eta": 0.0, "_timestamp": 1683329106.6952157, "_runtime": 177.37619376182556, "_step": 12}