{"best_f": 187.23687884984673, "f_hat_x": 3.4903528562488746, "f_x": 187.23687884984673, "f_res": 183.74652599359786, "sum_c_x": 26.05406942551641, "cum_costs": 1520.5078663343177, "E_inv_c": 0, "sum_Ec": 0, "inv_cost": 0.03838172009400713, "E_c": {"0": 0}, "c_x": {"0": 2.6418964192475194, "1": 7.41474907393671, "2": 15.997423932332183}, "c_res": {"0": 2.6418964192475194}, "inv_c_res": 0.03838172009400713, "eta": 8.0, "_timestamp": 1683590519.9828622, "_runtime": 974.9109711647034, "_step": 49, "_wandb": {"runtime": 974}}