{"best_f": 1.017890141443667, "f_hat_x": -1.6392063449021899, "f_x": -22.91249855008314, "f_res": 21.27329220518095, "sum_c_x": 4.78213392650493, "cum_costs": 401.3156519354337, "E_inv_c": 0, "sum_Ec": 0, "inv_cost": 0.20911166758787536, "E_c": {"0": 0}, "c_x": {"0": 2.296021727552568, "1": 0.012812198281282994, "2": 2.4733000006710784}, "c_res": {"0": 2.296021727552568}, "inv_c_res": 0.20911166758787536, "eta": 0.99, "_timestamp": 1683478321.138519, "_runtime": 795.9121160507202, "_step": 13}