{"best_f": 0.8637640984425792, "f_hat_x": 7.014071958738954, "f_x": -1585.146488833533, "f_res": 1592.160560792272, "sum_c_x": 4.123594350910037, "cum_costs": 105.7001354924373, "E_inv_c": 0.23303146932127305, "sum_Ec": 4.3782003433724395, "inv_cost": 0.24250687989697867, "E_c": {"0": 2.0000000231488118, "1": 0.1219884949093838, "2": 2.2562118253142436}, "c_x": {"0": 2.000000023149843, "1": 0.12196814003501211, "2": 2.001626187725182}, "c_res": {"0": 1.0311751452718454e-12, "1": 2.035487437168637e-05, "2": 0.2545856375890616}, "inv_c_res": 0.009475410575705612, "eta": 1.0, "_timestamp": 1683590767.434575, "_runtime": 56.206202030181885, "_step": 3}