{"best_f": -4.077281557564641, "f_hat_x": 0.8005655734752546, "f_x": -84.89970314305575, "f_res": 85.700268716531, "sum_c_x": 10.577898545934362, "cum_costs": 271.44353713769686, "E_inv_c": 0, "sum_Ec": 0, "inv_cost": 0.09453673578523328, "E_c": {"0": 0}, "c_x": {"0": 2.060869818482881, "1": 5.881371427579401, "2": 2.63565729987208}, "c_res": {"0": 2.060869818482881}, "inv_c_res": 0.09453673578523328, "eta": 0.01, "_timestamp": 1683452488.973727, "_runtime": 193.28155899047852, "_step": 6}