{"best_f": -9.043230128161287, "f_hat_x": 1.8472233694243452, "f_x": -26.349850182659022, "f_res": 28.197073552083367, "sum_c_x": 363.68909788410394, "cum_costs": 13983.692550530497, "E_inv_c": 0, "sum_Ec": 0, "inv_cost": 0.002749601255077126, "E_c": {"0": 0}, "c_x": {"0": 177.91226676232168, "1": 74.7655762393135, "2": 111.01125488246875}, "c_res": {"0": 177.91226676232168}, "inv_c_res": 0.002749601255077126, "eta": 1.0, "_timestamp": 1683675937.5551257, "_runtime": 73.856440782547, "_step": 29}