{"best_f": 75.76738707802954, "f_hat_x": 0.0019477021567859787, "f_x": 74.81300606820872, "f_res": 74.81105836605194, "sum_c_x": 249.48469800496792, "cum_costs": 18307.915172448065, "E_inv_c": 0, "sum_Ec": 0, "inv_cost": 0.0040082618613350275, "E_c": {"0": 0}, "c_x": {"0": 68.40280605701504, "1": 44.802452099770306, "2": 136.27943984818256}, "c_res": {"0": 68.40280605701504}, "inv_c_res": 0.0040082618613350275, "eta": 0.6050060671375365, "_timestamp": 1683744170.15843, "_runtime": 370.4320740699768, "_step": 49, "_wandb": {"runtime": 369}}