{"best_f": 118.99806282673323, "f_hat_x": 9.60703924910384, "f_x": 118.43962920371686, "f_res": 108.83258995461303, "sum_c_x": 11.700451332027114, "cum_costs": 191.1671703420225, "E_inv_c": 0.08590627491227304, "sum_Ec": 11.6483409135313, "inv_cost": 0.08546678855564703, "E_c": {"0": 2.000000293380122, "1": 7.577041192319073, "2": 2.0712994278321064}, "c_x": {"0": 2.0000002933641277, "1": 7.577063910999463, "2": 2.1233871276635243}, "c_res": {"0": 1.5994316981959855e-11, "1": 2.2718680390276802e-05, "2": 0.05208769983141792}, "inv_c_res": 0.0004394863566260093, "eta": 1.0, "_timestamp": 1683568803.6018603, "_runtime": 66.0748462677002, "_step": 4}