{"best_f": -8.493956318752081, "f_hat_x": 7.364018787973454, "f_x": -10.029224058460915, "f_res": 17.39324284643437, "sum_c_x": 314.96968069508955, "cum_costs": 3831.473143784898, "E_inv_c": 0, "sum_Ec": 0, "inv_cost": 0.003174908765164806, "E_c": {"0": 0}, "c_x": {"0": 144.3902661719818, "1": 75.60492114534799, "2": 94.97449337775976}, "c_res": {"0": 144.3902661719818}, "inv_c_res": 0.003174908765164806, "eta": 1.0, "_timestamp": 1683676034.6626573, "_runtime": 20.790640354156494, "_step": 0, "_wandb": {"runtime": 24}}