{"best_f": -2.9447351818644885, "f_hat_x": -0.1768836430225064, "f_x": -7.531081696107927, "f_res": 7.354198053085421, "sum_c_x": 21.388711362414007, "cum_costs": 842.7363669551789, "E_inv_c": 0, "sum_Ec": 0, "inv_cost": 0.046753634805567656, "E_c": {"0": 0}, "c_x": {"0": 9.059072735911926, "1": 8.981651317921829, "2": 3.3479873085802527}, "c_res": {"0": 9.059072735911926}, "inv_c_res": 0.046753634805567656, "eta": 0.8, "_timestamp": 1683371707.9297192, "_runtime": 4170.760897159576, "_step": 49, "_wandb": {"runtime": 4167}}