{"best_f": -8.561445463420807, "f_hat_x": 2.186878842817568, "f_x": -147.3305894462772, "f_res": 149.51746828909478, "sum_c_x": 4.289979206268364, "cum_costs": 249.95582481251807, "E_inv_c": 0, "sum_Ec": 0, "inv_cost": 0.2331013629480618, "E_c": {"0": 0}, "c_x": {"0": 2.107959651386751, "1": 0.0018422200940352296, "2": 2.1801773347875777}, "c_res": {"0": 2.107959651386751}, "inv_c_res": 0.2331013629480618, "eta": 0.01, "_timestamp": 1683452314.428746, "_runtime": 18.589797019958496, "_step": 0, "_wandb": {"runtime": 19}}