{"best_f": -8.561445463420807, "f_hat_x": 2.3474119099988267, "f_x": -174.38178526508418, "f_res": 176.72919717508302, "sum_c_x": 4.235489072218937, "cum_costs": 249.90133467846866, "E_inv_c": 0, "sum_Ec": 0, "inv_cost": 0.23610024319484513, "E_c": {"0": 0}, "c_x": {"0": 2.107959651386751, "1": 0.0018422200940352296, "2": 2.1256872007381507}, "c_res": {"0": 2.107959651386751}, "inv_c_res": 0.23610024319484513, "eta": 0.01, "_timestamp": 1683452315.9239035, "_runtime": 20.10194444656372, "_step": 0, "_wandb": {"runtime": 20}}