{"best_f": -10.243321681277322, "f_hat_x": 2.3323787268882654, "f_x": -264.5801455778064, "f_res": 266.91252430469467, "sum_c_x": 149.2302341965652, "cum_costs": 3199.3163126207255, "E_inv_c": 0, "sum_Ec": 0, "inv_cost": 0.006701054952998371, "E_c": {"0": 0}, "c_x": {"0": 51.24559995993246, "1": 67.98478731693257, "2": 29.999846919700154}, "c_res": {"0": 51.24559995993246}, "inv_c_res": 0.006701054952998371, "eta": 0.04000000000000001, "_timestamp": 1683329108.4928496, "_runtime": 178.99440360069275, "_step": 12}