{"best_f": 0.4852899540560254, "f_hat_x": 5.869308528895393, "f_x": -1.7579340467175992, "f_res": 7.627242575612992, "sum_c_x": 7.931036044246741, "cum_costs": 535.8820136352317, "E_inv_c": 0.1261210586599203, "sum_Ec": 7.928934772201547, "inv_cost": 0.12608693169732985, "E_c": {"0": 2.0009767564985146, "1": 0.29073782279155586, "2": 5.637220192911477}, "c_x": {"0": 2.000976720056113, "1": 0.2908039928008739, "2": 5.639255331389754}, "c_res": {"0": 3.644240154088152e-08, "1": 6.617000931802286e-05, "2": 0.0020351384782770765}, "inv_c_res": 3.412696259044723e-05, "eta": 2.0, "_timestamp": 1683576433.557249, "_runtime": 5802.674026012421, "_step": 49, "_wandb": {"runtime": 5801}}