{"best_f": -3.0331143018490123, "f_hat_x": 6.265377357373174, "f_x": -5.104290679430569, "f_res": 11.369668036803743, "sum_c_x": 363.8924926016709, "cum_costs": 11509.424847405857, "E_inv_c": 0, "sum_Ec": 0, "inv_cost": 0.0027480643880571456, "E_c": {"0": 0}, "c_x": {"0": 139.77953217965364, "1": 63.00051366683354, "2": 161.1124467551837}, "c_res": {"0": 139.77953217965364}, "inv_c_res": 0.0027480643880571456, "eta": 1.0, "_timestamp": 1683675430.4994643, "_runtime": 117.78781032562256, "_step": 20}