{"best_f": -2.3551928563096602, "f_hat_x": -0.23495937961096425, "f_x": -3.3495868502725954, "f_res": 3.114627470661631, "sum_c_x": 22.10335805105881, "cum_costs": 1155.2754568345295, "E_inv_c": 0, "sum_Ec": 0, "inv_cost": 0.045241994347193656, "E_c": {"0": 0}, "c_x": {"0": 8.79768537078412, "1": 8.976626461567262, "2": 4.329046218707429}, "c_res": {"0": 8.79768537078412}, "inv_c_res": 0.045241994347193656, "eta": 5.497558138880011e-28, "_timestamp": 1683334528.6237037, "_runtime": 4786.329617738724, "_step": 49, "_wandb": {"runtime": 4785}}