{"best_f": -6.786908697244854, "f_hat_x": 9.472120009923685, "f_x": -6.859929015493592, "f_res": 16.332049025417277, "sum_c_x": 295.09751209094736, "cum_costs": 4591.537047078587, "E_inv_c": 0, "sum_Ec": 0, "inv_cost": 0.0033887103720881447, "E_c": {"0": 0}, "c_x": {"0": 142.768555850594, "1": 52.6632734438538, "2": 99.66568279649954}, "c_res": {"0": 142.768555850594}, "inv_c_res": 0.0033887103720881447, "eta": 1.0, "_timestamp": 1683811621.5629718, "_runtime": 47.63987588882446, "_step": 2, "_wandb": {"runtime": 46}}