{"best_f": -8.493956318752081, "f_hat_x": 6.105032540415326, "f_x": -14.943523740474948, "f_res": 21.048556280890274, "sum_c_x": 48.85287549596284, "cum_costs": 676.8634824807923, "E_inv_c": 0.0202521187590275, "sum_Ec": 49.48878350936711, "inv_cost": 0.020469624148994857, "E_c": {"0": 2.0577165212233157, "1": 4.065660754091961, "2": 43.36540623405183}, "c_x": {"0": 2.0001673762814063, "1": 3.3587473497089038, "2": 43.49396076997253}, "c_res": {"0": 0.057549144941909436, "1": 0.7069134043830569, "2": 0.1285545359206992}, "inv_c_res": 0.0002175053899673568, "eta": 2.0, "_timestamp": 1683667949.6855054, "_runtime": 20.514941453933716, "_step": 0, "_wandb": {"runtime": 31}}