{"best_f": -5.941160679441715, "f_hat_x": 6.874366466642511, "f_x": -8.490142739744005, "f_res": 15.364509206386515, "sum_c_x": 94.36884602680728, "cum_costs": 4296.018459440869, "E_inv_c": 0.010611130097146187, "sum_Ec": 94.24511821060227, "inv_cost": 0.010596717477248063, "E_c": {"0": 40.324860581018704, "1": 48.07181482333754, "2": 5.848442806246026}, "c_x": {"0": 40.414016229229176, "1": 48.103640475716475, "2": 5.8511893218616295}, "c_res": {"0": 0.08915564821047184, "1": 0.03182565237893442, "2": 0.002746515615603684}, "inv_c_res": 1.4412619898124257e-05, "eta": 2.4414062500000007e-28, "_timestamp": 1683296627.3494208, "_runtime": 2198.4030678272247, "_step": 22}