{"best_f": -3.151261567141818, "f_hat_x": -0.4344535750981461, "f_x": -4.80703763642905, "f_res": 4.372584061330904, "sum_c_x": 25.703944452367494, "cum_costs": 1387.3856812814204, "E_inv_c": 0, "sum_Ec": 0, "inv_cost": 0.03890453474380636, "E_c": {"0": 0}, "c_x": {"0": 8.704501703466834, "1": 8.98052073069664, "2": 8.018922018204023}, "c_res": {"0": 8.704501703466834}, "inv_c_res": 0.03890453474380636, "eta": 2.227915756473953e-09, "_timestamp": 1683341430.8913283, "_runtime": 5698.301564216614, "_step": 49, "_wandb": {"runtime": 5697}}