{"best_f": 128.28413996832475, "f_hat_x": 1.0527087312328214, "f_x": 109.66119897954997, "f_res": 108.60849024831714, "sum_c_x": 23.16684405322784, "cum_costs": 1387.970869553302, "E_inv_c": 0, "sum_Ec": 0, "inv_cost": 0.0431651371115726, "E_c": {"0": 0}, "c_x": {"0": 3.570631583897722, "1": 5.181670880562772, "2": 14.414541588767346}, "c_res": {"0": 3.570631583897722}, "inv_c_res": 0.0431651371115726, "eta": 4.0, "_timestamp": 1683642338.7908268, "_runtime": 920.5609228610992, "_step": 49, "_wandb": {"runtime": 919}}