{"best_f": -12.751678352508534, "f_hat_x": 10.564438988961312, "f_x": -16.036601037350884, "f_res": 26.601040026312198, "sum_c_x": 28.974233222191174, "cum_costs": 774.6687222982954, "E_inv_c": 0, "sum_Ec": 0, "inv_cost": 0.03451342412865327, "E_c": {"0": 0}, "c_x": {"0": 10.462214636638729, "1": 9.345324925909912, "2": 9.166693659642533}, "c_res": {"0": 10.462214636638729}, "inv_c_res": 0.03451342412865327, "eta": 1.0, "_timestamp": 1683805235.1505353, "_runtime": 37.39079236984253, "_step": 2}