{"best_f": -1.066782512785203, "f_hat_x": 6.667142626378056, "f_x": -2.1077106503119905, "f_res": 8.774853276690047, "sum_c_x": 57.500362083769176, "cum_costs": 3983.1960927148193, "E_inv_c": 0, "sum_Ec": 0, "inv_cost": 0.01739119483357607, "E_c": {"0": 0}, "c_x": {"0": 2.000000001606802, "1": 5.394160852450587, "2": 50.106201229711786}, "c_res": {"0": 2.000000001606802}, "inv_c_res": 0.01739119483357607, "eta": 1.0, "_timestamp": 1683665765.0915363, "_runtime": 3352.422419309616, "_step": 49, "_wandb": {"runtime": 3351}}