{"best_f": 0.37078943244783, "f_hat_x": 1.8834527705544537, "f_x": -31.639790074591975, "f_res": 33.52324284514643, "sum_c_x": 127.96852742930685, "cum_costs": 3694.139988260948, "E_inv_c": 0, "sum_Ec": 0, "inv_cost": 0.00781442140570404, "E_c": {"0": 0}, "c_x": {"0": 24.072987428655132, "1": 77.59556336343744, "2": 26.299976637214286}, "c_res": {"0": 24.072987428655132}, "inv_c_res": 0.00781442140570404, "eta": 1.5625000000000003e-14, "_timestamp": 1683296695.9135523, "_runtime": 2266.6761071681976, "_step": 16}