{"best_f": -2.536846181337236, "f_hat_x": 3.1465409848807853, "f_x": -8.280589561989173, "f_res": 11.427130546869957, "sum_c_x": 339.7751335602046, "cum_costs": 14481.63132625236, "E_inv_c": 0, "sum_Ec": 0, "inv_cost": 0.002943122969364709, "E_c": {"0": 0}, "c_x": {"0": 138.68625189090199, "1": 77.9417683237112, "2": 123.14711334559145}, "c_res": {"0": 138.68625189090199}, "inv_c_res": 0.002943122969364709, "eta": 1.0, "_timestamp": 1683844648.0408645, "_runtime": 471.2682454586029, "_step": 34}