{"best_f": 0.7763017845828077, "f_hat_x": -0.04305305113344098, "f_x": -1.7278948169026531, "f_res": 1.684841765769212, "sum_c_x": 14.87235675461201, "cum_costs": 923.4474523901339, "E_inv_c": 0.06719650133894436, "sum_Ec": 15.005997944064, "inv_cost": 0.06723883890761925, "E_c": {"0": 5.568972046467214, "1": 5.561370975526937, "2": 3.8756549220698484}, "c_x": {"0": 5.57736115606025, "1": 5.4194853942888646, "2": 3.8755102042628957}, "c_res": {"0": 0.008389109593036181, "1": 0.14188558123807216, "2": 0.00014471780695268777}, "inv_c_res": 4.233756867488836e-05, "eta": 0.1352759542790559, "_timestamp": 1683487674.6792638, "_runtime": 9108.12693476677, "_step": 49, "_wandb": {"runtime": 9107}}