{"best_f": 77.6994515579732, "f_hat_x": 0.5118124228297852, "f_x": 77.3203393781105, "f_res": 76.80852695528071, "sum_c_x": 283.35142253275717, "cum_costs": 16981.259601844362, "E_inv_c": 0, "sum_Ec": 0, "inv_cost": 0.003529186446503172, "E_c": {"0": 0}, "c_x": {"0": 107.95676866920513, "1": 44.63473934050067, "2": 130.75991452305135}, "c_res": {"0": 107.95676866920513}, "inv_c_res": 0.003529186446503172, "eta": 1.0, "_timestamp": 1683729219.8939233, "_runtime": 421.7520031929016, "_step": 49, "_wandb": {"runtime": 421}}