{"best_f": -2.5622394302027405, "f_hat_x": -0.10371106264950881, "f_x": -2.6596138295247154, "f_res": 2.5559027668752066, "sum_c_x": 20.187748364869954, "cum_costs": 1275.498503300216, "E_inv_c": 0, "sum_Ec": 0, "inv_cost": 0.04953499429090203, "E_c": {"0": 0}, "c_x": {"0": 8.36765645379202, "1": 2.844973402070797, "2": 8.975118509007137}, "c_res": {"0": 8.36765645379202}, "inv_c_res": 0.04953499429090203, "eta": 0.4, "_timestamp": 1683386103.2472153, "_runtime": 6830.354557275772, "_step": 49, "_wandb": {"runtime": 6829}}