{"best_f": -5.514221698565157, "f_hat_x": 8.368332642037153, "f_x": -5.514221698565157, "f_res": 13.88255434060231, "sum_c_x": 51.17191626888166, "cum_costs": 822.0703127331291, "E_inv_c": 0.019196201267746148, "sum_Ec": 52.11128193125145, "inv_cost": 0.019541968972698286, "E_c": {"0": 2.13015936070242, "1": 0.9293223841627989, "2": 49.05180018638623}, "c_x": {"0": 2.002514467547277, "1": 0.285533749507918, "2": 48.88386805182647}, "c_res": {"0": 0.12764489315514282, "1": 0.6437886346548809, "2": 0.16793213455976286}, "inv_c_res": 0.0003457677049521386, "eta": 2.0, "_timestamp": 1683667963.9399607, "_runtime": 32.21024179458618, "_step": 1, "_wandb": {"runtime": 44}}