{"best_f": -0.040110004254064524, "f_hat_x": -2.001336824379445, "f_x": -8.959968468983288, "f_res": 6.958631644603843, "sum_c_x": 12.43721844689588, "cum_costs": 804.1686251676653, "E_inv_c": 0, "sum_Ec": 0, "inv_cost": 0.08040383018677164, "E_c": {"0": 0}, "c_x": {"0": 4.109708262490705, "1": 2.020830694452024, "2": 6.306679489953151}, "c_res": {"0": 4.109708262490705}, "inv_c_res": 0.08040383018677164, "eta": 0.6757290490602831, "_timestamp": 1683499550.4987664, "_runtime": 6484.998848438263, "_step": 49, "_wandb": {"runtime": 6484}}