{"best_f": -1.1898338177345738, "f_hat_x": 4.440757742253819, "f_x": -2.399900878377731, "sum_c_x": 104.68036402414545, "cum_costs": 6653.197996096294, "E_inv_c": 0, "sum_Ec": 0, "inv_cost": 0.009552889974373239, "E_c": {"0": 0}, "c_x": {"0": 31.876767182787543, "1": 42.06450547587671, "2": 30.7390913654812}, "c_res": {"0": 31.876767182787543}, "inv_c_res": 0.009552889974373239, "_timestamp": 1683270093.6724248, "_runtime": 451.5996358394623, "_step": 39, "_wandb": {"runtime": 450}}