{"best_f": 1.0132959097490366, "f_hat_x": -1.7891277478134748, "f_x": -28.661874403885335, "f_res": 26.87274665607186, "sum_c_x": 6.425951938832498, "cum_costs": 641.5329228451437, "E_inv_c": 0, "sum_Ec": 0, "inv_cost": 0.155618966577843, "E_c": {"0": 0}, "c_x": {"0": 2.0187060925759424, "1": 1.1549066794123168, "2": 3.252339166844239}, "c_res": {"0": 2.0187060925759424}, "inv_c_res": 0.155618966577843, "eta": 6.704751154404438, "_timestamp": 1683400596.3250246, "_runtime": 4223.483058691025, "_step": 49, "_wandb": {"runtime": 4222}}