{"best_f": 76.06093026496289, "f_hat_x": 0.017194930290598365, "f_x": 76.06093026496289, "f_res": 76.04373533467229, "sum_c_x": 125.54605546495333, "cum_costs": 12825.44671555214, "E_inv_c": 0.004180410280303669, "sum_Ec": 239.2111669370641, "inv_cost": 0.0041806132044071844, "E_c": {"0": 67.36539361005924, "1": 46.490948407934745, "2": 125.35482491907011}, "c_x": {"0": 0.10000000149011612, "1": 0.10000000149011612, "2": 125.3460554619731}, "c_res": {"0": 0.01111621669187457, "1": 0.014154390755138024, "2": 0.008769457097017153}, "inv_c_res": 2.0292410351542556e-07, "eta": 1.0, "_timestamp": 1683730284.3342152, "_runtime": 1486.1660001277924, "_step": 49, "_wandb": {"runtime": 1485}}