{"best_f": -16.70320947070198, "f_hat_x": 0.954518529995301, "f_x": -55.40920255476015, "f_res": 56.36372108475545, "sum_c_x": 8.513786289487658, "cum_costs": 214.92011245026768, "E_inv_c": 0.12744792566422958, "sum_Ec": 8.20831018331493, "inv_cost": 0.11745655411091813, "E_c": {"0": 5.530907173185823, "1": 0.33202275104207524, "2": 2.345380259087032}, "c_x": {"0": 6.0610258752839155, "1": 0.2524369092130295, "2": 2.2003235049907124}, "c_res": {"0": 0.5301187020980924, "1": 0.07958584182904571, "2": 0.14505675409631946}, "inv_c_res": 0.009991371553311451, "eta": 0.01, "_timestamp": 1683477139.8339555, "_runtime": 141.93761348724365, "_step": 1}