{"best_f": -6.2607527599834185, "f_hat_x": 1.0710492384381838, "f_x": -15.752735374510895, "f_res": 16.82378461294908, "sum_c_x": 204.97718557895953, "cum_costs": 9613.143899448605, "E_inv_c": 0, "sum_Ec": 0, "inv_cost": 0.004878591718270952, "E_c": {"0": 0}, "c_x": {"0": 135.3193352502676, "1": 39.68570800555976, "2": 29.972142323132136}, "c_res": {"0": 135.3193352502676}, "inv_c_res": 0.004878591718270952, "eta": 0.1352759542790559, "_timestamp": 1683314139.7706332, "_runtime": 4455.410318136215, "_step": 49, "_wandb": {"runtime": 4454}}