{"best_f": -8.418195390432205, "f_hat_x": 9.795496474197968, "f_x": -8.987263311588482, "f_res": 18.78275978578645, "sum_c_x": 366.46301513791377, "cum_costs": 4582.115787395298, "E_inv_c": 0, "sum_Ec": 0, "inv_cost": 0.002728788332496971, "E_c": {"0": 0}, "c_x": {"0": 146.59524152114474, "1": 72.78846139655832, "2": 147.0793122202107}, "c_res": {"0": 146.59524152114474}, "inv_c_res": 0.002728788332496971, "eta": 1.0, "_timestamp": 1683812433.9078727, "_runtime": 19.804673671722412, "_step": 2, "_wandb": {"runtime": 19}}