{"best_f": -3.7362616953644805, "f_hat_x": 3.9091290281762228, "f_x": -5.420091690695582, "f_res": 9.329220718871804, "sum_c_x": 183.88707056571255, "cum_costs": 11458.670858209327, "E_inv_c": 0, "sum_Ec": 0, "inv_cost": 0.0030882670626503207, "E_c": {"0": 0}, "c_x": {"0": 0.10000000149011612, "1": 84.44747938264783, "2": 99.3395911815746}, "c_res": {"0": 140.01912226607308}, "inv_c_res": 0.0030882670626503207, "eta": 1.0, "_timestamp": 1683829210.532771, "_runtime": 6713.494351148605, "_step": 49, "_wandb": {"runtime": 6712}}