{"best_f": -7.881485088803577, "f_hat_x": 9.339446308848435, "f_x": -10.44144552764665, "f_res": 19.780891836495087, "sum_c_x": 375.1420731923631, "cum_costs": 5209.779785448047, "E_inv_c": 0, "sum_Ec": 0, "inv_cost": 0.0026656567510283656, "E_c": {"0": 0}, "c_x": {"0": 140.00006802355352, "1": 82.73011636689034, "2": 152.41188880191925}, "c_res": {"0": 140.00006802355352}, "inv_c_res": 0.0026656567510283656, "eta": 1.0, "_timestamp": 1683844122.514769, "_runtime": 33.44939708709717, "_step": 3}