{"best_f": -7.203051951203035, "f_hat_x": 2.3226557454050654, "f_x": -9.861625321542585, "f_res": 12.18428106694765, "sum_c_x": 17.72771319366694, "cum_costs": 662.9412662651137, "E_inv_c": 0, "sum_Ec": 0, "inv_cost": 0.056408854829467836, "E_c": {"0": 0}, "c_x": {"0": 2.000010393213821, "1": 7.9660515105078735, "2": 7.761651289945246}, "c_res": {"0": 2.000010393213821}, "inv_c_res": 0.056408854829467836, "eta": 1, "_timestamp": 1683543714.8763425, "_runtime": 2259.2114424705505, "_step": 49, "_wandb": {"runtime": 2258}}