{"best_f": -1.730300697105897, "f_hat_x": -0.624477237882013, "f_x": -5.496244905680816, "f_res": 4.871767667798802, "sum_c_x": 14.733651304346255, "cum_costs": 1059.8940262328506, "E_inv_c": 0, "sum_Ec": 0, "inv_cost": 0.06787183837485089, "E_c": {"0": 0}, "c_x": {"0": 9.171051090949309, "1": 1.9111571860731247, "2": 3.651443027323822}, "c_res": {"0": 9.171051090949309}, "inv_c_res": 0.06787183837485089, "eta": 0.2, "_timestamp": 1683385146.582305, "_runtime": 5873.729804992676, "_step": 49, "_wandb": {"runtime": 5872}}