{"best_f": -3.2436687528287074, "f_hat_x": -0.4220719760838143, "f_x": -7.056361470525134, "f_res": 6.63428949444132, "sum_c_x": 216.97008703648956, "cum_costs": 11329.472078794759, "E_inv_c": 0, "sum_Ec": 0, "inv_cost": 0.004608930261579432, "E_c": {"0": 0}, "c_x": {"0": 62.5087561951683, "1": 71.47128941190331, "2": 82.99004142941794}, "c_res": {"0": 62.5087561951683}, "inv_c_res": 0.004608930261579432, "eta": 1.0, "_timestamp": 1683863981.894522, "_runtime": 388.448734998703, "_step": 39, "_wandb": {"runtime": 387}}