{"best_f": 114.45834263771125, "f_hat_x": 6.868903052097254, "f_x": 114.45834263771125, "f_res": 107.589439585614, "sum_c_x": 14.10080469140339, "cum_costs": 872.6366641365006, "E_inv_c": 0, "sum_Ec": 0, "inv_cost": 0.07091793850670479, "E_c": {"0": 0}, "c_x": {"0": 2.0000000000611093, "1": 7.710590748026184, "2": 4.390213943316097}, "c_res": {"0": 2.0000000000611093}, "inv_c_res": 0.07091793850670479, "eta": 2.0, "_timestamp": 1683537392.8203855, "_runtime": 3566.017380475998, "_step": 49, "_wandb": {"runtime": 3565}}