{"best_f": -1.0251478742678513, "f_hat_x": 4.5760173866314355, "f_x": -1.1379469507309032, "f_res": 5.713964337362339, "sum_c_x": 118.25610070510129, "cum_costs": 7008.194178203463, "E_inv_c": 0, "sum_Ec": 0, "inv_cost": 0.008456223349472087, "E_c": {"0": 0}, "c_x": {"0": 19.4585991915137, "1": 67.88228265685215, "2": 30.91521885673543}, "c_res": {"0": 19.4585991915137}, "inv_c_res": 0.008456223349472087, "eta": 5.820766091346744e-79, "_timestamp": 1683296706.7744856, "_runtime": 2277.498568534851, "_step": 44}