{"best_f": 116.23150558600496, "f_hat_x": 6.337628224291932, "f_x": 116.2024550381581, "f_res": 109.86482681386617, "sum_c_x": 14.663191875999122, "cum_costs": 975.5484079031545, "E_inv_c": 0, "sum_Ec": 0, "inv_cost": 0.06819797547877766, "E_c": {"0": 0}, "c_x": {"0": 2.0000000085127443, "1": 7.793396523207676, "2": 4.869795344278701}, "c_res": {"0": 2.0000000085127443}, "inv_c_res": 0.06819797547877766, "eta": 1, "_timestamp": 1683544607.6058142, "_runtime": 3151.9169533252716, "_step": 49, "_wandb": {"runtime": 3151}}