{"best_f": -2.9326326307445445, "f_hat_x": 4.942533783903565, "f_x": -3.5022980388163583, "f_res": 8.444831822719923, "sum_c_x": 341.57683328585756, "cum_costs": 13070.439540547382, "E_inv_c": 0, "sum_Ec": 0, "inv_cost": 0.0029275990130253468, "E_c": {"0": 0}, "c_x": {"0": 140.33547559358684, "1": 54.70340529001453, "2": 146.53795240225617}, "c_res": {"0": 140.33547559358684}, "inv_c_res": 0.0029275990130253468, "eta": 0.029561765882869215, "_timestamp": 1683858221.3758476, "_runtime": 8493.925580501556, "_step": 39, "_wandb": {"runtime": 8493}}