{"best_f": -8.182904324706552, "f_hat_x": 9.098680547615597, "f_x": -8.182904324706552, "f_res": 17.28158487232215, "sum_c_x": 72.92623021185031, "cum_costs": 834.1206760875266, "E_inv_c": 0.013723694648862896, "sum_Ec": 73.27772519510096, "inv_cost": 0.013712487222978692, "E_c": {"0": 1.999718620585422, "1": 7.930617170565345, "2": 63.34738940395019}, "c_x": {"0": 2.0000002925406886, "1": 8.439076065015136, "2": 62.48715385429449}, "c_res": {"0": 0.0002816719552665159, "1": 0.5084588944497916, "2": 0.8602355496556982}, "inv_c_res": 1.1207425884203828e-05, "eta": 1.0, "_timestamp": 1683667968.7070367, "_runtime": 39.574307680130005, "_step": 1, "_wandb": {"runtime": 53}}