{"best_f": 116.7567657995775, "f_hat_x": 8.240553283724443, "f_x": 116.7567657995775, "f_res": 108.51621251585306, "sum_c_x": 11.42610047758836, "cum_costs": 213.25026916470532, "E_inv_c": 0.0885463350574453, "sum_Ec": 11.313413157227743, "inv_cost": 0.08751892230962283, "E_c": {"0": 2.0000000000074034, "1": 7.323905777902785, "2": 1.989507379317554}, "c_x": {"0": 2.0000000000107576, "1": 7.42478627567163, "2": 2.0013142019059726}, "c_res": {"0": 3.354205801997523e-12, "1": 0.10088049776884489, "2": 0.011806822588418697}, "inv_c_res": 0.001027412747822476, "eta": 1.0, "_timestamp": 1683568229.1287823, "_runtime": 69.12320137023926, "_step": 7}