{"best_f": 75.91100203898874, "f_hat_x": 0.1673088422196259, "f_x": 75.91100203898874, "f_res": 75.74369319676912, "sum_c_x": 237.64953944566895, "cum_costs": 17555.287852750007, "E_inv_c": 0, "sum_Ec": 0, "inv_cost": 0.00420787686916018, "E_c": {"0": 0}, "c_x": {"0": 69.5444273876679, "1": 46.167752729367855, "2": 121.93735932863319}, "c_res": {"0": 69.5444273876679}, "inv_c_res": 0.00420787686916018, "eta": 1.0, "_timestamp": 1683729225.1930542, "_runtime": 427.0098912715912, "_step": 49, "_wandb": {"runtime": 426}}