{"best_f": -5.186307744847033, "f_hat_x": 6.331581579513057, "f_x": -9.894747490652433, "f_res": 16.22632907016549, "sum_c_x": 326.9019106939107, "cum_costs": 4169.205054879423, "E_inv_c": 0, "sum_Ec": 0, "inv_cost": 0.0030590215819702987, "E_c": {"0": 0}, "c_x": {"0": 106.30201272468372, "1": 52.074403783279365, "2": 168.5254941859476}, "c_res": {"0": 106.30201272468372}, "inv_c_res": 0.0030590215819702987, "eta": 1.0, "_timestamp": 1683844123.1961648, "_runtime": 34.10623073577881, "_step": 1}