{"best_f": -1.1442473348271247, "f_hat_x": 2.6528579998801765, "f_x": -5.614894932598322, "f_res": 8.267752932478498, "sum_c_x": 311.68360802704603, "cum_costs": 20621.039194340643, "E_inv_c": 0, "sum_Ec": 0, "inv_cost": 0.0032083817507439338, "E_c": {"0": 0}, "c_x": {"0": 140.0882525809721, "1": 36.34745437504868, "2": 135.24790107102527}, "c_res": {"0": 140.0882525809721}, "inv_c_res": 0.0032083817507439338, "eta": 1.0, "_timestamp": 1683683390.6299746, "_runtime": 290.5908327102661, "_step": 49, "_wandb": {"runtime": 289}}