{"best_f": -5.8379344854623945, "f_hat_x": 3.6389135826138674, "f_x": -7.942110610826983, "f_res": 11.58102419344085, "sum_c_x": 102.621952010434, "cum_costs": 6018.898457793316, "E_inv_c": 0.009744454649316947, "sum_Ec": 102.6227325234054, "inv_cost": 0.00974450378704866, "E_c": {"0": 37.47590527295996, "1": 56.49281768555805, "2": 8.654009564887383}, "c_x": {"0": 37.47793886307414, "1": 56.49620866709378, "2": 8.647804480266075}, "c_res": {"0": 0.002033590114173478, "1": 0.003390981535730475, "2": 0.006205084621308643}, "inv_c_res": 4.913773171341673e-08, "eta": 1.0, "_timestamp": 1683296585.410596, "_runtime": 3961.030506849289, "_step": 37}