{"best_f": -5.379303177568207, "f_hat_x": 5.427235339303331, "f_x": -5.379303177568207, "f_res": 10.806538516871537, "sum_c_x": 148.33551544875783, "cum_costs": 10448.894054742623, "E_inv_c": 0, "sum_Ec": 0, "inv_cost": 0.002784047223868857, "E_c": {"0": 0}, "c_x": {"0": 0.10000000149011612, "1": 0.10000000149011612, "2": 148.1355154457776}, "c_res": {"0": 140.251337845904}, "inv_c_res": 0.002784047223868857, "eta": 1.0, "_timestamp": 1683828717.4561257, "_runtime": 6220.412619829178, "_step": 49, "_wandb": {"runtime": 6219}}