{"best_f": 1.0132959097490366, "f_hat_x": -0.2560373981709969, "f_x": -3.5465166246627815, "f_res": 3.290479226491785, "sum_c_x": 20.567915963794555, "cum_costs": 841.6992093359668, "E_inv_c": 0, "sum_Ec": 0, "inv_cost": 0.04861941296144381, "E_c": {"0": 0}, "c_x": {"0": 8.970708468287963, "1": 7.924417440498272, "2": 3.6727900550083206}, "c_res": {"0": 8.970708468287963}, "inv_c_res": 0.04861941296144381, "eta": 1.0, "_timestamp": 1683366982.8040686, "_runtime": 4705.52752661705, "_step": 49, "_wandb": {"runtime": 4704}}