{"best_f": -8.493956318752081, "f_hat_x": 7.390763476707831, "f_x": -12.257163185910478, "f_res": 19.64792666261831, "sum_c_x": 92.88584293263422, "cum_costs": 4021.3596582735763, "E_inv_c": 0.0030940431575126235, "sum_Ec": 323.2511056550471, "inv_cost": 0.0031303269007400486, "E_c": {"0": 152.6232597687221, "1": 74.1517319781944, "2": 96.47611390813066}, "c_x": {"0": 0.10000000149011612, "1": 0.10000000149011612, "2": 92.68584292965399}, "c_res": {"0": 0.0010593580760200894, "1": 0.006440432152970743, "2": 3.79027097847667}, "inv_c_res": 3.628374322742515e-05, "eta": 1.0, "_timestamp": 1683843824.5067427, "_runtime": 964.9418566226959, "_step": 2, "_wandb": {"runtime": 964}}