{"best_f": -1.9489282126902934, "f_hat_x": 3.6157646889332606, "f_x": -2.3597250901412608, "f_res": 5.975489779074522, "sum_c_x": 115.68420855517488, "cum_costs": 6106.400298774224, "E_inv_c": 0, "sum_Ec": 0, "inv_cost": 0.008644222167306924, "E_c": {"0": 0}, "c_x": {"0": 19.362478732047393, "1": 65.34511808541043, "2": 30.976611737717057}, "c_res": {"0": 19.362478732047393}, "inv_c_res": 0.008644222167306924, "eta": 1.0, "_timestamp": 1683296602.2477033, "_runtime": 3978.075251340866, "_step": 40}