{"best_f": 132.28749629065683, "f_hat_x": 9.42803839978249, "f_x": 131.27606313658833, "f_res": 121.84802473680584, "sum_c_x": 12.091351255198546, "cum_costs": 215.74309264019854, "E_inv_c": 0.08282062936324223, "sum_Ec": 12.075033068679653, "inv_cost": 0.08270374244318317, "E_c": {"0": 2.000000000141132, "1": 8.087496357850162, "2": 1.9875367106883604}, "c_x": {"0": 2.0000000001413802, "1": 8.087519180821708, "2": 2.003832074235458}, "c_res": {"0": 2.48245868306185e-13, "1": 2.2822971546432314e-05, "2": 0.016295363547097486}, "inv_c_res": 0.0001168869200590672, "eta": 1.0, "_timestamp": 1683568220.4831998, "_runtime": 60.4498188495636, "_step": 6}