{"best_f": -4.183330819540455, "f_hat_x": 6.004523719197489, "f_x": -4.200205544493858, "f_res": 10.204729263691348, "sum_c_x": 118.64043057218412, "cum_costs": 9853.760541150445, "E_inv_c": 0.07356225109568723, "sum_Ec": 308.1056746164426, "inv_cost": 0.0032585497761842466, "E_c": {"0": 140.9238520695285, "1": 47.52066919212616, "2": 119.661153354788}, "c_x": {"0": 0.10000000149011612, "1": 0.10000000149011612, "2": 118.44043056920388}, "c_res": {"0": 8.53102619657875e-05, "1": 5.189133325700368e-05, "2": 1.2207227855841154}, "inv_c_res": 0.07030370131950299, "eta": 2.0, "_timestamp": 1683833577.5147617, "_runtime": 4013.380832672119, "_step": 49, "_wandb": {"runtime": 4012}}