{"best_f": -5.481431320513623, "f_hat_x": 4.587238366629112, "f_x": -5.481431320513625, "f_res": 10.068669687142737, "sum_c_x": 116.0551914857528, "cum_costs": 4734.534993271203, "E_inv_c": 0.0033964189795722623, "sum_Ec": 294.49718806485856, "inv_cost": 0.003315107355421291, "E_c": {"0": 140.16840543147092, "1": 45.626317117384794, "2": 108.70246551600285}, "c_x": {"0": 0.10000000149011612, "1": 0.10000000149011612, "2": 115.85519148277257}, "c_res": {"0": 140.0684054299808, "1": 45.52631711589468, "2": 7.152725966769722}, "inv_c_res": 8.13116241509715e-05, "eta": 1.0, "_timestamp": 1683676155.857148, "_runtime": 141.98651790618896, "_step": 6}