{"best_f": 191.17771348030038, "f_hat_x": 3.094052712862707, "f_x": 191.17771348030038, "f_res": 188.08366076743766, "sum_c_x": 25.664327674851478, "cum_costs": 1544.3911217917557, "E_inv_c": 0.03896432121359395, "sum_Ec": 25.664504721122235, "inv_cost": 0.03896458978662051, "E_c": {"0": 2.000478599667176, "1": 7.665480728922238, "2": 15.998545392532822}, "c_x": {"0": 2.0004785934829554, "1": 7.665481911974325, "2": 15.998367169394198}, "c_res": {"0": 6.184220691096698e-09, "1": 1.183052087405656e-06, "2": 0.00017822313862403405}, "inv_c_res": 2.685730265614139e-07, "eta": 4.0, "_timestamp": 1683589313.7540963, "_runtime": 1008.7691712379456, "_step": 49, "_wandb": {"runtime": 1008}}