{"best_f": -7.56341217367185, "f_hat_x": -1.1989198948449553, "f_x": -83.3553867177927, "f_res": 82.15646682294775, "sum_c_x": 5.004354962032882, "cum_costs": 475.56177483956094, "E_inv_c": 0.20015721398850211, "sum_Ec": 5.0023175041775545, "inv_cost": 0.1998259531122024, "E_c": {"0": 2.1466483670802363, "1": 0.12142562608761477, "2": 2.734243511009703}, "c_x": {"0": 2.146748935318284, "1": 0.12196814003501211, "2": 2.7356378866795863}, "c_res": {"0": 0.00010056823804749371, "1": 0.0005425139473973356, "2": 0.0013943756698830967}, "inv_c_res": 0.0003312608762997271, "eta": 5.0, "_timestamp": 1683410149.2388084, "_runtime": 3177.8358964920044, "_step": 41, "_wandb": {"runtime": 3185}}