{"best_f": 192.1759766887372, "f_hat_x": 2.0541012643821266, "f_x": 185.10282255689225, "f_res": 183.04872129251012, "sum_c_x": 25.37904206466746, "cum_costs": 1478.6417225880564, "E_inv_c": 0, "sum_Ec": 0, "inv_cost": 0.039402590430794616, "E_c": {"0": 0}, "c_x": {"0": 2.000027799963484, "1": 7.38856468873112, "2": 15.990449575972853}, "c_res": {"0": 2.000027799963484}, "inv_c_res": 0.039402590430794616, "eta": 5.0, "_timestamp": 1683589296.3233123, "_runtime": 991.2809753417969, "_step": 49, "_wandb": {"runtime": 990}}