{"best_f": 1.017890141443667, "f_hat_x": -0.614247596745081, "f_x": -5.8744201209189075, "f_res": 5.260172524173827, "sum_c_x": 5.631583503749546, "cum_costs": 407.0413175744356, "E_inv_c": 0, "sum_Ec": 0, "inv_cost": 0.1775699497901777, "E_c": {"0": 0}, "c_x": {"0": 2.278012884884701, "1": 0.0044738721959060035, "2": 3.3490967466689385}, "c_res": {"0": 2.278012884884701}, "inv_c_res": 0.1775699497901777, "eta": 0.95, "_timestamp": 1683478435.16401, "_runtime": 909.6768980026245, "_step": 14}