{"best_f": 0.3080734470448563, "f_hat_x": 0.9825759779088783, "f_x": -8.675352625711295, "f_res": 9.657928603620173, "sum_c_x": 5.293990487648052, "cum_costs": 373.8653535879465, "E_inv_c": 0.18891705082800037, "sum_Ec": 5.293340324364723, "inv_cost": 0.18889342592005065, "E_c": {"0": 3.074110274701578, "1": 0.1511035785719722, "2": 2.068126471091173}, "c_x": {"0": 3.0740845123782403, "1": 0.15114832661530286, "2": 2.0687576486545085}, "c_res": {"0": 2.576232333773021e-05, "1": 4.474804333065574e-05, "2": 0.0006311775633354166}, "inv_c_res": 2.362490794971528e-05, "eta": 1.0, "_timestamp": 1683594606.341578, "_runtime": 3727.530839920044, "_step": 49, "_wandb": {"runtime": 3726}}