{"best_f": -36.01461811926049, "f_hat_x": 10.431346019683923, "f_x": -36.01461811926049, "f_res": 46.44596413894441, "sum_c_x": 31.529064510908448, "cum_costs": 1084.2195432563594, "E_inv_c": 0, "sum_Ec": 0, "inv_cost": 0.031716767227712044, "E_c": {"0": 0}, "c_x": {"0": 9.567657207967603, "1": 10.46128769111918, "2": 11.500119611821667}, "c_res": {"0": 9.567657207967603}, "inv_c_res": 0.031716767227712044, "eta": 1.0, "_timestamp": 1683805232.222232, "_runtime": 34.36216711997986, "_step": 1}