{"best_f": -3.6326762700838025, "f_hat_x": -0.14749863788113451, "f_x": -14.750314027424995, "f_res": 14.60281538954386, "sum_c_x": 17.862172931136094, "cum_costs": 1212.0977895192689, "E_inv_c": 0.05596005158139397, "sum_Ec": 17.869943938564695, "inv_cost": 0.05598423013007951, "E_c": {"0": 8.422613874930875, "1": 0.37217464539883977, "2": 9.075155418234983}, "c_x": {"0": 8.422284482636002, "1": 0.37215650761252894, "2": 9.067731940887562}, "c_res": {"0": 0.0003293922948728323, "1": 1.813778631082341e-05, "2": 0.007423477347421326}, "inv_c_res": 2.4178548685541146e-05, "eta": 1.0, "_timestamp": 1683504077.7456012, "_runtime": 3388.4887630939484, "_step": 49, "_wandb": {"runtime": 3387}}