{"best_f": -7.078685022819104, "f_hat_x": 9.731296045247285, "f_x": -7.078685022819104, "f_res": 16.80998106806639, "sum_c_x": 360.33561933690214, "cum_costs": 4207.739267158545, "E_inv_c": 0, "sum_Ec": 0, "inv_cost": 0.002775190534425164, "E_c": {"0": 0}, "c_x": {"0": 142.66259191086817, "1": 74.33969961791426, "2": 143.3333278081197}, "c_res": {"0": 142.66259191086817}, "inv_c_res": 0.002775190534425164, "eta": 1.0, "_timestamp": 1683844116.5398445, "_runtime": 23.99195146560669, "_step": 1}