{"best_f": 181.7301455281846, "f_hat_x": 1.233525640786295, "f_x": -116.604425615568, "f_res": 117.8379512563543, "sum_c_x": 27.558423248144845, "cum_costs": 1486.2707711116946, "E_inv_c": 0, "sum_Ec": 0, "inv_cost": 0.03628654625831386, "E_c": {"0": 0}, "c_x": {"0": 3.179990007032994, "1": 8.929236201479648, "2": 15.449197039632203}, "c_res": {"0": 3.179990007032994}, "inv_c_res": 0.03628654625831386, "eta": 2.0, "_timestamp": 1683644133.6600482, "_runtime": 2715.485367298126, "_step": 49, "_wandb": {"runtime": 2714}}