{"best_f": -7.811608479540305, "f_hat_x": 8.345162378832171, "f_x": -8.418044697789494, "f_res": 16.763207076621665, "sum_c_x": 306.1701301883026, "cum_costs": 4915.868753886285, "E_inv_c": 0, "sum_Ec": 0, "inv_cost": 0.0032661579344300307, "E_c": {"0": 0}, "c_x": {"0": 143.66316854084081, "1": 52.39655788374564, "2": 110.11040376371612}, "c_res": {"0": 143.66316854084081}, "inv_c_res": 0.0032661579344300307, "eta": 1.0, "_timestamp": 1683841005.6389816, "_runtime": 18.272605657577515, "_step": 4}