{"best_f": -3.342940968749185, "f_hat_x": 6.721659919381425, "f_x": -4.860191096563348, "f_res": 11.581851015944773, "sum_c_x": 57.61762627818592, "cum_costs": 2044.4962819323073, "E_inv_c": 0.017259940907220647, "sum_Ec": 57.940442828828225, "inv_cost": 0.017355800031953084, "E_c": {"0": 2.000272242589938, "1": 1.2495908149537023, "2": 54.69057977128458}, "c_x": {"0": 2.0002722499010757, "1": 1.24515702134233, "2": 54.372197006942514}, "c_res": {"0": 7.311137473209328e-09, "1": 0.004433793611372305, "2": 0.31838276434206847}, "inv_c_res": 9.585912473243641e-05, "eta": 1.0, "_timestamp": 1683669221.8320608, "_runtime": 996.5081198215485, "_step": 23}