{"best_f": -1.315946661022991, "f_hat_x": 4.401851114349336, "f_x": -2.8178779232397746, "f_res": 7.2197290375891106, "sum_c_x": 139.2374904619054, "cum_costs": 7543.027500964286, "E_inv_c": 0.007328858725793399, "sum_Ec": 136.5060914063535, "inv_cost": 0.007181973739131663, "E_c": {"0": 39.136940633934685, "1": 66.52440230561052, "2": 30.844748466808298}, "c_x": {"0": 39.081409024110116, "1": 69.30798464511676, "2": 30.84809679267852}, "c_res": {"0": 0.05553160982456973, "1": 2.783582339506239, "2": 0.003348325870220492}, "inv_c_res": 0.00014688498666173572, "eta": 0.1352759542790559, "_timestamp": 1683300368.3072262, "_runtime": 3567.9048421382904, "_step": 49, "_wandb": {"runtime": 3567}}