{"best_f": 76.91971468858142, "f_hat_x": 0.09537383533399789, "f_x": 75.91020165888254, "f_res": 75.81482782354854, "sum_c_x": 290.93097462408474, "cum_costs": 19133.764990113898, "E_inv_c": 0, "sum_Ec": 0, "inv_cost": 0.0034372414325841774, "E_c": {"0": 0}, "c_x": {"0": 107.48755899935183, "1": 54.00710036902826, "2": 129.43631525570464}, "c_res": {"0": 107.48755899935183}, "inv_c_res": 0.0034372414325841774, "eta": 0.6050060671375365, "_timestamp": 1683744182.1783545, "_runtime": 382.43184757232666, "_step": 49, "_wandb": {"runtime": 381}}