{"best_f": -3.660203210772526, "f_hat_x": 2.3103803353296644, "f_x": -6.147715986751324, "f_res": 8.458096322080989, "sum_c_x": 54.491053228371655, "cum_costs": 1841.1167629269248, "E_inv_c": 0.014772966388335146, "sum_Ec": 67.94644570330918, "inv_cost": 0.01683197880114043, "E_c": {"0": 2.0017073637432627, "1": 3.1215333602405537, "2": 62.82320497932537}, "c_x": {"0": 0.10000000149011612, "1": 0.10000000149011612, "2": 54.29105322539142}, "c_res": {"0": 1.9017073622531466, "1": 3.0215333587504376, "2": 8.532151753933945}, "inv_c_res": 0.0020590124128052837, "eta": 1.0, "_timestamp": 1683669190.885856, "_runtime": 965.5084109306335, "_step": 23}