{"best_f": -5.061353085590085, "f_hat_x": 6.930246583571176, "f_x": -5.061353085590085, "f_res": 11.99159966916126, "sum_c_x": 51.70972690547978, "cum_costs": 732.1250606261194, "E_inv_c": 0.019482795703124722, "sum_Ec": 51.609562066445946, "inv_cost": 0.019338721355614586, "E_c": {"0": 1.9710507299043893, "1": 6.3306909278076064, "2": 43.30782040873395}, "c_x": {"0": 2.000807471913782, "1": 6.479605711511061, "2": 43.22931372205494}, "c_res": {"0": 0.02975674200939249, "1": 0.14891478370345457, "2": 0.07850668667901317}, "inv_c_res": 0.00014407434751013623, "eta": 1.0, "_timestamp": 1683667961.1513703, "_runtime": 32.01821422576904, "_step": 1, "_wandb": {"runtime": 50}}