{"best_f": -0.8363729697650943, "f_hat_x": -1.7881944966763073, "f_x": -11.286606360978427, "f_res": 9.498411864302119, "sum_c_x": 316.13509202867453, "cum_costs": 13015.552262958285, "E_inv_c": 0, "sum_Ec": 0, "inv_cost": 0.003163204671720837, "E_c": {"0": 0}, "c_x": {"0": 141.67146844759992, "1": 57.28791150782503, "2": 117.17571207324963}, "c_res": {"0": 141.67146844759992}, "inv_c_res": 0.003163204671720837, "eta": 1.0, "_timestamp": 1683676155.2434168, "_runtime": 141.1909327507019, "_step": 25}