{"best_f": -1.6795013002810182, "f_hat_x": 0.5418117942133797, "f_x": -9.255400405064165, "f_res": 9.797212199277546, "sum_c_x": 21.52092213668325, "cum_costs": 923.7328644065575, "E_inv_c": 0.046753583758696544, "sum_Ec": 21.418966423723028, "inv_cost": 0.04646641039119142, "E_c": {"0": 9.016093511759365, "1": 4.741880023507787, "2": 7.660992888455875}, "c_x": {"0": 9.085726707134665, "1": 4.77274254574452, "2": 7.662452883804065}, "c_res": {"0": 0.06963319537529955, "1": 0.030862522236732914, "2": 0.0014599953481893024}, "inv_c_res": 0.00028717336750512523, "eta": 0.1352759542790559, "_timestamp": 1683498234.3438606, "_runtime": 5169.120764732361, "_step": 49, "_wandb": {"runtime": 5168}}