{"best_f": 124.12358178140175, "f_hat_x": 1.4520549658710156, "f_x": -159.56504993642187, "f_res": 161.01710490229289, "sum_c_x": 24.77915569669458, "cum_costs": 1440.3897773279937, "E_inv_c": 0, "sum_Ec": 0, "inv_cost": 0.04035650012616835, "E_c": {"0": 0}, "c_x": {"0": 2.4814833383450994, "1": 7.010039196127937, "2": 15.287633162221546}, "c_res": {"0": 2.4814833383450994}, "inv_c_res": 0.04035650012616835, "eta": 2.0, "_timestamp": 1683644840.3953435, "_runtime": 3422.208751440048, "_step": 49, "_wandb": {"runtime": 3420}}