{"best_f": -8.561445463420807, "f_hat_x": -1.7211866830850624, "f_x": -12.796531782488472, "f_res": 11.07534509940341, "sum_c_x": 18.903198508458747, "cum_costs": 278.70330074205185, "E_inv_c": 0.05447411598788061, "sum_Ec": 20.31940899081344, "inv_cost": 0.052901100284828674, "E_c": {"0": 5.508780489694984, "1": 9.032657916609375, "2": 5.777970584509082}, "c_x": {"0": 3.2266225888022255, "1": 7.288298859590667, "2": 8.388277060065853}, "c_res": {"0": 2.2821579008927584, "1": 1.7443590570187082, "2": 2.6103064755567713}, "inv_c_res": 0.0015730157030519332, "eta": 0.01, "_timestamp": 1683477128.959542, "_runtime": 131.353933095932, "_step": 2}