{"best_f": -7.041458610956069, "f_hat_x": -1.4184090269667995, "f_x": -38.41703051593073, "f_res": 36.998621488963934, "sum_c_x": 195.86186611853662, "cum_costs": 10646.725705929208, "E_inv_c": 0, "sum_Ec": 0, "inv_cost": 0.00366180254457039, "E_c": {"0": 0}, "c_x": {"0": 0.10000000149011612, "1": 74.64226690642168, "2": 121.11959921062484}, "c_res": {"0": 77.32768140177575}, "inv_c_res": 0.00366180254457039, "eta": 1.0, "_timestamp": 1683690531.3788004, "_runtime": 2990.4654743671417, "_step": 49, "_wandb": {"runtime": 2989}}