{"best_f": -8.561445463420807, "f_hat_x": -1.721167696624013, "f_x": -11.229790835796399, "f_res": 9.508623139172386, "sum_c_x": 25.307459139685097, "cum_costs": 333.78391810223894, "E_inv_c": 0, "sum_Ec": 0, "inv_cost": 0.039514041867280206, "E_c": {"0": 0}, "c_x": {"0": 10.92691866176937, "1": 7.161768542624336, "2": 7.218771935291389}, "c_res": {"0": 10.92691866176937}, "inv_c_res": 0.039514041867280206, "eta": 0.01, "_timestamp": 1683477135.992593, "_runtime": 138.28003907203674, "_step": 6}