{"best_f": -1.5258683198092808, "f_hat_x": 5.655832763577732, "f_x": -15.276401969780528, "sum_c_x": 108.81724620109989, "cum_costs": 6076.305471715171, "E_inv_c": 0, "sum_Ec": 0, "inv_cost": 0.00918971978165987, "E_c": {"0": 0}, "c_x": {"0": 48.35890972194266, "1": 52.45647488580815, "2": 8.001861593349073}, "c_res": {"0": 48.35890972194266}, "inv_c_res": 0.00918971978165987, "_timestamp": 1683242630.434145, "_runtime": 1266.7365500926971, "_step": 39, "_wandb": {"runtime": 1265}}