{"best_f": -3.3488264278870763, "f_hat_x": 7.3279445485303425, "f_x": -3.8766360963892965, "f_res": 11.20458064491964, "sum_c_x": 63.36059184060609, "cum_costs": 2498.0927276840634, "E_inv_c": 0, "sum_Ec": 0, "inv_cost": 0.015782680858090203, "E_c": {"0": 0}, "c_x": {"0": 2.0004357581815952, "1": 1.00455428709833, "2": 60.355601795326166}, "c_res": {"0": 2.0004357581815952}, "inv_c_res": 0.015782680858090203, "eta": 1.0, "_timestamp": 1683668152.9837835, "_runtime": 223.82079553604126, "_step": 27}