{"best_f": -4.81760056693239, "f_hat_x": 6.5407274422525905, "f_x": -4.854859421353339, "f_res": 11.39558686360593, "sum_c_x": 6.396990250443359, "cum_costs": 524.6977516599275, "E_inv_c": 0.15578206524553756, "sum_Ec": 6.420106049361159, "inv_cost": 0.15632351478583112, "E_c": {"0": 2.030639337061993, "1": 0.15544274592735266, "2": 4.234023966371814}, "c_x": {"0": 2.000720116054813, "1": 0.16564799481048098, "2": 4.230622139578065}, "c_res": {"0": 0.029919221007179697, "1": 0.01020524888312832, "2": 0.0034018267937492297}, "inv_c_res": 0.0005414495402935593, "eta": 1.0, "_timestamp": 1683662345.4125488, "_runtime": 209.7114417552948, "_step": 11}