{"best_f": -3.8811352434559687, "f_hat_x": 1.4159268936939151, "f_x": -9.100312491850007, "f_res": 10.516239385543923, "sum_c_x": 244.64878464312167, "cum_costs": 9596.84720234617, "E_inv_c": 0, "sum_Ec": 0, "inv_cost": 0.004087492204217312, "E_c": {"0": 0}, "c_x": {"0": 158.19699771719414, "1": 58.16453585632041, "2": 28.287251069607116}, "c_res": {"0": 158.19699771719414}, "inv_c_res": 0.004087492204217312, "eta": 0.1352759542790559, "_timestamp": 1683311436.7098927, "_runtime": 1752.6182346343994, "_step": 49, "_wandb": {"runtime": 1751}}