{"best_f": -1.4128568396424792, "f_hat_x": -0.10921028848217217, "f_x": -8.249130111907377, "f_res": 8.139919823425204, "sum_c_x": 5.326315720982069, "cum_costs": 660.1318694018141, "E_inv_c": 0, "sum_Ec": 0, "inv_cost": 0.18774703798738004, "E_c": {"0": 0}, "c_x": {"0": 2.0888509189216453, "1": 0.3642532128099304, "2": 2.8732115892504932}, "c_res": {"0": 2.0888509189216453}, "inv_c_res": 0.18774703798738004, "eta": 3.1670269825233763, "_timestamp": 1683401271.2963314, "_runtime": 4898.669271469116, "_step": 49, "_wandb": {"runtime": 4897}}