{"best_f": 171.24219820987673, "f_hat_x": 2.2336718709677554, "f_x": 27.742359066000198, "f_res": 25.508687195032444, "sum_c_x": 23.376548721938804, "cum_costs": 1493.494494478431, "E_inv_c": 0, "sum_Ec": 0, "inv_cost": 0.042777914391678516, "E_c": {"0": 0}, "c_x": {"0": 2.01332252087579, "1": 7.143870351805356, "2": 14.219355849257655}, "c_res": {"0": 2.01332252087579}, "inv_c_res": 0.042777914391678516, "eta": 3.0, "_timestamp": 1683642363.0099263, "_runtime": 944.7227442264557, "_step": 49, "_wandb": {"runtime": 943}}