{"best_f": -7.124649675531387, "f_hat_x": 0.13967028588627323, "f_x": -39.79526540045998, "f_res": 39.93493568634626, "sum_c_x": 355.7672914243618, "cum_costs": 19745.02051963683, "E_inv_c": 0, "sum_Ec": 0, "inv_cost": 0.0028108261329937516, "E_c": {"0": 0}, "c_x": {"0": 140.93814888978335, "1": 59.16314608815991, "2": 155.66599644641855}, "c_res": {"0": 140.93814888978335}, "inv_c_res": 0.0028108261329937516, "eta": 1.0, "_timestamp": 1683675824.1053982, "_runtime": 114.91282606124878, "_step": 45}