{"best_f": 181.3447415490423, "f_hat_x": 3.6172011146430334, "f_x": 181.3447415490423, "f_res": 177.7275404343993, "sum_c_x": 25.578696337844104, "cum_costs": 1482.1085421517407, "E_inv_c": 0.03909502905291699, "sum_Ec": 25.578701399071463, "inv_cost": 0.03909503388257061, "E_c": {"0": 2.0000864135122196, "1": 7.581570416775241, "2": 15.997044568784004}, "c_x": {"0": 2.000086968383709, "1": 7.581575423628079, "2": 15.997033945832316}, "c_res": {"0": 5.548714892000817e-07, "1": 5.006852838107534e-06, "2": 1.0622951688077364e-05}, "inv_c_res": 4.82965362147425e-09, "eta": 8.0, "_timestamp": 1683590508.8777683, "_runtime": 963.7499253749847, "_step": 49, "_wandb": {"runtime": 962}}