{"best_f": -10.353200185915387, "f_hat_x": 0.6850498146963898, "f_x": -13.889338241111293, "f_res": 14.574388055807683, "sum_c_x": 7.28392223891106, "cum_costs": 273.7991326203477, "E_inv_c": 0, "sum_Ec": 0, "inv_cost": 0.13728867047178953, "E_c": {"0": 0}, "c_x": {"0": 2.234926661551521, "1": 0.13336735074661799, "2": 4.915628226612921}, "c_res": {"0": 2.234926661551521}, "inv_c_res": 0.13728867047178953, "eta": 0.01, "_timestamp": 1683452620.012318, "_runtime": 324.18756580352783, "_step": 7}