{"best_f": -7.740623107330452, "f_hat_x": -1.3308625385293067, "f_x": -30.270588991004274, "f_res": 28.939726452474968, "sum_c_x": 342.74329088217075, "cum_costs": 16238.304173885708, "E_inv_c": 0, "sum_Ec": 0, "inv_cost": 0.002917635520818357, "E_c": {"0": 0}, "c_x": {"0": 170.43948025120324, "1": 50.36934105422276, "2": 121.93446957674475}, "c_res": {"0": 170.43948025120324}, "inv_c_res": 0.002917635520818357, "eta": 1.0, "_timestamp": 1683675936.1719446, "_runtime": 72.23565554618835, "_step": 35}