{"best_f": -3.7362616953644805, "f_hat_x": 4.196464430655347, "f_x": -3.736287033867374, "f_res": 7.93275146452272, "sum_c_x": 115.34469078707048, "cum_costs": 8465.471100023193, "E_inv_c": 0, "sum_Ec": 0, "inv_cost": 0.003107951991965504, "E_c": {"0": 0}, "c_x": {"0": 0.10000000149011612, "1": 0.10000000149011612, "2": 115.14469078409024}, "c_res": {"0": 140.01912226607308}, "inv_c_res": 0.003107951991965504, "eta": 1.0, "_timestamp": 1683840150.1814528, "_runtime": 2712.6839287281036, "_step": 30}