{"best_f": -3.3844888540069507, "f_hat_x": 7.314584759577083, "f_x": -4.604943528727884, "f_res": 11.919528288304967, "sum_c_x": 58.13617525456296, "cum_costs": 1970.2755806870832, "E_inv_c": 0.017087681625369555, "sum_Ec": 58.53783403240446, "inv_cost": 0.017200993970127275, "E_c": {"0": 2.000430720950609, "1": 1.2268159675649155, "2": 55.31058734388894}, "c_x": {"0": 2.0004389246148397, "1": 1.2845635266813502, "2": 54.85117280326676}, "c_res": {"0": 8.203664230599372e-06, "1": 0.0577475591164347, "2": 0.459414540622177}, "inv_c_res": 0.00011331234475771973, "eta": 1.0, "_timestamp": 1683669204.8733523, "_runtime": 979.3039183616638, "_step": 23}