{"best_f": -2.861547268608172, "f_hat_x": 5.379670831485127, "f_x": -4.322307672609141, "f_res": 9.701978504094267, "sum_c_x": 217.57252871043508, "cum_costs": 10884.693335232438, "E_inv_c": 0.07557159129885023, "sum_Ec": 359.94468155378536, "inv_cost": 0.0027777636386526654, "E_c": {"0": 142.5250422511492, "1": 63.61632549960776, "2": 153.80331380302837}, "c_x": {"0": 0.10000000149011612, "1": 63.59442097218915, "2": 153.87810773675582}, "c_res": {"0": 0.00426147984771319, "1": 0.02190452741861293, "2": 0.0747939337274488}, "inv_c_res": 0.07279382766019757, "eta": 0.1285121565651031, "_timestamp": 1683862187.018201, "_runtime": 3143.149838209152, "_step": 39, "_wandb": {"runtime": 3142}}