{"best_f": 75.93316161288435, "f_hat_x": -0.10127746032043153, "f_x": 75.93316161288435, "f_res": 76.03443907320478, "sum_c_x": 171.604923783277, "cum_costs": 12898.267857343186, "E_inv_c": 0.0042117208684211965, "sum_Ec": 237.4328520593346, "inv_cost": 0.004211314057553102, "E_c": {"0": 65.91238764166279, "1": 46.805889612207814, "2": 124.71457480546401}, "c_x": {"0": 0.10000000149011612, "1": 46.81035227343265, "2": 124.69457150835423}, "c_res": {"0": 0.03826332915606656, "1": 0.004462661224835074, "2": 0.020003297109781215}, "inv_c_res": 4.06810868094562e-07, "eta": 0.6050060671375365, "_timestamp": 1683756790.54922, "_runtime": 3914.525088071823, "_step": 49, "_wandb": {"runtime": 3913}}