{"best_f": -1.5337581919561178, "f_hat_x": 1.4569968989140971, "f_x": -3.3390677554860955, "f_res": 4.796064654400192, "sum_c_x": 55.39817677791204, "cum_costs": 3434.725125711281, "E_inv_c": 0.016907376034302396, "sum_Ec": 59.198906094201874, "inv_cost": 0.018051135581752805, "E_c": {"0": 1.9999785256033895, "1": 7.182535770783153, "2": 50.01639179781533}, "c_x": {"0": 2.0000000458879894, "1": 7.176821609563696, "2": 46.22135512246035}, "c_res": {"0": 2.15202845998963e-05, "1": 0.005714161219457559, "2": 3.7950366753549787}, "inv_c_res": 0.001143759547450409, "eta": 1.0, "_timestamp": 1683666079.480207, "_runtime": 3666.611799955368, "_step": 49, "_wandb": {"runtime": 3665}}