{"best_f": -1.6748942813231498, "f_hat_x": 8.52914120423968, "f_x": -1.6748942813231498, "f_res": 10.20403548556283, "sum_c_x": 27.530209731450995, "cum_costs": 1152.1434266968818, "E_inv_c": 0, "sum_Ec": 0, "inv_cost": 0.0363237334460835, "E_c": {"0": 0}, "c_x": {"0": 9.403148478710298, "1": 9.080323084904148, "2": 9.04673816783655}, "c_res": {"0": 9.403148478710298}, "inv_c_res": 0.0363237334460835, "eta": 1.0, "_timestamp": 1683805262.3257823, "_runtime": 64.51355934143066, "_step": 14}