{"best_f": 115.01516993995915, "f_hat_x": 8.011455769281303, "f_x": 115.01516993995915, "f_res": 107.00371417067785, "sum_c_x": 16.43091491439875, "cum_costs": 920.5759609701395, "E_inv_c": 0, "sum_Ec": 0, "inv_cost": 0.060860883597156204, "E_c": {"0": 0}, "c_x": {"0": 2.0003885547653715, "1": 7.66924913352767, "2": 6.76127722610571}, "c_res": {"0": 2.0003885547653715}, "inv_c_res": 0.060860883597156204, "eta": 1.0, "_timestamp": 1683537710.1886272, "_runtime": 3882.8737392425537, "_step": 49, "_wandb": {"runtime": 3882}}