{"best_f": -6.303834716377001, "f_hat_x": 5.626169802057868, "f_x": -6.303834793999769, "f_res": 11.930004596057637, "sum_c_x": 168.76506510519323, "cum_costs": 7638.885460109937, "E_inv_c": 0, "sum_Ec": 0, "inv_cost": 0.002779756571989121, "E_c": {"0": 0}, "c_x": {"0": 0.10000000149011612, "1": 0.10000000149011612, "2": 168.565065102213}, "c_res": {"0": 141.42988863140053}, "inv_c_res": 0.002779756571989121, "eta": 1.0, "_timestamp": 1683840141.558372, "_runtime": 2703.9470489025116, "_step": 30}