{"best_f": 119.07658329637488, "f_hat_x": 7.769029276494317, "f_x": 119.07658329637488, "f_res": 111.30755401988056, "sum_c_x": 11.662802016803589, "cum_costs": 182.61307230286886, "E_inv_c": 0.08572416943096216, "sum_Ec": 11.665417023506144, "inv_cost": 0.08574268846879293, "E_c": {"0": 2.0000000024613365, "1": 7.655309023039421, "2": 2.010107998005386}, "c_x": {"0": 2.000000002488406, "1": 7.6553158073130065, "2": 2.007486207002178}, "c_res": {"0": 2.7069457786410567e-11, "1": 6.784273585580536e-06, "2": 0.0026217910032078073}, "inv_c_res": 1.8519037830774798e-05, "eta": 1.0, "_timestamp": 1683569541.2441666, "_runtime": 43.725170612335205, "_step": 4}