{"best_f": -2.63822286060847, "f_hat_x": 0.12861526325031683, "f_x": -7.346957361777572, "f_res": 7.475572625027889, "sum_c_x": 9.033412082599995, "cum_costs": 862.4433778159283, "E_inv_c": 0.1115111258971437, "sum_Ec": 8.96826491389614, "inv_cost": 0.11070014196808126, "E_c": {"0": 4.902389281730936, "1": 0.28696399237406633, "2": 3.7789116397911386}, "c_x": {"0": 4.8998761571218825, "1": 0.35500096386107516, "2": 3.778534961617038}, "c_res": {"0": 0.0025131246090532855, "1": 0.06803697148700882, "2": 0.00037667817410058646}, "inv_c_res": 0.0008109839290624393, "eta": 4.0, "_timestamp": 1683415842.5964267, "_runtime": 3174.3423516750336, "_step": 49, "_wandb": {"runtime": 3173}}