{"best_f": -1.291710005024497, "f_hat_x": 6.26785120098085, "f_x": -2.479147607651943, "f_res": 8.746998808632792, "sum_c_x": 325.3334960727983, "cum_costs": 16142.419069743304, "E_inv_c": 0, "sum_Ec": 0, "inv_cost": 0.0030737689542309986, "E_c": {"0": 0}, "c_x": {"0": 140.11315587678698, "1": 59.34283769182329, "2": 125.87750250418807}, "c_res": {"0": 140.11315587678698}, "inv_c_res": 0.0030737689542309986, "eta": 0.1285121565651031, "_timestamp": 1683859933.4624038, "_runtime": 889.6494047641754, "_step": 39, "_wandb": {"runtime": 888}}