{"best_f": 152.766694155113, "f_hat_x": 1.3293517570328777, "f_x": 5.101964646082632, "f_res": 3.772612889049754, "sum_c_x": 24.65380652790497, "cum_costs": 1353.6405692007756, "E_inv_c": 0, "sum_Ec": 0, "inv_cost": 0.04056168765939359, "E_c": {"0": 0}, "c_x": {"0": 2.1601249080147173, "1": 8.723636946213452, "2": 13.770044673676802}, "c_res": {"0": 2.1601249080147173}, "inv_c_res": 0.04056168765939359, "eta": 3.0, "_timestamp": 1683642478.7278304, "_runtime": 1060.466682434082, "_step": 49, "_wandb": {"runtime": 1059}}