{"best_f": 2.6512003524600543, "f_hat_x": 7.951410459944147, "f_x": -38.18954063314552, "f_res": 46.14095109308967, "sum_c_x": 4.7617801678261396, "cum_costs": 115.12275142819277, "E_inv_c": 0.1952757084091505, "sum_Ec": 5.142271721588819, "inv_cost": 0.21000549474263586, "E_c": {"0": 1.9999999984702914, "1": 1.121456052859494, "2": 2.020815670259034}, "c_x": {"0": 2.000000000081247, "1": 0.7487587333465137, "2": 2.0130214343983788}, "c_res": {"0": 1.6109555911469897e-09, "1": 0.37269731951298024, "2": 0.0077942358606550854}, "inv_c_res": 0.014729786333485345, "eta": 1.0, "_timestamp": 1683590782.2362432, "_runtime": 70.97010231018066, "_step": 4}