{"best_f": -3.2859605532919796, "f_hat_x": 4.5475478243677605, "f_x": -6.360100460234527, "f_res": 10.907648284602288, "sum_c_x": 9.299537783769015, "cum_costs": 551.8383668109617, "E_inv_c": 0, "sum_Ec": 0, "inv_cost": 0.1075322261441159, "E_c": {"0": 0}, "c_x": {"0": 2.0000000000750076, "1": 2.3021279196852786, "2": 4.99740986400873}, "c_res": {"0": 2.0000000000750076}, "inv_c_res": 0.1075322261441159, "eta": 1.0, "_timestamp": 1683577659.714172, "_runtime": 7024.845842838287, "_step": 49, "_wandb": {"runtime": 7023}}