{"best_f": -0.7377932824608766, "f_hat_x": -4.211293811287251, "f_x": -30.748930521398464, "f_res": 26.53763671011121, "sum_c_x": 20.49347663043875, "cum_costs": 1069.7732287241752, "E_inv_c": 0.04865321643184619, "sum_Ec": 20.58264387118215, "inv_cost": 0.048796015338593665, "E_c": {"0": 10.581838952405445, "1": 0.10945560647964679, "2": 9.89134931229706}, "c_x": {"0": 10.433907402562205, "1": 0.10947280952179017, "2": 9.950096418354754}, "c_res": {"0": 0.1479315498432392, "1": 1.720304214337942e-05, "2": 0.05874710605769451}, "inv_c_res": 0.00014279890674747525, "eta": 0.1352759542790559, "_timestamp": 1683486073.4485657, "_runtime": 7506.734485626221, "_step": 49, "_wandb": {"runtime": 7505}}