{"best_f": -2.8054402699235537, "f_hat_x": -0.014869602844207257, "f_x": -4.0532075977733255, "f_res": 4.038337994929118, "sum_c_x": 24.639548474462746, "cum_costs": 1352.3002044843024, "E_inv_c": 0, "sum_Ec": 0, "inv_cost": 0.04058515930340337, "E_c": {"0": 0}, "c_x": {"0": 8.952311506187268, "1": 6.995293882643392, "2": 8.691943085632087}, "c_res": {"0": 8.952311506187268}, "inv_c_res": 0.04058515930340337, "eta": 1.47412250850319, "_timestamp": 1683401238.38375, "_runtime": 4865.781795024872, "_step": 49, "_wandb": {"runtime": 4865}}