{"best_f": 132.28749629065683, "f_hat_x": 8.456897997141482, "f_x": 127.2426646152534, "f_res": 118.78576661811192, "sum_c_x": 12.196117420421977, "cum_costs": 252.1433954503535, "E_inv_c": 0.08104432587081203, "sum_Ec": 12.341008528254378, "inv_cost": 0.08199330701142107, "E_c": {"0": 2.0000000001412337, "1": 8.113813324471934, "2": 2.227195203641209}, "c_x": {"0": 2.0000000001413802, "1": 8.11376921841097, "2": 2.0823482018696255}, "c_res": {"0": 1.4654943925052066e-13, "1": 4.4106060963500227e-05, "2": 0.14484700177158327}, "inv_c_res": 0.0009489811406090398, "eta": 1.0, "_timestamp": 1683568806.9440005, "_runtime": 125.4439024925232, "_step": 9}