{"best_f": 107.20263291397592, "f_hat_x": 1.8257944812419853, "f_x": 94.02297897905837, "f_res": 92.19718449781638, "sum_c_x": 22.43346121637983, "cum_costs": 1431.0965724540217, "E_inv_c": 0, "sum_Ec": 0, "inv_cost": 0.04457626892054661, "E_c": {"0": 0}, "c_x": {"0": 2.013539417903993, "1": 7.455601525817231, "2": 12.964320272658604}, "c_res": {"0": 2.013539417903993}, "inv_c_res": 0.04457626892054661, "eta": 5.0, "_timestamp": 1683642365.800697, "_runtime": 947.5481431484222, "_step": 49, "_wandb": {"runtime": 946}}