{"best_f": 192.64790075635244, "f_hat_x": 2.96467280935669, "f_x": 192.6245736656345, "f_res": 189.6599008562778, "sum_c_x": 25.54017218070684, "cum_costs": 1524.1381216573905, "E_inv_c": 0.03915406821221717, "sum_Ec": 25.540130493374697, "inv_cost": 0.039154003854187186, "E_c": {"0": 2.0001891882687617, "1": 7.542155610829263, "2": 15.997785694276674}, "c_x": {"0": 2.0001881756851025, "1": 7.542153257863862, "2": 15.997830747157877}, "c_res": {"0": 1.0125836591434734e-06, "1": 2.3529654011866796e-06, "2": 4.505288120348894e-05}, "inv_c_res": 6.43580299816704e-08, "eta": 6.0, "_timestamp": 1683590544.1145203, "_runtime": 999.0601491928101, "_step": 49, "_wandb": {"runtime": 998}}