{"best_f": 1.017890141443667, "f_hat_x": -0.8596166385321541, "f_x": -12.418525125544654, "f_res": 11.5589084870125, "sum_c_x": 18.005967999630087, "cum_costs": 830.2883859360811, "E_inv_c": 0, "sum_Ec": 0, "inv_cost": 0.05553714190875736, "E_c": {"0": 0}, "c_x": {"0": 9.008263714825688, "1": 0.05788042110288982, "2": 8.939823863701509}, "c_res": {"0": 9.008263714825688}, "inv_c_res": 0.05553714190875736, "eta": 0.6757290490602831, "_timestamp": 1683490202.2244966, "_runtime": 11635.025995492935, "_step": 49, "_wandb": {"runtime": 11634}}