{"best_f": 151.07328623669974, "f_hat_x": 1.3542562767386312, "f_x": 85.25460374355981, "f_res": 83.90034746682119, "sum_c_x": 22.77245970318274, "cum_costs": 1410.546858679526, "E_inv_c": 0.04390874868545011, "sum_Ec": 22.77452021746699, "inv_cost": 0.04391269160354414, "E_c": {"0": 2.9929958540577464, "1": 8.74730987113382, "2": 11.034214492275423}, "c_x": {"0": 2.9938565233651593, "1": 8.747268893632492, "2": 11.031334286185091}, "c_res": {"0": 0.000860669307412909, "1": 4.097750132814326e-05, "2": 0.002880206090331683}, "inv_c_res": 3.942918094031189e-06, "eta": 1.0, "_timestamp": 1683638982.189345, "_runtime": 3431.4788448810577, "_step": 49, "_wandb": {"runtime": 3430}}