{"best_f": -14.561214970693523, "f_hat_x": -0.053946574835704315, "f_x": -175.39070853191492, "f_res": 175.33676195707923, "sum_c_x": 9.192350827201526, "cum_costs": 244.78563444812326, "E_inv_c": 0, "sum_Ec": 0, "inv_cost": 0.10878610040000346, "E_c": {"0": 0}, "c_x": {"0": 2.0396423021955075, "1": 1.9829909857646744, "2": 5.169717539241345}, "c_res": {"0": 2.0396423021955075}, "inv_c_res": 0.10878610040000346, "eta": 0.01, "_timestamp": 1683453197.5570595, "_runtime": 151.2963786125183, "_step": 2}