{"best_f": -1.6904821619051607, "f_hat_x": 6.016956166369461, "f_x": -4.3304735980835245, "f_res": 10.347429764452986, "sum_c_x": 349.87557587354183, "cum_costs": 15215.42926316992, "E_inv_c": 0.07230667633725484, "sum_Ec": 350.7869755463732, "inv_cost": 0.0028581589255073855, "E_c": {"0": 141.23759739097213, "1": 43.211186932535156, "2": 166.3381912228659}, "c_x": {"0": 141.1584227805273, "1": 42.33646860178851, "2": 166.38068449122605}, "c_res": {"0": 0.07917461044482366, "1": 0.8747183307466457, "2": 0.042493268360146885}, "inv_c_res": 0.06944851741174746, "eta": 1.0, "_timestamp": 1683825709.6313233, "_runtime": 3212.601820230484, "_step": 49, "_wandb": {"runtime": 3211}}