{"best_f": -7.125810317544561, "f_hat_x": 1.69423109291729, "f_x": -87.44446898946853, "f_res": 89.13870008238582, "sum_c_x": 4.196933084806425, "cum_costs": 269.08233385168546, "E_inv_c": 0, "sum_Ec": 0, "inv_cost": 0.2382692265502544, "E_c": {"0": 0}, "c_x": {"0": 2.0187060925759424, "1": 0.05788042110288982, "2": 2.120346571127593}, "c_res": {"0": 2.0187060925759424}, "inv_c_res": 0.2382692265502544, "eta": 0.01, "_timestamp": 1683453186.6004097, "_runtime": 140.4583888053894, "_step": 2}