{"best_f": -4.512284021839516, "f_hat_x": 6.664356168773668, "f_x": -5.956194204001588, "f_res": 12.620550372775256, "sum_c_x": 367.1843126858107, "cum_costs": 9764.150892792928, "E_inv_c": 0, "sum_Ec": 0, "inv_cost": 0.0027234278956129367, "E_c": {"0": 0}, "c_x": {"0": 140.12184661838214, "1": 72.25350630489207, "2": 154.80895976253652}, "c_res": {"0": 140.12184661838214}, "inv_c_res": 0.0027234278956129367, "eta": 1.0, "_timestamp": 1683674976.3508227, "_runtime": 104.25738978385925, "_step": 18}