{"best_f": -1.2787365196836291, "f_hat_x": -0.9472540936700685, "f_x": -10.901877704454133, "f_res": 9.954623610784065, "sum_c_x": 27.04908423219237, "cum_costs": 777.7128892650253, "E_inv_c": 0, "sum_Ec": 0, "inv_cost": 0.03696982830974564, "E_c": {"0": 0}, "c_x": {"0": 9.158938466329214, "1": 8.947276476563475, "2": 8.942869289299681}, "c_res": {"0": 9.158938466329214}, "inv_c_res": 0.03696982830974564, "eta": 0.8, "_timestamp": 1683371836.3688998, "_runtime": 4299.199588775635, "_step": 49, "_wandb": {"runtime": 4296}}