{"best_f": -5.186307744847033, "f_hat_x": 6.083141554373695, "f_x": -5.186307744847035, "f_res": 11.26944929922073, "sum_c_x": 111.37716846972435, "cum_costs": 5123.4490880652365, "E_inv_c": 0, "sum_Ec": 0, "inv_cost": 0.003449667986885329, "E_c": {"0": 0}, "c_x": {"0": 0.10000000149011612, "1": 0.10000000149011612, "2": 111.17716846674412}, "c_res": {"0": 140.0845964690783}, "inv_c_res": 0.003449667986885329, "eta": 1.0, "_timestamp": 1683844605.192315, "_runtime": 428.4459800720215, "_step": 9}