{"best_f": -2.558714894438705, "f_hat_x": 2.7084621935051945, "f_x": -6.066377537797125, "f_res": 8.77483973130232, "sum_c_x": 366.8177179367532, "cum_costs": 11213.807739274283, "E_inv_c": 0, "sum_Ec": 0, "inv_cost": 0.002726149668082337, "E_c": {"0": 0}, "c_x": {"0": 140.117547930974, "1": 76.02609923845444, "2": 150.67407076732474}, "c_res": {"0": 140.117547930974}, "inv_c_res": 0.002726149668082337, "eta": 0.05912353176573843, "_timestamp": 1683856588.086853, "_runtime": 6860.512985944748, "_step": 39, "_wandb": {"runtime": 6859}}