{"best_f": 196.78716730725398, "f_hat_x": 3.066855859828578, "f_x": 196.7455952612157, "f_res": 193.67873940138713, "sum_c_x": 26.915435732315792, "cum_costs": 1555.952956051718, "E_inv_c": 0, "sum_Ec": 0, "inv_cost": 0.037153401860009955, "E_c": {"0": 0}, "c_x": {"0": 3.112009534844413, "1": 7.8055984958062625, "2": 15.997827701665114}, "c_res": {"0": 3.112009534844413}, "inv_c_res": 0.037153401860009955, "eta": 2.0, "_timestamp": 1683580290.7189775, "_runtime": 1999.7316665649414, "_step": 49, "_wandb": {"runtime": 1998}}