{"best_f": -0.8132946443370082, "f_hat_x": 0.46898027321237795, "f_x": -0.8132946443370082, "f_res": 1.2822749175493862, "sum_c_x": 7.066479123067744, "cum_costs": 654.0159527943284, "E_inv_c": 0, "sum_Ec": 0, "inv_cost": 0.1415131896074822, "E_c": {"0": 0}, "c_x": {"0": 2.245700211450103, "1": 0.5615200832943987, "2": 4.259258828323242}, "c_res": {"0": 2.245700211450103}, "inv_c_res": 0.1415131896074822, "eta": 4.6163659884006325, "_timestamp": 1683400670.5067189, "_runtime": 4297.9396278858185, "_step": 49, "_wandb": {"runtime": 4297}}