{"best_f": 76.26488599771442, "f_hat_x": 0.6003054513521185, "f_x": 75.50161442447131, "f_res": 74.9013089731192, "sum_c_x": 311.42533594805093, "cum_costs": 14810.259624898667, "E_inv_c": 0, "sum_Ec": 0, "inv_cost": 0.0032110425343389874, "E_c": {"0": 0}, "c_x": {"0": 126.85189338169411, "1": 48.548134281102904, "2": 136.02530828525394}, "c_res": {"0": 126.85189338169411}, "inv_c_res": 0.0032110425343389874, "eta": 1.0, "_timestamp": 1683728770.605353, "_runtime": 198.2888011932373, "_step": 34}