{"best_f": -1.0590955368827424, "f_hat_x": 1.5767974071583857, "f_x": -2.678502457873613, "f_res": 4.255299865031999, "sum_c_x": 98.81160818298284, "cum_costs": 7570.938318619622, "E_inv_c": 0.010116640653621419, "sum_Ec": 98.84755029755384, "inv_cost": 0.010120268442025198, "E_c": {"0": 15.87615668625535, "1": 52.413396434545504, "2": 30.557997176752973}, "c_x": {"0": 15.873762571291294, "1": 52.41135123185306, "2": 30.526494379838482}, "c_res": {"0": 0.0023941149640549497, "1": 0.0020452026924431266, "2": 0.03150279691449143}, "inv_c_res": 3.6277884037788644e-06, "eta": 0.1352759542790559, "_timestamp": 1683300859.5602107, "_runtime": 4059.166178703308, "_step": 49, "_wandb": {"runtime": 4058}}