{"best_f": -2.157834123620008, "f_hat_x": -1.1422260938395523, "f_x": -14.88815690855171, "f_res": 13.745930814712159, "sum_c_x": 327.6727765435078, "cum_costs": 19894.378886328344, "E_inv_c": 0, "sum_Ec": 0, "inv_cost": 0.0030518250876640095, "E_c": {"0": 0}, "c_x": {"0": 179.95883611464905, "1": 35.02626627185563, "2": 112.68767415700313}, "c_res": {"0": 179.95883611464905}, "inv_c_res": 0.0030518250876640095, "eta": 0.07694497527671314, "_timestamp": 1683725200.80668, "_runtime": 299.490895986557, "_step": 49, "_wandb": {"runtime": 298}}