{"best_f": 69.11953018930376, "f_hat_x": 1.3248524031846745, "f_x": 26.93586039176423, "f_res": 25.611007988579555, "sum_c_x": 16.70499012380829, "cum_costs": 1086.319785450142, "E_inv_c": 0, "sum_Ec": 0, "inv_cost": 0.05986235206297906, "E_c": {"0": 0}, "c_x": {"0": 2.0550661844058347, "1": 0.2122131425629591, "2": 14.437710796839497}, "c_res": {"0": 2.0550661844058347}, "inv_c_res": 0.05986235206297906, "eta": 0.8, "_timestamp": 1683634915.3135815, "_runtime": 6256.553876399994, "_step": 49, "_wandb": {"runtime": 6255}}