{"best_f": -4.00588951333137, "f_hat_x": 5.081271643471562, "f_x": -6.97908573284608, "f_res": 12.060357376317643, "sum_c_x": 344.47555881387024, "cum_costs": 11207.454098437585, "E_inv_c": 0, "sum_Ec": 0, "inv_cost": 0.002902963575828983, "E_c": {"0": 0}, "c_x": {"0": 141.3568108426517, "1": 54.115078463777685, "2": 149.00366950744086}, "c_res": {"0": 141.3568108426517}, "inv_c_res": 0.002902963575828983, "eta": 1.0, "_timestamp": 1683676151.3374999, "_runtime": 137.5056688785553, "_step": 23}