{"best_f": 107.61568191765446, "f_hat_x": 7.627341755246196, "f_x": 101.12113117143855, "f_res": 93.49378941619236, "sum_c_x": 11.650500865310228, "cum_costs": 177.7303174845984, "E_inv_c": 0.085221679645333, "sum_Ec": 11.743948716838759, "inv_cost": 0.08583321966676427, "E_c": {"0": 2.000000078751163, "1": 7.623209331730572, "2": 2.1207393063570246}, "c_x": {"0": 2.000000078729874, "1": 7.623200417082874, "2": 2.027300369497479}, "c_res": {"0": 2.1288748541792302e-11, "1": 8.914647698254896e-06, "2": 0.09343893685954541}, "inv_c_res": 0.0006115400214312672, "eta": 1.0, "_timestamp": 1683568804.3735673, "_runtime": 66.29334926605225, "_step": 4}