{"best_f": -1.9222344986271398, "f_hat_x": 4.010502058479164, "f_x": -14.760583745279177, "f_res": 18.771085803758343, "sum_c_x": 316.99660246149165, "cum_costs": 15848.213948226488, "E_inv_c": 0, "sum_Ec": 0, "inv_cost": 0.003154607942908406, "E_c": {"0": 0}, "c_x": {"0": 155.80024021147074, "1": 70.22470784564872, "2": 90.97165440437217}, "c_res": {"0": 155.80024021147074}, "inv_c_res": 0.003154607942908406, "eta": 0.1285121565651031, "_timestamp": 1683859721.4019814, "_runtime": 677.5851373672485, "_step": 39, "_wandb": {"runtime": 676}}