{"best_f": -2.778108179212065, "f_hat_x": -1.1388942704318736, "f_x": -6.004183318716628, "f_res": 4.865289048284754, "sum_c_x": 19.056564770966304, "cum_costs": 1252.795819370783, "E_inv_c": 0, "sum_Ec": 0, "inv_cost": 0.05247535492459551, "E_c": {"0": 0}, "c_x": {"0": 8.340979374120987, "1": 1.9446654791927553, "2": 8.770919917652563}, "c_res": {"0": 8.340979374120987}, "inv_c_res": 0.05247535492459551, "eta": 0.0, "_timestamp": 1683335016.6277657, "_runtime": 5274.55752158165, "_step": 49, "_wandb": {"runtime": 5273}}