{"best_f": -2.2565951476904953, "f_hat_x": -0.05017328174825713, "f_x": -3.1417330709751736, "f_res": 3.0915597892269164, "sum_c_x": 18.55682035142072, "cum_costs": 1246.0197008694508, "E_inv_c": 0, "sum_Ec": 0, "inv_cost": 0.05388854238293252, "E_c": {"0": 0}, "c_x": {"0": 8.800824108845497, "1": 0.959605298341428, "2": 8.796390944233794}, "c_res": {"0": 8.800824108845497}, "inv_c_res": 0.05388854238293252, "eta": 5.497558138880011e-28, "_timestamp": 1683332693.0973887, "_runtime": 2950.816492795944, "_step": 49, "_wandb": {"runtime": 2949}}