{"best_f": -3.612418422249292, "f_hat_x": 3.766604740628921, "f_x": -7.247377750767415, "f_res": 11.013982491396336, "sum_c_x": 44.49979268558946, "cum_costs": 3576.736469198398, "E_inv_c": 0, "sum_Ec": 0, "inv_cost": 0.022472014803876464, "E_c": {"0": 0}, "c_x": {"0": 2.0000000000611093, "1": 0.11441873467927499, "2": 42.38537395084908}, "c_res": {"0": 2.0000000000611093}, "inv_c_res": 0.022472014803876464, "eta": 2.0, "_timestamp": 1683668567.5136504, "_runtime": 342.15516448020935, "_step": 49, "_wandb": {"runtime": 341}}