{"best_f": -2.5330321425101774, "f_hat_x": 0.23331038463425113, "f_x": -4.106186793581541, "f_res": 4.339497178215792, "sum_c_x": 9.214095930702731, "cum_costs": 618.7015419604163, "E_inv_c": 0.10858926925637094, "sum_Ec": 9.20908426550473, "inv_cost": 0.10852936712628007, "E_c": {"0": 2.55048622165951, "1": 0.2419512279236069, "2": 6.416646815921613}, "c_x": {"0": 2.5534323898917037, "1": 0.24176469102670384, "2": 6.418898849784324}, "c_res": {"0": 0.0029461682321936244, "1": 0.00018653689690306674, "2": 0.0022520338627112224}, "inv_c_res": 5.99021300908692e-05, "eta": 2.0, "_timestamp": 1683411746.710281, "_runtime": 4775.358744859695, "_step": 49, "_wandb": {"runtime": 4774}}