{"best_f": 2.2136850533700763, "f_hat_x": -1.3344208839642702, "f_x": -9.138584713846015, "f_res": 7.804163829881745, "sum_c_x": 18.68590602382326, "cum_costs": 889.5586009929663, "E_inv_c": 0.05571152463719801, "sum_Ec": 20.306283430892325, "inv_cost": 0.053516270429973686, "E_c": {"0": 2.5065531724709085, "1": 10.296446721301837, "2": 7.50328353711958}, "c_x": {"0": 2.505250518221027, "1": 8.677767462348278, "2": 7.5028880432539555}, "c_res": {"0": 0.0013026542498812965, "1": 1.6186792589535592, "2": 0.00039549386562409694}, "inv_c_res": 0.0021952542072243217, "eta": 0.6757290490602831, "_timestamp": 1683498431.0443695, "_runtime": 5365.54043841362, "_step": 49, "_wandb": {"runtime": 5364}}