{"best_f": 69.13009953547271, "f_hat_x": 1.1641050177539207, "f_x": 28.35615773022707, "f_res": 27.19205271247315, "sum_c_x": 19.615412467939795, "cum_costs": 1250.814133691016, "E_inv_c": 0, "sum_Ec": 0, "inv_cost": 0.05098031976816391, "E_c": {"0": 0}, "c_x": {"0": 2.035916092263953, "1": 1.5849236402163347, "2": 15.994572735459506}, "c_res": {"0": 2.035916092263953}, "inv_c_res": 0.05098031976816391, "eta": 0.4, "_timestamp": 1683634268.4415164, "_runtime": 5609.698226451874, "_step": 49, "_wandb": {"runtime": 5608}}