{"best_f": -1.9040113543011081, "f_hat_x": 4.987627936553426, "f_x": -5.876755729064365, "f_res": 10.86438366561779, "sum_c_x": 98.02459854522552, "cum_costs": 7172.27318292432, "E_inv_c": 0.010202370828019744, "sum_Ec": 98.01698656427375, "inv_cost": 0.010201520994127111, "E_c": {"0": 43.52068220381135, "1": 49.45942696240478, "2": 5.03687739805763}, "c_x": {"0": 43.52659603782761, "1": 49.459131246785105, "2": 5.038871260612795}, "c_res": {"0": 0.005913834016261887, "1": 0.000295715619671455, "2": 0.0019938625551647604}, "inv_c_res": 8.49833892632712e-07, "eta": 0.1352759542790559, "_timestamp": 1683300599.2249606, "_runtime": 3798.538338661194, "_step": 49, "_wandb": {"runtime": 3797}}