{"best_f": -2.041377737040716, "f_hat_x": 4.645812387997303, "f_x": -9.042031290714037, "f_res": 13.68784367871134, "sum_c_x": 341.9123516089478, "cum_costs": 17233.811006538283, "E_inv_c": 0, "sum_Ec": 0, "inv_cost": 0.0029247261624046872, "E_c": {"0": 0}, "c_x": {"0": 142.8824037916044, "1": 73.97714136368205, "2": 125.05280645366139}, "c_res": {"0": 142.8824037916044}, "inv_c_res": 0.0029247261624046872, "eta": 1.0, "_timestamp": 1683844424.5200124, "_runtime": 247.55236840248108, "_step": 39, "_wandb": {"runtime": 246}}