{"best_f": -1.0550499769475277, "f_hat_x": 0.31211458044752133, "f_x": -8.123120587081853, "f_res": 8.435235167529374, "sum_c_x": 10.94720221085333, "cum_costs": 603.1360492161871, "E_inv_c": 0.0913901241767832, "sum_Ec": 10.942330485210537, "inv_cost": 0.09134754074502935, "E_c": {"0": 4.664490767990442, "1": 2.105534810613566, "2": 4.172304906606529}, "c_x": {"0": 4.664575681117704, "1": 2.1057551352215573, "2": 4.1768713945140705}, "c_res": {"0": 8.491312726199851e-05, "1": 0.0002203246079912624, "2": 0.00456648790754155}, "inv_c_res": 4.2583431753853707e-05, "eta": 3.0, "_timestamp": 1683412309.0731814, "_runtime": 5337.902187347412, "_step": 49, "_wandb": {"runtime": 5337}}