{"best_f": 75.81595658997313, "f_hat_x": -0.13339162366887797, "f_x": 75.03230725655204, "f_res": 75.16569888022093, "sum_c_x": 114.97621757861293, "cum_costs": 12457.892389855127, "E_inv_c": 0.0034839805225028208, "sum_Ec": 287.02838971262724, "inv_cost": 0.0034843310209106645, "E_c": {"0": 126.79812428977647, "1": 45.44454153909411, "2": 114.7857238837567}, "c_x": {"0": 0.10000000149011612, "1": 0.10000000149011612, "2": 114.7762175756327}, "c_res": {"0": 0.021888342679872608, "1": 0.04163360598551691, "2": 0.009506308124002771}, "inv_c_res": 3.504984078437322e-07, "eta": 0.6050060671375365, "_timestamp": 1683756802.5765452, "_runtime": 3926.5290002822876, "_step": 49, "_wandb": {"runtime": 3925}}