{"best_f": -3.8811352434559687, "f_hat_x": 1.537431902078937, "f_x": -48.42789662979509, "f_res": 49.96532853187403, "sum_c_x": 4.5180494733998, "cum_costs": 383.303108292832, "E_inv_c": 0.2241042381801936, "sum_Ec": 4.462316055202285, "inv_cost": 0.22133445104741342, "E_c": {"0": 1.99999995833373, "1": 0.09070063896773686, "2": 2.3716154579008184}, "c_x": {"0": 2.0000023507308313, "1": 0.09065787356341892, "2": 2.4273892491055493}, "c_res": {"0": 2.3923971013140033e-06, "1": 4.27654043179404e-05, "2": 0.055773791204730916}, "inv_c_res": 0.0027697871327801715, "eta": 2.0, "_timestamp": 1683551460.3757799, "_runtime": 6095.916868925095, "_step": 49, "_wandb": {"runtime": 6094}}