{"best_f": -8.4936197626461, "f_hat_x": 10.09921514563186, "f_x": -8.4936197626461, "f_res": 18.592834908277958, "sum_c_x": 358.1206528171833, "cum_costs": 3846.8890307461807, "E_inv_c": 0, "sum_Ec": 0, "inv_cost": 0.0027923550125730644, "E_c": {"0": 0}, "c_x": {"0": 140.9719505566629, "1": 72.99642902706574, "2": 144.1522732334547}, "c_res": {"0": 140.9719505566629}, "inv_c_res": 0.0027923550125730644, "eta": 1.0, "_timestamp": 1683675729.223535, "_runtime": 19.8288791179657, "_step": 0, "_wandb": {"runtime": 22}}