{"best_f": -5.755356909552485, "f_hat_x": 4.638077744062748, "f_x": -8.835784251016532, "sum_c_x": 130.12237788117883, "cum_costs": 7470.720242357825, "E_inv_c": 0.007684753430130498, "sum_Ec": 130.1278740048666, "inv_cost": 0.007685073207877813, "E_c": {"0": 64.73643452765295, "1": 58.712783413193, "2": 6.678656064020663}, "c_x": {"0": 64.73657794058074, "1": 58.71240332480465, "2": 6.673396615793448}, "c_res": {"0": 0.00014341292779818104, "1": 0.0003800883883542383, "2": 0.0052594482272150245}, "inv_c_res": 3.1977774731482833e-07, "_timestamp": 1683275038.9357271, "_runtime": 4019.4467401504517, "_step": 49, "_wandb": {"runtime": 4018}}