{"best_f": -1.2570183223808495, "f_hat_x": 4.811502277938284, "f_x": -1.2640128321244735, "f_res": 6.075515110062757, "sum_c_x": 9.243619899318235, "cum_costs": 1349.1857605082414, "E_inv_c": 0, "sum_Ec": 0, "inv_cost": 0.03681348302553641, "E_c": {"0": 0}, "c_x": {"0": 0.10000000149011612, "1": 0.10000000149011612, "2": 9.043619896338003}, "c_res": {"0": 9.052574212891118}, "inv_c_res": 0.03681348302553641, "eta": 1.0, "_timestamp": 1683768460.1778162, "_runtime": 4988.335293054581, "_step": 49, "_wandb": {"runtime": 4987}}