{"best_f": -8.493956318752081, "f_hat_x": 7.359400714008063, "f_x": -11.241255449274043, "f_res": 18.600656163282107, "sum_c_x": 318.019434621661, "cum_costs": 3834.5228977114693, "E_inv_c": 0, "sum_Ec": 0, "inv_cost": 0.0031444619137496192, "E_c": {"0": 0}, "c_x": {"0": 147.2164909717564, "1": 75.7620214158266, "2": 95.040922234078}, "c_res": {"0": 147.2164909717564}, "inv_c_res": 0.0031444619137496192, "eta": 1.0, "_timestamp": 1683844111.7491138, "_runtime": 19.23288083076477, "_step": 0}