{"best_f": -10.243321681277322, "f_hat_x": 2.472505590014969, "f_x": -32.387907578975586, "f_res": 34.860413168990554, "sum_c_x": 121.44126434672813, "cum_costs": 2815.8684801356494, "E_inv_c": 0, "sum_Ec": 0, "inv_cost": 0.00823443337303283, "E_c": {"0": 0}, "c_x": {"0": 26.969688557865567, "1": 64.47188092717417, "2": 29.99969486168839}, "c_res": {"0": 26.969688557865567}, "inv_c_res": 0.00823443337303283, "eta": 0.01, "_timestamp": 1683315406.3445897, "_runtime": 388.56492280960083, "_step": 9, "_wandb": {"runtime": 462}}