{"best_f": 68.33716957112973, "f_hat_x": 1.76402956881813, "f_x": -17.7075586336949, "f_res": 19.471588202513033, "sum_c_x": 17.194072976445835, "cum_costs": 1076.5894867700251, "E_inv_c": 0, "sum_Ec": 0, "inv_cost": 0.058159576347611194, "E_c": {"0": 0}, "c_x": {"0": 2.3815498110969573, "1": 1.7176400784325718, "2": 13.094883086916305}, "c_res": {"0": 2.3815498110969573}, "inv_c_res": 0.058159576347611194, "eta": 4.0, "_timestamp": 1683629652.9103816, "_runtime": 994.2131245136261, "_step": 49, "_wandb": {"runtime": 993}}