{"best_f": 74.9682524598755, "f_hat_x": -0.5272139993246733, "f_x": 69.07552294317091, "f_res": 69.60273694249558, "sum_c_x": 387.81577500205856, "cum_costs": 11731.785972346264, "E_inv_c": 0, "sum_Ec": 0, "inv_cost": 0.0025785438975366383, "E_c": {"0": 0}, "c_x": {"0": 171.8298312084105, "1": 57.18606360339839, "2": 158.79988019024967}, "c_res": {"0": 171.8298312084105}, "inv_c_res": 0.0025785438975366383, "eta": 1.0, "_timestamp": 1683728771.1177106, "_runtime": 198.7249915599823, "_step": 26}