{"best_f": -1.5258683198092808, "f_hat_x": 4.117485337813364, "f_x": -17.00678536935561, "f_res": 21.124270707168975, "sum_c_x": 96.85028359723381, "cum_costs": 5309.51916524756, "E_inv_c": 0, "sum_Ec": 0, "inv_cost": 0.010325214990166136, "E_c": {"0": 0}, "c_x": {"0": 27.428645580067794, "1": 55.924633302685564, "2": 13.497004714480457}, "c_res": {"0": 27.428645580067794}, "inv_c_res": 0.010325214990166136, "eta": 1.0, "_timestamp": 1683296401.5608408, "_runtime": 3777.261387825012, "_step": 32}