{"best_f": 97.20949006833838, "f_hat_x": -2.1948703896741644, "f_x": 45.75046165604674, "f_res": 47.9453320457209, "sum_c_x": 22.6381495772848, "cum_costs": 1528.1216588153022, "E_inv_c": 0, "sum_Ec": 0, "inv_cost": 0.04417322169314596, "E_c": {"0": 0}, "c_x": {"0": 2.0273404469952103, "1": 7.6176109870580975, "2": 12.993198143231492}, "c_res": {"0": 2.0273404469952103}, "inv_c_res": 0.04417322169314596, "eta": 1.0, "_timestamp": 1683635750.5161934, "_runtime": 199.8048722743988, "_step": 49, "_wandb": {"runtime": 199}}