{"best_f": -1.5338049926138346, "f_hat_x": 6.293164854570623, "f_x": -1.5596863377045267, "f_res": 7.85285119227515, "sum_c_x": 18.226076148878047, "cum_costs": 1732.644611524089, "E_inv_c": 0.03650666007507488, "sum_Ec": 27.392451667158188, "inv_cost": 0.03651854599284606, "E_c": {"0": 9.257192870085403, "1": 9.078036601682541, "2": 9.057222195390242}, "c_x": {"0": 0.10000000149011612, "1": 9.069013455236362, "2": 9.057062692151568}, "c_res": {"0": 7.752091017110274e-05, "1": 0.009023146446178743, "2": 0.00015950323867386373}, "inv_c_res": 1.1885917771181642e-05, "eta": 1.0, "_timestamp": 1683767349.6621656, "_runtime": 3877.965485572815, "_step": 49, "_wandb": {"runtime": 3877}}