{"best_f": -1.0485471938815671, "f_hat_x": 3.7476301617426726, "f_x": -3.2045609767673366, "f_res": 6.95219113851001, "sum_c_x": 9.418742447552692, "cum_costs": 825.2611171564615, "E_inv_c": 0, "sum_Ec": 0, "inv_cost": 0.10617128619541283, "E_c": {"0": 0}, "c_x": {"0": 2.000000000005314, "1": 1.9829909857646744, "2": 5.435751461782704}, "c_res": {"0": 2.000000000005314}, "inv_c_res": 0.10617128619541283, "eta": 1, "_timestamp": 1683544093.4175913, "_runtime": 2637.7418513298035, "_step": 49, "_wandb": {"runtime": 2637}}