{"best_f": 271.39070227983666, "f_hat_x": 7.248455792711835, "f_x": 271.2700933356623, "f_res": 264.0216375429505, "sum_c_x": 78.19601365885696, "cum_costs": 5786.448083085152, "E_inv_c": 0.0040660411041278585, "sum_Ec": 245.93971905603388, "inv_cost": 0.004066053735084475, "E_c": {"0": 89.95944182197682, "1": 77.9812251557888, "2": 77.99905207826826}, "c_x": {"0": 0.10000000149011612, "1": 0.10000000149011612, "2": 77.99601365587672}, "c_res": {"0": 0.0005133791503197926, "1": 0.0015134300946897383, "2": 0.0030384223915405073}, "inv_c_res": 1.2630956616570266e-08, "eta": 1.0, "_timestamp": 1683770322.9259348, "_runtime": 1457.849036693573, "_step": 49, "_wandb": {"runtime": 1456}}