{"best_f": -2.829973039284978, "f_hat_x": 0.2482651709324927, "f_x": -5.046452086179892, "f_res": 5.294717257112385, "sum_c_x": 250.72952726255207, "cum_costs": 16547.83037995401, "E_inv_c": 0, "sum_Ec": 0, "inv_cost": 0.003988361526135083, "E_c": {"0": 0}, "c_x": {"0": 92.25654062030881, "1": 51.730787639786655, "2": 106.7421990024566}, "c_res": {"0": 92.25654062030881}, "inv_c_res": 0.003988361526135083, "eta": 1.0, "_timestamp": 1683687853.6651058, "_runtime": 312.7301757335663, "_step": 49, "_wandb": {"runtime": 311}}