{"best_f": 60.64987759559907, "f_hat_x": 2.053171357987448, "f_x": 40.19282436542977, "f_res": 38.13965300744233, "sum_c_x": 249.23641394597394, "cum_costs": 4574.298251698874, "E_inv_c": 0.003956999849668165, "sum_Ec": 252.93020582353103, "inv_cost": 0.0040122548072641035, "E_c": {"0": 80.20667688358517, "1": 48.036122113192135, "2": 124.68740682675373}, "c_x": {"0": 80.22228174704217, "1": 44.69100109090478, "2": 124.32313110802698}, "c_res": {"0": 0.015604863456999851, "1": 3.3451210222873584, "2": 0.3642757187267449}, "inv_c_res": 5.525495759593855e-05, "eta": 1.0, "_timestamp": 1683728737.3575563, "_runtime": 164.96295642852783, "_step": 6}