{"best_f": 64.27544101571826, "f_hat_x": 0.021808389547730136, "f_x": 64.2160382561728, "f_res": 64.19422986662507, "sum_c_x": 123.99101570981, "cum_costs": 10491.267049970647, "E_inv_c": 0.0038621488677808395, "sum_Ec": 258.92331001121056, "inv_cost": 0.0038619064910250943, "E_c": {"0": 88.6778439412233, "1": 46.47154504279875, "2": 123.7739210271885}, "c_x": {"0": 0.10000000149011612, "1": 0.10000000149011612, "2": 123.79101570682977}, "c_res": {"0": 0.00033795817398640793, "1": 0.0006019051483932003, "2": 0.017094679641260768}, "inv_c_res": 2.423767557452154e-07, "eta": 4.0, "_timestamp": 1683754057.6145542, "_runtime": 1181.5337262153625, "_step": 49, "_wandb": {"runtime": 1180}}