{"best_f": -0.8649874888560818, "f_hat_x": -0.525681638778332, "f_x": -3.54808692266039, "f_res": 3.022405283882058, "sum_c_x": 277.21030692348404, "cum_costs": 18744.92257710172, "E_inv_c": 0, "sum_Ec": 0, "inv_cost": 0.0036073694773406145, "E_c": {"0": 0}, "c_x": {"0": 62.812882472019055, "1": 89.43799809415653, "2": 124.9594263573085}, "c_res": {"0": 62.812882472019055}, "inv_c_res": 0.0036073694773406145, "eta": 0.6050060671375365, "_timestamp": 1683725124.9691885, "_runtime": 223.59806036949158, "_step": 49, "_wandb": {"runtime": 222}}