{"best_f": -9.03548957638104, "f_hat_x": 9.87080177359243, "f_x": -9.03548957638104, "f_res": 18.906291349973472, "sum_c_x": 373.5903343874634, "cum_costs": 4820.919764974049, "E_inv_c": 0, "sum_Ec": 0, "inv_cost": 0.0026767287800408286, "E_c": {"0": 0}, "c_x": {"0": 139.99999417641922, "1": 82.73011636689034, "2": 150.8602238441538}, "c_res": {"0": 139.99999417641922}, "inv_c_res": 0.0026767287800408286, "eta": 1.0, "_timestamp": 1683822366.8587809, "_runtime": 34.36824083328247, "_step": 2, "_wandb": {"runtime": 33}}