{"best_f": -3.8811352434559687, "f_hat_x": 1.820737604339101, "f_x": -531.5902370376693, "f_res": 533.4109746420085, "sum_c_x": 129.57631502933373, "cum_costs": 2538.0118731826933, "E_inv_c": 0, "sum_Ec": 0, "inv_cost": 0.007717459782473503, "E_c": {"0": 0}, "c_x": {"0": 28.401568759723595, "1": 75.78473896052122, "2": 25.3900073090889}, "c_res": {"0": 28.401568759723595}, "inv_c_res": 0.007717459782473503, "eta": 0.01, "_timestamp": 1683329097.7896416, "_runtime": 168.4299705028534, "_step": 6}