{"best_f": -5.84319828581104, "f_hat_x": 7.61397851325897, "f_x": -6.845904954877078, "f_res": 14.459883468136049, "sum_c_x": 280.41253924288026, "cum_costs": 4368.401316754766, "E_inv_c": 0, "sum_Ec": 0, "inv_cost": 0.003566174332645826, "E_c": {"0": 0}, "c_x": {"0": 139.83186355961885, "1": 45.6826210572986, "2": 94.89805462596277}, "c_res": {"0": 139.83186355961885}, "inv_c_res": 0.003566174332645826, "eta": 1.0, "_timestamp": 1683814520.510947, "_runtime": 66.09764409065247, "_step": 2, "_wandb": {"runtime": 65}}