{"best_f": 189.54557519542692, "f_hat_x": 0.9843663383049732, "f_x": 189.54557519542692, "f_res": 188.56120885712195, "sum_c_x": 25.723210484512077, "cum_costs": 1523.5333428570416, "E_inv_c": 0, "sum_Ec": 0, "inv_cost": 0.03887539623415589, "E_c": {"0": 0}, "c_x": {"0": 2.000037423916922, "1": 7.73261622951278, "2": 15.990556831082376}, "c_res": {"0": 2.000037423916922}, "inv_c_res": 0.03887539623415589, "eta": 6.0, "_timestamp": 1683590544.2221787, "_runtime": 999.1284167766571, "_step": 49, "_wandb": {"runtime": 998}}