{"best_f": -7.527425346068607, "f_hat_x": 7.85188752888129, "f_x": -7.527425346068607, "f_res": 15.379312874949896, "sum_c_x": 293.2011863175176, "cum_costs": 3637.648789493868, "E_inv_c": 0.04607165152263174, "sum_Ec": 296.28786752497274, "inv_cost": 0.0034106274007945714, "E_c": {"0": 144.53321219118814, "1": 52.46115683744162, "2": 99.29349849634298}, "c_x": {"0": 141.18579319286317, "1": 53.13879386426815, "2": 98.8765992603863}, "c_res": {"0": 3.3474189983249687, "1": 0.677637026826531, "2": 0.4168992359566772}, "inv_c_res": 0.04266102412183717, "eta": 1.0, "_timestamp": 1683840414.984673, "_runtime": 33.581249952316284, "_step": 0}