{"best_f": 194.24942393306122, "f_hat_x": 2.675088705692625, "f_x": 194.19536704746452, "f_res": 191.5202783417719, "sum_c_x": 25.971872612283093, "cum_costs": 1519.587516167235, "E_inv_c": 0.038503031802770975, "sum_Ec": 25.97198259817666, "inv_cost": 0.03850319208508137, "E_c": {"0": 2.0000009075897505, "1": 7.974169286930875, "2": 15.997812403656035}, "c_x": {"0": 2.000020514772399, "1": 7.974174157434393, "2": 15.9976779400763}, "c_res": {"0": 1.960718264859551e-05, "1": 4.870503517828695e-06, "2": 0.00013446357973379008}, "inv_c_res": 1.6028231039633134e-07, "eta": 2.0, "_timestamp": 1683580340.9268525, "_runtime": 2049.9272105693817, "_step": 49, "_wandb": {"runtime": 2048}}