{"best_f": -5.151354476377446, "f_hat_x": 5.581761425399937, "f_x": -5.290468606438159, "f_res": 10.872230031838097, "sum_c_x": 110.16857415609796, "cum_costs": 10541.092148903437, "E_inv_c": 0.07139535427755882, "sum_Ec": 328.95008631771424, "inv_cost": 0.0030386700143114438, "E_c": {"0": 140.89966519546334, "1": 78.22301147117274, "2": 109.82740965107813}, "c_x": {"0": 0.10000000149011612, "1": 0.10000000149011612, "2": 109.96857415311773}, "c_res": {"0": 6.785037669487792e-05, "1": 0.00016136555484536075, "2": 0.14116450203960085}, "inv_c_res": 0.06835668426324737, "eta": 1.0, "_timestamp": 1683827303.2054727, "_runtime": 4806.188285589218, "_step": 49, "_wandb": {"runtime": 4805}}