{"best_f": 113.40442079900839, "f_hat_x": -1.7161911811966752, "f_x": -19596.878262153, "f_res": 19595.162070971804, "sum_c_x": 25.1224802841486, "cum_costs": 1525.9999708806045, "E_inv_c": 0, "sum_Ec": 0, "inv_cost": 0.03980498695548643, "E_c": {"0": 0}, "c_x": {"0": 2.000024156145712, "1": 7.136590699202887, "2": 15.985865428800004}, "c_res": {"0": 2.000024156145712}, "inv_c_res": 0.03980498695548643, "eta": 1.0, "_timestamp": 1683635741.997986, "_runtime": 191.0427541732788, "_step": 49, "_wandb": {"runtime": 190}}