{"best_f": 1.2809804092271078, "f_hat_x": 8.61203858031752, "f_x": -8.110650001973749, "f_res": 16.72268858229127, "sum_c_x": 135.27589535613902, "cum_costs": 7987.949331600045, "E_inv_c": 0, "sum_Ec": 0, "inv_cost": 0.007392299990824777, "E_c": {"0": 0}, "c_x": {"0": 33.798818709795164, "1": 70.28874123280205, "2": 31.188335413541793}, "c_res": {"0": 33.798818709795164}, "inv_c_res": 0.007392299990824777, "eta": 0.1352759542790559, "_timestamp": 1683298506.3162775, "_runtime": 1706.0838766098022, "_step": 49, "_wandb": {"runtime": 1705}}