{"best_f": -7.925497843598339, "f_hat_x": 1.4600980326894564, "f_x": -49.27419549807845, "f_res": 50.73429353076791, "sum_c_x": 215.14899218082272, "cum_costs": 3143.0247748768384, "E_inv_c": 0, "sum_Ec": 0, "inv_cost": 0.004647941827956817, "E_c": {"0": 0}, "c_x": {"0": 119.47055673743174, "1": 65.69755283867903, "2": 29.980882604711944}, "c_res": {"0": 119.47055673743174}, "inv_c_res": 0.004647941827956817, "eta": 0.01, "_timestamp": 1683329099.6475062, "_runtime": 170.29217219352722, "_step": 6}