{"best_f": -6.002815735892305, "f_hat_x": 5.973440065324441, "f_x": -6.002815735892305, "f_res": 11.976255801216746, "sum_c_x": 344.2334955630946, "cum_costs": 3839.846451343656, "E_inv_c": 0.04611862326188502, "sum_Ec": 352.21188891888653, "inv_cost": 0.0029050049251140055, "E_c": {"0": 141.08798222477694, "1": 42.997112619582616, "2": 168.12679407452697}, "c_x": {"0": 140.0206107330553, "1": 36.47492925944739, "2": 167.73795557059188}, "c_res": {"0": 1.0673714917216444, "1": 6.522183360135223, "2": 0.3888385039350908}, "inv_c_res": 0.04321361833677101, "eta": 1.0, "_timestamp": 1683840420.9212642, "_runtime": 39.518187284469604, "_step": 0}