{"best_f": -3.3634439115082033, "f_hat_x": -0.605844189983267, "f_x": -5.514618337625234, "f_res": 4.908774147641967, "sum_c_x": 263.74676724781506, "cum_costs": 13980.424524092277, "E_inv_c": 0, "sum_Ec": 0, "inv_cost": 0.003791515666466559, "E_c": {"0": 0}, "c_x": {"0": 173.3434462285253, "1": 35.02583123727548, "2": 55.377489782014244}, "c_res": {"0": 173.3434462285253}, "inv_c_res": 0.003791515666466559, "eta": 1.0, "_timestamp": 1683863890.6004653, "_runtime": 297.4284403324127, "_step": 39, "_wandb": {"runtime": 296}}