{"best_f": -3.815015560534195, "f_hat_x": 0.6435060238554218, "f_x": -3.815015560534195, "f_res": 4.458521584389617, "sum_c_x": 125.02032902640649, "cum_costs": 9488.870708909833, "E_inv_c": 0.0030624538698278622, "sum_Ec": 326.5358647363719, "inv_cost": 0.0030624261363956413, "E_c": {"0": 164.41636987920904, "1": 37.29969956715666, "2": 124.81979529000616}, "c_x": {"0": 0.10000000149011612, "1": 0.10000000149011612, "2": 124.82032902342625}, "c_res": {"0": 0.0003203944678489279, "1": 0.001769073595191628, "2": 0.0005337334200987698}, "inv_c_res": 2.7733432220872212e-08, "eta": 2.0, "_timestamp": 1683714216.8301592, "_runtime": 538.7012832164764, "_step": 49, "_wandb": {"runtime": 535}}