{"best_f": 132.28749629065683, "f_hat_x": 8.40682093970613, "f_x": 127.19771631470746, "f_res": 118.79089537500133, "sum_c_x": 12.240653622685409, "cum_costs": 276.497851558849, "E_inv_c": 0.08163118241012123, "sum_Ec": 12.250329988474734, "inv_cost": 0.08169498384846997, "E_c": {"0": 1.9999999989660464, "1": 8.245433760627183, "2": 2.004896228881505}, "c_x": {"0": 2.0000000001847003, "1": 8.23840987957742, "2": 2.002243742923289}, "c_res": {"0": 1.2186538445035922e-09, "1": 0.007023881049763148, "2": 0.0026524859582157667}, "inv_c_res": 6.380143834874841e-05, "eta": 1.0, "_timestamp": 1683568448.3391588, "_runtime": 138.795964717865, "_step": 11}