{"best_f": -0.8363729697650943, "f_hat_x": 1.4319864454452005, "f_x": -10.24571516126067, "f_res": 11.67770160670587, "sum_c_x": 372.71001997277267, "cum_costs": 17948.254831324546, "E_inv_c": 0, "sum_Ec": 0, "inv_cost": 0.0026830510220064714, "E_c": {"0": 0}, "c_x": {"0": 147.47818995013301, "1": 84.96784696534561, "2": 140.26398305729407}, "c_res": {"0": 147.47818995013301}, "inv_c_res": 0.0026830510220064714, "eta": 1.0, "_timestamp": 1683844960.3856323, "_runtime": 284.0827741622925, "_step": 39, "_wandb": {"runtime": 283}}