{"best_f": 243.65052777723605, "f_hat_x": -0.19513331993452773, "f_x": 160.82890850699692, "f_res": 161.02404182693147, "sum_c_x": 155.12526266719405, "cum_costs": 8915.409379882543, "E_inv_c": 0, "sum_Ec": 0, "inv_cost": 0.006446403266664575, "E_c": {"0": 0}, "c_x": {"0": 20.999688356410523, "1": 79.47821270270727, "2": 54.64736160807627}, "c_res": {"0": 20.999688356410523}, "inv_c_res": 0.006446403266664575, "eta": 1.0, "_timestamp": 1683769177.5420609, "_runtime": 312.45644187927246, "_step": 49, "_wandb": {"runtime": 311}}