{"best_f": -1.487232423186907, "f_hat_x": -0.8442715091143576, "f_x": -10.677551376504251, "f_res": 9.833279867389894, "sum_c_x": 295.12409407277676, "cum_costs": 16257.148804719893, "E_inv_c": 0, "sum_Ec": 0, "inv_cost": 0.003388405149168888, "E_c": {"0": 0}, "c_x": {"0": 138.68625189090199, "1": 54.79648745622724, "2": 101.64135472564757}, "c_res": {"0": 138.68625189090199}, "inv_c_res": 0.003388405149168888, "eta": 1.0, "_timestamp": 1683837817.9308891, "_runtime": 380.1876320838928, "_step": 39, "_wandb": {"runtime": 379}}