{"best_f": -1.2572454344579995, "f_hat_x": -0.5134589791213339, "f_x": -4.19531733670336, "f_res": 3.681858357582026, "sum_c_x": 10.647027422043656, "cum_costs": 575.8818865833815, "E_inv_c": 0, "sum_Ec": 0, "inv_cost": 0.09392292894161193, "E_c": {"0": 0}, "c_x": {"0": 2.487821180144911, "1": 2.239311362943742, "2": 5.919894878955004}, "c_res": {"0": 2.487821180144911}, "inv_c_res": 0.09392292894161193, "eta": 3.0, "_timestamp": 1683395598.2665677, "_runtime": 5808.539911746979, "_step": 49, "_wandb": {"runtime": 5807}}