{"best_f": -0.5318869027755824, "f_hat_x": -0.05964179713470713, "f_x": -3.2205475661628005, "f_res": 3.1609057690280933, "sum_c_x": 14.7235437938408, "cum_costs": 978.8490903527844, "E_inv_c": 0.06830377797869934, "sum_Ec": 14.641427345730637, "inv_cost": 0.06791843145930147, "E_c": {"0": 3.63324973270989, "1": 6.549544070860914, "2": 4.458633542159835}, "c_x": {"0": 3.633804980676195, "1": 6.5506294646622605, "2": 4.539109348502345}, "c_res": {"0": 0.000555247966305128, "1": 0.0010853938013468678, "2": 0.08047580634250995}, "inv_c_res": 0.0003853465193978667, "eta": 0.6757290490602831, "_timestamp": 1683498224.6339948, "_runtime": 5158.599740743637, "_step": 49, "_wandb": {"runtime": 5157}}