{"best_f": -5.2327984246216195, "f_hat_x": 11.648237132255986, "f_x": -8.035519551647731, "f_res": 19.683756683903717, "sum_c_x": 375.77493430926353, "cum_costs": 4575.398159748216, "E_inv_c": 0, "sum_Ec": 0, "inv_cost": 0.0026611673869045187, "E_c": {"0": 0}, "c_x": {"0": 145.04316000717503, "1": 73.7645051126175, "2": 156.96726918947098}, "c_res": {"0": 145.04316000717503}, "inv_c_res": 0.0026611673869045187, "eta": 1.0, "_timestamp": 1683811620.7637074, "_runtime": 47.11330246925354, "_step": 2, "_wandb": {"runtime": 46}}