{"best_f": 132.28749629065683, "f_hat_x": 8.69410392526214, "f_x": 131.59569167836497, "f_res": 122.90158775310283, "sum_c_x": 12.103169895816052, "cum_costs": 191.56311253301308, "E_inv_c": 0.08320975027098351, "sum_Ec": 12.022205489994738, "inv_cost": 0.08262298295471257, "E_c": {"0": 2.000000000140971, "1": 8.08748082461539, "2": 1.9347246652383756}, "c_x": {"0": 2.0000000001413802, "1": 8.087519180821708, "2": 2.0156507148529625}, "c_res": {"0": 4.0945025148175773e-13, "1": 3.8356206317757824e-05, "2": 0.08092604961458694}, "inv_c_res": 0.0005867673162709419, "eta": 1.0, "_timestamp": 1683568795.3693435, "_runtime": 57.88552641868591, "_step": 4}