{"best_f": -2.3481923965173532, "f_hat_x": 4.0043559664533666, "f_x": -32.312851041657495, "sum_c_x": 89.25841589416017, "cum_costs": 5885.280678850164, "E_inv_c": 0.011195107285293618, "sum_Ec": 89.32497531712033, "inv_cost": 0.011203425357512155, "E_c": {"0": 31.07769108905185, "1": 52.936098695099076, "2": 5.3111855329694}, "c_x": {"0": 31.085158725963524, "1": 52.934496408189794, "2": 5.238760760006855}, "c_res": {"0": 0.007467636911673736, "1": 0.0016022869092822134, "2": 0.07242477296254535}, "inv_c_res": 8.31807221853692e-06, "_timestamp": 1683270772.6404257, "_runtime": 1130.5927526950836, "_step": 39, "_wandb": {"runtime": 1129}}