{"best_f": -9.820028533920837, "f_hat_x": 2.5694801051034912, "f_x": -94.77478800786376, "f_res": 97.34426811296726, "sum_c_x": 114.39757276649603, "cum_costs": 3099.3272297051676, "E_inv_c": 0, "sum_Ec": 0, "inv_cost": 0.008741444209145608, "E_c": {"0": 0}, "c_x": {"0": 37.794648631548895, "1": 46.58376796347761, "2": 30.01915617146952}, "c_res": {"0": 37.794648631548895}, "inv_c_res": 0.008741444209145608, "eta": 0.01, "_timestamp": 1683315421.8332388, "_runtime": 409.1279399394989, "_step": 9, "_wandb": {"runtime": 480}}