{"best_f": 0.6591367667014592, "f_hat_x": 2.2615477200013885, "f_x": -15.685386296115961, "f_res": 17.94693401611735, "sum_c_x": 11.91196990142367, "cum_costs": 594.9082140526423, "E_inv_c": 0.09851954674297445, "sum_Ec": 10.17716355252832, "inv_cost": 0.0839491711509852, "E_c": {"0": 2.000000032787554, "1": 2.7601413824274053, "2": 5.41702213731336}, "c_x": {"0": 2.0000000001034426, "1": 2.761591169434506, "2": 7.150378731885722}, "c_res": {"0": 3.268411141732486e-08, "1": 0.0014497870071008556, "2": 1.7333565945723617}, "inv_c_res": 0.014570375591989246, "eta": 1.0, "_timestamp": 1683575713.201345, "_runtime": 5082.337543010712, "_step": 49, "_wandb": {"runtime": 5081}}