{"best_f": -7.6928509492001815, "f_hat_x": 1.0987048297303748, "f_x": -50.30054463923889, "f_res": 51.399249468969266, "sum_c_x": 4.719224526305704, "cum_costs": 313.35106757314816, "E_inv_c": 0, "sum_Ec": 0, "inv_cost": 0.21189922082025167, "E_c": {"0": 0}, "c_x": {"0": 2.0000060765505436, "1": 0.0751392693498174, "2": 2.6440791804053436}, "c_res": {"0": 2.0000060765505436}, "inv_c_res": 0.21189922082025167, "eta": 2.0, "_timestamp": 1683552244.4070518, "_runtime": 6879.982889890671, "_step": 49, "_wandb": {"runtime": 6878}}