{"best_f": -5.631099540594949, "f_hat_x": 4.4522868194278, "f_x": -5.7698343609134515, "f_res": 10.22212118034125, "sum_c_x": 15.544514279345174, "cum_costs": 845.2556740389543, "E_inv_c": 0, "sum_Ec": 0, "inv_cost": 0.06433137646048892, "E_c": {"0": 0}, "c_x": {"0": 2.0000002974616296, "1": 8.53042463959749, "2": 5.014089342286054}, "c_res": {"0": 2.0000002974616296}, "inv_c_res": 0.06433137646048892, "eta": 1, "_timestamp": 1683544590.0269423, "_runtime": 3133.8747231960297, "_step": 49, "_wandb": {"runtime": 3133}}