{"best_f": -0.8111098090937355, "f_hat_x": -0.500307228530903, "f_x": -5.182977181088752, "f_res": 4.682669952557849, "sum_c_x": 12.326694815566288, "cum_costs": 906.5963778700774, "E_inv_c": 0.0829954378306301, "sum_Ec": 12.049141176016384, "inv_cost": 0.081124747141236, "E_c": {"0": 8.774009861966027, "1": 0.08136165537782039, "2": 3.193769658672536}, "c_x": {"0": 8.774270888317428, "1": 0.35941679947543925, "2": 3.193007127773421}, "c_res": {"0": 0.00026102635140112795, "1": 0.2780551440976189, "2": 0.0007625308991152657}, "inv_c_res": 0.0018706906893940917, "eta": 3.0, "_timestamp": 1683416986.8878634, "_runtime": 4315.380256414413, "_step": 49, "_wandb": {"runtime": 4314}}