{"best_f": -2.498877402567328, "f_hat_x": -0.24090809842380972, "f_x": -4.374682133890506, "f_res": 4.133774035466696, "sum_c_x": 164.24648504655147, "cum_costs": 14147.68157593588, "E_inv_c": 0.003119344397735686, "sum_Ec": 320.588245524947, "inv_cost": 0.0031144751013685913, "E_c": {"0": 156.9131398168486, "1": 60.19575359038569, "2": 103.47935211771272}, "c_x": {"0": 0.10000000149011612, "1": 60.664885181189895, "2": 103.48159986387147}, "c_res": {"0": 0.021766850154392614, "1": 0.46913159080420286, "2": 0.002247746158744235}, "inv_c_res": 4.869296367094721e-06, "eta": 0.07694497527671314, "_timestamp": 1683722026.1884165, "_runtime": 6403.720393419266, "_step": 49, "_wandb": {"runtime": 6402}}