{"best_f": -5.637273713346332, "f_hat_x": 4.249309005984669, "f_x": -5.637273713346332, "f_res": 9.886582719331, "sum_c_x": 102.49396625952176, "cum_costs": 5240.967921559043, "E_inv_c": 0.07483754945890474, "sum_Ec": 286.2777400502133, "inv_cost": 0.003477101038903224, "E_c": {"0": 140.47805868348374, "1": 44.82417342929921, "2": 100.97550793743035}, "c_x": {"0": 0.10000000149011612, "1": 0.10000000149011612, "2": 102.29396625654152}, "c_res": {"0": 7.02254677662495e-05, "1": 0.0002289129766452902, "2": 1.3184583191111727}, "inv_c_res": 0.07136044842000151, "eta": 1.1376001845529191, "_timestamp": 1683837106.7823071, "_runtime": 354.21255111694336, "_step": 10}