{"best_f": -9.226641388417601, "f_hat_x": 9.024557379451661, "f_x": -9.22679459314482, "f_res": 18.25135197259648, "sum_c_x": 102.63034602743794, "cum_costs": 3860.517365081559, "E_inv_c": 0.07325325852824621, "sum_Ec": 305.5112446720524, "inv_cost": 0.0033158650015725774, "E_c": {"0": 143.53066141387666, "1": 55.6189731852657, "2": 106.36161007291005}, "c_x": {"0": 0.10000000149011612, "1": 0.10000000149011612, "2": 102.4303460244577}, "c_res": {"0": 0.0011487372495366799, "1": 0.0016002258558955873, "2": 3.9312640484523484}, "inv_c_res": 0.06993739352667364, "eta": 1.0, "_timestamp": 1683822145.722284, "_runtime": 23.707726001739502, "_step": 2, "_wandb": {"runtime": 22}}