{"best_f": 126.72569799419291, "f_hat_x": 8.293023441013538, "f_x": 126.72569799419291, "f_res": 118.43267455317937, "sum_c_x": 11.749279493825671, "cum_costs": 367.15082369219095, "E_inv_c": 0, "sum_Ec": 0, "inv_cost": 0.0851116019944463, "E_c": {"0": 0}, "c_x": {"0": 2.0000000003608784, "1": 7.749064576712528, "2": 2.000214916752266}, "c_res": {"0": 2.0000000003608784}, "inv_c_res": 0.0851116019944463, "eta": 1.0, "_timestamp": 1683567155.7355795, "_runtime": 137.0590705871582, "_step": 20}