{"best_f": -6.142396599546819, "f_hat_x": 6.811579869962838, "f_x": -6.142396599546819, "f_res": 12.953976469509657, "sum_c_x": 167.81431420775013, "cum_costs": 4168.922575982544, "E_inv_c": 0.18043539410826512, "sum_Ec": 343.3050069500532, "inv_cost": 0.002903635484832385, "E_c": {"0": 140.03627362725086, "1": 36.74942355546731, "2": 166.51930976733502}, "c_x": {"0": 0.10000000149011612, "1": 0.10000000149011612, "2": 167.6143142047699}, "c_res": {"0": 0.001246262197184933, "1": 0.0029188754211659784, "2": 1.0950044374348806}, "inv_c_res": 0.17753175862343273, "eta": 1.0, "_timestamp": 1683811641.550681, "_runtime": 67.83463406562805, "_step": 2, "_wandb": {"runtime": 66}}