{"best_f": -4.4054374558169815, "f_hat_x": -0.4485933491831196, "f_x": -166.2065314373579, "f_res": 165.7579380881748, "sum_c_x": 26.351820448409164, "cum_costs": 906.4051783411984, "E_inv_c": 0, "sum_Ec": 0, "inv_cost": 0.037948042411634186, "E_c": {"0": 0}, "c_x": {"0": 8.628906902192892, "1": 1.9879763538284627, "2": 15.734937192387807}, "c_res": {"0": 8.628906902192892}, "inv_c_res": 0.037948042411634186, "eta": 0.6, "_timestamp": 1683377102.0523057, "_runtime": 4330.841790676117, "_step": 49, "_wandb": {"runtime": 4328}}