{"best_f": -1.4741702529800276, "f_hat_x": -0.7265399174557299, "f_x": -13.602630015404648, "f_res": 12.876090097948918, "sum_c_x": 116.8290775638997, "cum_costs": 9673.125413059883, "E_inv_c": 0.003293304723642348, "sum_Ec": 303.6467235152405, "inv_cost": 0.0032931968603233494, "E_c": {"0": 98.07633163217437, "1": 88.95130850419915, "2": 116.61908337886699}, "c_x": {"0": 0.10000000149011612, "1": 0.10000000149011612, "2": 116.62907756091947}, "c_res": {"0": 0.0016496438515787304, "1": 0.001239909214916679, "2": 0.009994182052480483}, "inv_c_res": 1.078633189983795e-07, "eta": 0.6050060671375365, "_timestamp": 1683720365.4509165, "_runtime": 4742.980908632278, "_step": 49, "_wandb": {"runtime": 4742}}