{"best_f": -4.714566655839759, "f_hat_x": -0.032230601628427294, "f_x": -6.8185219289468275, "f_res": 6.7862913273184, "sum_c_x": 7.474980944295226, "cum_costs": 395.0036521740457, "E_inv_c": 0, "sum_Ec": 0, "inv_cost": 0.13377960525279764, "E_c": {"0": 0}, "c_x": {"0": 2.1930754458725064, "1": 2.3586230696630577, "2": 2.923282428759662}, "c_res": {"0": 2.1930754458725064}, "inv_c_res": 0.13377960525279764, "eta": 0.99, "_timestamp": 1683478345.9452772, "_runtime": 820.2072942256927, "_step": 13}