{"best_f": -6.896297755914346, "f_hat_x": 9.405064396882004, "f_x": -6.896297832038433, "f_res": 16.30136222892044, "sum_c_x": 94.91823155657706, "cum_costs": 3831.7661382419715, "E_inv_c": 0.003406415858701685, "sum_Ec": 293.64207220718214, "inv_cost": 0.00345383531148316, "E_c": {"0": 140.7624416444158, "1": 54.0527273443882, "2": 98.82690321837818}, "c_x": {"0": 0.10000000149011612, "1": 0.10000000149011612, "2": 94.71823155359682}, "c_res": {"0": 140.66244164292567, "1": 53.952727342898086, "2": 4.108671664781355}, "inv_c_res": 4.741945278147501e-05, "eta": 1.0, "_timestamp": 1683675930.6499403, "_runtime": 66.94582414627075, "_step": 2}