{"best_f": -0.22219340474328375, "f_hat_x": 1.7226672072581242, "f_x": -96.11695553505616, "f_res": 97.83962274231429, "sum_c_x": 13.202146195257933, "cum_costs": 647.4911605359288, "E_inv_c": 0, "sum_Ec": 0, "inv_cost": 0.07574526029405651, "E_c": {"0": 0}, "c_x": {"0": 2.139286753622999, "1": 8.981651317921829, "2": 2.0812081237131057}, "c_res": {"0": 2.139286753622999}, "inv_c_res": 0.07574526029405651, "eta": 1.0, "_timestamp": 1683592367.1137967, "_runtime": 1488.401716709137, "_step": 49, "_wandb": {"runtime": 1487}}