{"best_f": 72.03086502957647, "f_hat_x": 1.0872425590059631, "f_x": 71.88692579142597, "f_res": 70.79968323242001, "sum_c_x": 246.39552801645925, "cum_costs": 8543.86165571099, "E_inv_c": 0, "sum_Ec": 0, "inv_cost": 0.004058515217586254, "E_c": {"0": 0}, "c_x": {"0": 73.3960895465126, "1": 50.75789637037744, "2": 122.24154209956922}, "c_res": {"0": 73.3960895465126}, "inv_c_res": 0.004058515217586254, "eta": 1.0, "_timestamp": 1683728773.5323374, "_runtime": 201.1674644947052, "_step": 20}