{"best_f": 65.85254724464197, "f_hat_x": 0.4690657986138386, "f_x": 65.84848081786818, "f_res": 65.37941501925434, "sum_c_x": 124.39923264874646, "cum_costs": 10867.686706240935, "E_inv_c": 0.003579986882124365, "sum_Ec": 279.3307040460122, "inv_cost": 0.003580020722293253, "E_c": {"0": 105.56170353304371, "1": 49.5674221432762, "2": 124.20157836969231}, "c_x": {"0": 0.10000000149011612, "1": 0.10000000149011612, "2": 124.19923264576623}, "c_res": {"0": 0.00015975877850848974, "1": 0.0002064729629012163, "2": 0.002345723926083565}, "inv_c_res": 3.3840168887997596e-08, "eta": 4.0, "_timestamp": 1683754036.6230388, "_runtime": 1160.5529487133026, "_step": 49, "_wandb": {"runtime": 1159}}