{"best_f": 0.23814903750176852, "f_hat_x": -2.0734522008268614, "f_x": -33.71696930798045, "f_res": 31.64351710715359, "sum_c_x": 4.908891959402085, "cum_costs": 606.8892399396033, "E_inv_c": 0.20777508744573744, "sum_Ec": 4.813872930533728, "inv_cost": 0.2037119594951938, "E_c": {"0": 2.304354927745182, "1": 0.045551922063215046, "2": 2.4639660807253305}, "c_x": {"0": 2.338060598008303, "1": 0.10947280952179017, "2": 2.4613585518719914}, "c_res": {"0": 0.03370567026312088, "1": 0.06392088745857513, "2": 0.002607528853339147}, "inv_c_res": 0.0040631279505436435, "eta": 2.0, "_timestamp": 1683573446.814125, "_runtime": 2815.998584985733, "_step": 49, "_wandb": {"runtime": 2815}}