{"best_f": -2.8484343230507774, "f_hat_x": -0.292143766687717, "f_x": -14.973745306866238, "f_res": 14.681601540178521, "sum_c_x": 120.56321818056139, "cum_costs": 10756.183935499887, "E_inv_c": 0.0026886126360325456, "sum_Ec": 371.9412582853265, "inv_cost": 0.00268438393745325, "E_c": {"0": 171.2509540194408, "1": 80.92032654675121, "2": 119.76997771913452}, "c_x": {"0": 0.10000000149011612, "1": 0.10000000149011612, "2": 120.36321817758116}, "c_res": {"0": 0.002493901272032417, "1": 0.007051892317747388, "2": 0.593240458446644}, "inv_c_res": 4.228698579295757e-06, "eta": 1.0, "_timestamp": 1683690078.5463138, "_runtime": 2537.665377855301, "_step": 49, "_wandb": {"runtime": 2536}}