{"best_f": -0.7427724615559701, "f_hat_x": 1.7614796433866327, "f_x": -10.560116652035328, "f_res": 12.32159629542196, "sum_c_x": 14.217564756096642, "cum_costs": 460.8527563713265, "E_inv_c": 0, "sum_Ec": 0, "inv_cost": 0.07033553334590506, "E_c": {"0": 0}, "c_x": {"0": 3.286957955642258, "1": 8.884892821265414, "2": 2.045713979188971}, "c_res": {"0": 3.286957955642258}, "inv_c_res": 0.07033553334590506, "eta": 1.0, "_timestamp": 1683592632.1991804, "_runtime": 1753.4038083553314, "_step": 49, "_wandb": {"runtime": 1752}}