{"best_f": 126.18994483433806, "f_hat_x": 8.58619854871546, "f_x": 108.6678427864463, "f_res": 100.08164423773084, "sum_c_x": 11.000245232878395, "cum_costs": 214.89068380507032, "E_inv_c": 0, "sum_Ec": 0, "inv_cost": 0.09090706423627008, "E_c": {"0": 0}, "c_x": {"0": 2.000000000241114, "1": 6.999951604191298, "2": 2.0002936284459842}, "c_res": {"0": 2.000000000241114}, "inv_c_res": 0.09090706423627008, "eta": 1.0, "_timestamp": 1683567287.2383153, "_runtime": 68.99112224578857, "_step": 7}