{"best_f": -0.9180472066891778, "f_hat_x": 6.705478032571903, "f_x": -3.2764502665684625, "f_res": 9.981928299140366, "sum_c_x": 84.06103064754132, "cum_costs": 4150.624247872157, "E_inv_c": 0, "sum_Ec": 0, "inv_cost": 0.01189611871632755, "E_c": {"0": 0}, "c_x": {"0": 2.001030384087697, "1": 6.3406817212121, "2": 75.71931854224152}, "c_res": {"0": 2.001030384087697}, "inv_c_res": 0.01189611871632755, "eta": 1.0, "_timestamp": 1683667532.1978068, "_runtime": 5119.484149932861, "_step": 49, "_wandb": {"runtime": 5118}}