{"best_f": -1.7322061372295514, "f_hat_x": -1.050294503664929, "f_x": -9.239536721906711, "f_res": 8.189242218241782, "sum_c_x": 16.988334119522904, "cum_costs": 1160.4621726230591, "E_inv_c": 0, "sum_Ec": 0, "inv_cost": 0.058863923499762424, "E_c": {"0": 0}, "c_x": {"0": 9.038223083026953, "1": 1.9829909857646744, "2": 5.967120050731277}, "c_res": {"0": 9.038223083026953}, "inv_c_res": 0.058863923499762424, "eta": 2.227915756473953e-09, "_timestamp": 1683340614.897933, "_runtime": 4882.567086935043, "_step": 49, "_wandb": {"runtime": 4881}}