{"best_f": -3.815466845132455, "f_hat_x": 0.7393648074953705, "f_x": -5.4854479646313745, "f_res": 6.224812772126745, "sum_c_x": 10.175148116645808, "cum_costs": 557.7815161742825, "E_inv_c": 0.09827868601706756, "sum_Ec": 10.175180380587133, "inv_cost": 0.0982786676455424, "E_c": {"0": 6.221300138490818, "1": 0.17954495297421635, "2": 3.7743352891220967}, "c_x": {"0": 6.221374856594982, "1": 0.17954965350269692, "2": 3.774223606548129}, "c_res": {"0": 7.471810416337377e-05, "1": 4.700528480561239e-06, "2": 0.000111682573967542}, "inv_c_res": 1.8371525162264035e-08, "eta": 5.0, "_timestamp": 1683409745.276925, "_runtime": 2769.058830976486, "_step": 49, "_wandb": {"runtime": 2768}}