{"best_f": 0.8347102723995063, "f_hat_x": 6.040315803495605, "f_x": -3.657953562016483, "f_res": 9.698269365512088, "sum_c_x": 15.924174050211542, "cum_costs": 544.3295823127276, "E_inv_c": 0, "sum_Ec": 0, "inv_cost": 0.06279760550511665, "E_c": {"0": 0}, "c_x": {"0": 2.002884032625519, "1": 7.3314134718432475, "2": 6.589876545742776}, "c_res": {"0": 2.002884032625519}, "inv_c_res": 0.06279760550511665, "eta": 2.0, "_timestamp": 1683577166.6572404, "_runtime": 6535.670795440674, "_step": 49, "_wandb": {"runtime": 6534}}