{"best_f": 0.7816280886098181, "f_hat_x": 1.7958045933750069, "f_x": -11.97926583996879, "f_res": 13.775070433343796, "sum_c_x": 6.265492075711849, "cum_costs": 332.93453371521605, "E_inv_c": 0.15144755169766805, "sum_Ec": 6.76991002275709, "inv_cost": 0.15960438348912695, "E_c": {"0": 2.000055471819096, "1": 2.738656137956462, "2": 2.031198412981531}, "c_x": {"0": 2.0000555751140867, "1": 2.2352479389159994, "2": 2.030188561681763}, "c_res": {"0": 1.0329499078309823e-07, "1": 0.5034081990404626, "2": 0.0010098512997678277}, "inv_c_res": 0.008156831791458902, "eta": 1.0, "_timestamp": 1683594070.9524608, "_runtime": 3192.1797807216644, "_step": 49, "_wandb": {"runtime": 3191}}