{"best_f": -16.786141098535047, "f_hat_x": 6.16259767552861, "f_x": -418.56423661528004, "f_res": 424.72683429080865, "sum_c_x": 4.309892051145855, "cum_costs": 112.81854391747505, "E_inv_c": 0.20894267914178585, "sum_Ec": 4.915449703120943, "inv_cost": 0.2320243727993451, "E_c": {"0": 2.00000069148758, "1": 0.20418206249883833, "2": 2.711266949134525}, "c_x": {"0": 2.0000006914549884, "1": 0.20419684232716118, "2": 2.1056945173637054}, "c_res": {"0": 3.2591707110896095e-11, "1": 1.47798283228473e-05, "2": 0.6055724317708195}, "inv_c_res": 0.023081693657559244, "eta": 1.0, "_timestamp": 1683590778.2752876, "_runtime": 66.9846715927124, "_step": 4}