{"best_f": -3.0982357292931852, "f_hat_x": 4.2907623550332685, "f_x": -8.451484026270663, "f_res": 12.742246381303932, "sum_c_x": 315.45944521982545, "cum_costs": 16077.407393599386, "E_inv_c": 0, "sum_Ec": 0, "inv_cost": 0.0031699795810620213, "E_c": {"0": 0}, "c_x": {"0": 142.8824037916044, "1": 74.62516119155443, "2": 97.95188023666664}, "c_res": {"0": 142.8824037916044}, "inv_c_res": 0.0031699795810620213, "eta": 1.0, "_timestamp": 1683837886.6652088, "_runtime": 449.1054587364197, "_step": 39, "_wandb": {"runtime": 448}}