{"best_f": 1.0132959097490366, "f_hat_x": -1.1841349286377159, "f_x": -11.022094351912699, "f_res": 9.837959423274983, "sum_c_x": 10.258603626822532, "cum_costs": 1061.565679223576, "E_inv_c": 0, "sum_Ec": 0, "inv_cost": 0.09747915373056838, "E_c": {"0": 0}, "c_x": {"0": 2.260869182945876, "1": 0.05788042110288982, "2": 7.939854022773767}, "c_res": {"0": 2.260869182945876}, "inv_c_res": 0.09747915373056838, "eta": 2.227915756473953e-09, "_timestamp": 1683340409.4922097, "_runtime": 4677.18572473526, "_step": 49, "_wandb": {"runtime": 4676}}