{"best_f": -4.06668466609, "f_hat_x": 0.3096290396898804, "f_x": -6.550572284037118, "f_res": 6.860201323726999, "sum_c_x": 15.850867889322366, "cum_costs": 440.242977221843, "E_inv_c": 0.06321673915051798, "sum_Ec": 15.820101537213928, "inv_cost": 0.06308802817501437, "E_c": {"0": 8.674993307671679, "1": 3.7371952936181616, "2": 3.4079129359240863}, "c_x": {"0": 8.673609167176586, "1": 3.738460667937493, "2": 3.438798054208286}, "c_res": {"0": 0.0013841404950927227, "1": 0.0012653743193316025, "2": 0.03088511828419982}, "inv_c_res": 0.00012871097550361255, "eta": 0.99, "_timestamp": 1683478341.2760465, "_runtime": 815.8393886089325, "_step": 14}