{"best_f": 66.12170373184632, "f_hat_x": 1.654517062629043, "f_x": -23.188106142146196, "f_res": 24.84262320477524, "sum_c_x": 15.740852794747987, "cum_costs": 1239.3359758544711, "E_inv_c": 0.06352761268820654, "sum_Ec": 15.741202626288178, "inv_cost": 0.06352895951950296, "E_c": {"0": 2.0306652823357196, "1": 1.3375945883404798, "2": 12.372942755611978}, "c_x": {"0": 2.030843889496184, "1": 1.3374459933901606, "2": 12.372562911861642}, "c_res": {"0": 0.00017860716046458336, "1": 0.00014859495031926961, "2": 0.00037984375033595086}, "inv_c_res": 1.3468312964198814e-06, "eta": 1.0, "_timestamp": 1683618685.250107, "_runtime": 3573.8362939357758, "_step": 49, "_wandb": {"runtime": 3573}}