{"best_f": -2.9796863746657505, "f_hat_x": 7.591483353552255, "f_x": -3.9620632896397145, "f_res": 11.55354664319197, "sum_c_x": 351.94323557536075, "cum_costs": 12698.640815150695, "E_inv_c": 0, "sum_Ec": 0, "inv_cost": 0.0028413672971017295, "E_c": {"0": 0}, "c_x": {"0": 139.99412505030338, "1": 71.19879835291314, "2": 140.75031217214425}, "c_res": {"0": 139.99412505030338}, "inv_c_res": 0.0028413672971017295, "eta": 0.05912353176573843, "_timestamp": 1683858350.2798786, "_runtime": 8622.779524564743, "_step": 39, "_wandb": {"runtime": 8622}}