{"best_f": 76.92089705872564, "f_hat_x": 0.12280817999167055, "f_x": 76.92089705872564, "f_res": 76.79808887873398, "sum_c_x": 129.63631525868487, "cum_costs": 13464.44083423649, "E_inv_c": 0, "sum_Ec": 0, "inv_cost": 0.0034553428722486237, "E_c": {"0": 0}, "c_x": {"0": 0.10000000149011612, "1": 0.10000000149011612, "2": 129.43631525570464}, "c_res": {"0": 112.43451775342957}, "inv_c_res": 0.0034553428722486237, "eta": 0.6050060671375365, "_timestamp": 1683752176.1585586, "_runtime": 4771.257129669189, "_step": 49, "_wandb": {"runtime": 4770}}