{"best_f": 1.0132959097490366, "f_hat_x": -0.8166819047983721, "f_x": -6.5355728122390015, "f_res": 5.718890907440629, "sum_c_x": 10.344982043613783, "cum_costs": 1059.303945713838, "E_inv_c": 0, "sum_Ec": 0, "inv_cost": 0.09666522336955868, "E_c": {"0": 0}, "c_x": {"0": 2.6081817189406538, "1": 0.26582056290850753, "2": 7.470979761764622}, "c_res": {"0": 2.6081817189406538}, "inv_c_res": 0.09666522336955868, "eta": 5.497558138880011e-28, "_timestamp": 1683334559.6217275, "_runtime": 4817.581934452057, "_step": 49, "_wandb": {"runtime": 4816}}