{"best_f": 0.29440507186956166, "f_hat_x": -3.084349233297533, "f_x": -4.709369554580238, "f_res": 1.6250203212827055, "sum_c_x": 6.900482696041699, "cum_costs": 748.3056869671882, "E_inv_c": 0, "sum_Ec": 0, "inv_cost": 0.14491739839788695, "E_c": {"0": 0}, "c_x": {"0": 2.484047471772768, "1": 0.9477354949708637, "2": 3.4686997292980672}, "c_res": {"0": 2.484047471772768}, "inv_c_res": 0.14491739839788695, "eta": 6.704751154404438, "_timestamp": 1683399558.8672838, "_runtime": 3186.1988668441772, "_step": 49, "_wandb": {"runtime": 3185}}