{"best_f": -4.512284021839516, "f_hat_x": 6.899901287834528, "f_x": -5.220683024171427, "f_res": 12.120584312005954, "sum_c_x": 369.3430706976061, "cum_costs": 10133.493963490535, "E_inv_c": 0, "sum_Ec": 0, "inv_cost": 0.002707509844739268, "E_c": {"0": 0}, "c_x": {"0": 140.15354650438474, "1": 79.56735779103963, "2": 149.62216640218173}, "c_res": {"0": 140.15354650438474}, "inv_c_res": 0.002707509844739268, "eta": 1.0, "_timestamp": 1683675819.3093467, "_runtime": 109.86661577224731, "_step": 19}