{"best_f": -2.2749946453957417, "f_hat_x": 5.712399451441921, "f_x": -3.0263489967808876, "f_res": 8.738748448222807, "sum_c_x": 339.0864080791981, "cum_costs": 11290.145681836462, "E_inv_c": 0.07965064739613326, "sum_Ec": 337.8809702042021, "inv_cost": 0.0029491008078579095, "E_c": {"0": 140.27026152222786, "1": 70.82359872991307, "2": 126.78710995206112}, "c_x": {"0": 140.27276875417007, "1": 72.15832988801462, "2": 126.65530943701347}, "c_res": {"0": 0.0025072319422179135, "1": 1.3347311581015475, "2": 0.13180051504764378}, "inv_c_res": 0.07670154658827534, "eta": 0.2570243131302062, "_timestamp": 1683862860.1637344, "_runtime": 3816.4103434085846, "_step": 39, "_wandb": {"runtime": 3815}}