{"best_f": -4.658049237983313, "f_hat_x": 6.190819694243462, "f_x": -4.658049237983313, "f_res": 10.848868932226775, "sum_c_x": 356.718207627687, "cum_costs": 10496.631900355453, "E_inv_c": 0, "sum_Ec": 0, "inv_cost": 0.0028033332154542485, "E_c": {"0": 0}, "c_x": {"0": 140.05962039353318, "1": 66.06468795317515, "2": 150.59389928097866}, "c_res": {"0": 140.05962039353318}, "inv_c_res": 0.0028033332154542485, "eta": 1.0, "_timestamp": 1683676151.906914, "_runtime": 138.0382640361786, "_step": 18}