{"best_f": -8.159026996145316, "f_hat_x": 7.799947734186622, "f_x": -8.853999474917845, "f_res": 16.653947209104466, "sum_c_x": 263.83067949932763, "cum_costs": 4306.373041493978, "E_inv_c": 0, "sum_Ec": 0, "inv_cost": 0.0037903097619189073, "E_c": {"0": 0}, "c_x": {"0": 138.70430074158725, "1": 35.124866276624154, "2": 90.00151248111627}, "c_res": {"0": 138.70430074158725}, "inv_c_res": 0.0037903097619189073, "eta": 1.0, "_timestamp": 1683812571.1244779, "_runtime": 57.53523588180542, "_step": 2, "_wandb": {"runtime": 56}}