{"best_f": 121.27004008711661, "f_hat_x": 9.642357586097368, "f_x": 118.44177389362807, "f_res": 108.79941630753069, "sum_c_x": 14.016985522439619, "cum_costs": 229.19372305477194, "E_inv_c": 0, "sum_Ec": 0, "inv_cost": 0.0713420156137789, "E_c": {"0": 0}, "c_x": {"0": 2.0000004280564516, "1": 7.398100669183256, "2": 4.618884425199912}, "c_res": {"0": 2.0000004280564516}, "inv_c_res": 0.0713420156137789, "eta": 1.0, "_timestamp": 1683567281.7782946, "_runtime": 63.37530851364136, "_step": 6}