{"best_f": -3.5512302034763175, "f_hat_x": 5.433127439012045, "f_x": -3.5512302034763175, "f_res": 8.984357642488362, "sum_c_x": 357.9204100065564, "cum_costs": 9384.910151748936, "E_inv_c": 0, "sum_Ec": 0, "inv_cost": 0.002793917228642206, "E_c": {"0": 0}, "c_x": {"0": 140.5447331312645, "1": 50.69905155739012, "2": 166.67662531790174}, "c_res": {"0": 140.5447331312645}, "inv_c_res": 0.002793917228642206, "eta": 1.0, "_timestamp": 1683675934.5988886, "_runtime": 70.85364556312561, "_step": 15}