{"best_f": -3.925623951254522, "f_hat_x": 9.215703307009589, "f_x": -4.153584644106156, "f_res": 13.369287951115744, "sum_c_x": 28.497688326643896, "cum_costs": 1096.5244580260578, "E_inv_c": 0, "sum_Ec": 0, "inv_cost": 0.035090565541242534, "E_c": {"0": 0}, "c_x": {"0": 9.800284250516594, "1": 9.044287774994622, "2": 9.653116301132679}, "c_res": {"0": 9.800284250516594}, "inv_c_res": 0.035090565541242534, "eta": 1.0, "_timestamp": 1683805077.323989, "_runtime": 42.88779902458191, "_step": 12}