{"best_f": -7.062791013158394, "f_hat_x": 3.610322042098401, "f_x": -10.758848422132541, "f_res": 14.369170464230942, "sum_c_x": 48.47719574765914, "cum_costs": 749.1918956062799, "E_inv_c": 0.020427583134417105, "sum_Ec": 48.99333018643833, "inv_cost": 0.020628255916562335, "E_c": {"0": 2.035203678672088, "1": 1.9871690553768442, "2": 44.9709574523894}, "c_x": {"0": 2.0033949659090364, "1": 1.9512776510718384, "2": 44.522523130678266}, "c_res": {"0": 0.03180871276305153, "1": 0.035891404305005814, "2": 0.44843432171113307}, "inv_c_res": 0.0002006727821452295, "eta": 1.0, "_timestamp": 1683667953.1210403, "_runtime": 23.771658420562744, "_step": 0, "_wandb": {"runtime": 44}}