{"best_f": -5.712986685550071, "f_hat_x": 6.171505458666664, "f_x": -5.805501716921221, "f_res": 11.977007175587884, "sum_c_x": 95.22450963986981, "cum_costs": 8967.297221388224, "E_inv_c": 0.0743886891307713, "sum_Ec": 288.1840489268019, "inv_cost": 0.0035071620751080993, "E_c": {"0": 139.8773009812099, "1": 50.229017351389366, "2": 98.07773059420263}, "c_x": {"0": 0.10000000149011612, "1": 0.10000000149011612, "2": 95.02450963688958}, "c_res": {"0": 6.258022375504879e-05, "1": 5.5081635842668675e-05, "2": 3.0532209573130586}, "inv_c_res": 0.07088152705566321, "eta": 1.0, "_timestamp": 1683840159.059576, "_runtime": 2721.4739849567413, "_step": 38}