{"best_f": -5.466364157041433, "f_hat_x": 1.699098619253327, "f_x": -90.09444861721101, "f_res": 91.79354723646435, "sum_c_x": 15.710701762320912, "cum_costs": 336.65423572872817, "E_inv_c": 0, "sum_Ec": 0, "inv_cost": 0.06365088047169905, "E_c": {"0": 0}, "c_x": {"0": 9.039641757798899, "1": 0.0041749638369633635, "2": 6.6668850406850515}, "c_res": {"0": 9.039641757798899}, "inv_c_res": 0.06365088047169905, "eta": 0.01, "_timestamp": 1683452534.9243605, "_runtime": 239.28988552093506, "_step": 7}