{"best_f": -6.0951906001778315, "f_hat_x": 8.649003148218828, "f_x": -6.0951906001778315, "f_res": 14.74419374839666, "sum_c_x": 207.82507797587772, "cum_costs": 4613.039734468969, "E_inv_c": 0.0028204461536095547, "sum_Ec": 354.99868959782657, "inv_cost": 0.0028696557401083657, "E_c": {"0": 140.74467875632104, "1": 79.11483974709766, "2": 135.13917109440786}, "c_x": {"0": 0.10000000149011612, "1": 73.64073777879061, "2": 134.084340195597}, "c_res": {"0": 140.64467875483092, "1": 5.474101968307053, "2": 1.0548308988108488}, "inv_c_res": 4.9209586498811034e-05, "eta": 1.0, "_timestamp": 1683675812.3891375, "_runtime": 103.20995259284973, "_step": 5}