{"best_f": -5.581895757576391, "f_hat_x": 0.7875723416706103, "f_x": -17.550902691802897, "f_res": 18.338475033473507, "sum_c_x": 372.7154464959856, "cum_costs": 10034.347621233093, "E_inv_c": 0, "sum_Ec": 0, "inv_cost": 0.002683011958321858, "E_c": {"0": 0}, "c_x": {"0": 172.7475829379028, "1": 80.93793065472136, "2": 119.02993290336144}, "c_res": {"0": 172.7475829379028}, "inv_c_res": 0.002683011958321858, "eta": 2.0, "_timestamp": 1683714194.5916948, "_runtime": 516.493038892746, "_step": 49, "_wandb": {"runtime": 513}}