{"best_f": 75.45608556096018, "f_hat_x": 0.6391783015341731, "f_x": 75.2802193737008, "f_res": 74.64104107216663, "sum_c_x": 124.29971441555091, "cum_costs": 11810.703990955912, "E_inv_c": 0.004034062812201264, "sum_Ec": 247.88920041590086, "inv_cost": 0.0040338767819816995, "E_c": {"0": 74.23522526376948, "1": 49.568538018675646, "2": 124.08543713345574}, "c_x": {"0": 0.10000000149011612, "1": 0.10000000149011612, "2": 124.09971441257068}, "c_res": {"0": 0.0016729950988860764, "1": 0.0013223483623505672, "2": 0.014277279114935482}, "inv_c_res": 1.8603021956480753e-07, "eta": 2.0, "_timestamp": 1683754104.2218404, "_runtime": 1228.1332733631134, "_step": 49, "_wandb": {"runtime": 1227}}