{"best_f": -8.493956318752081, "f_hat_x": 2.89071628866666, "f_x": -20.448160932597595, "f_res": 23.338877221264255, "sum_c_x": 105.29456006294697, "cum_costs": 4050.05215615635, "E_inv_c": 0, "sum_Ec": 0, "inv_cost": 0.0028643830379621203, "E_c": {"0": 0}, "c_x": {"0": 0.10000000149011612, "1": 0.10000000149011612, "2": 105.09456005996674}, "c_res": {"0": 168.01241084624905}, "inv_c_res": 0.0028643830379621203, "eta": 1.0, "_timestamp": 1683822373.209576, "_runtime": 44.008360862731934, "_step": 2, "_wandb": {"runtime": 43}}