{"best_f": 132.28749629065683, "f_hat_x": 10.24799947576417, "f_x": 132.28749629065683, "f_res": 122.03949681489266, "sum_c_x": 12.099809192545852, "cum_costs": 179.45994263719703, "E_inv_c": 0.08258899019584288, "sum_Ec": 12.108339939900459, "inv_cost": 0.08264593136031062, "E_c": {"0": 2.0000000001408056, "1": 8.087464682172326, "2": 2.0208752575873254}, "c_x": {"0": 2.0000000001413802, "1": 8.087519180821708, "2": 2.012290011582764}, "c_res": {"0": 5.74651437545981e-13, "1": 5.44986493817845e-05, "2": 0.008585246004561231}, "inv_c_res": 5.6941164467735894e-05, "eta": 1.0, "_timestamp": 1683567373.1029322, "_runtime": 27.74987530708313, "_step": 3}