{"best_f": -3.5167226270202736, "f_hat_x": 0.9628743668886597, "f_x": -3.5167226270202736, "f_res": 4.479596993908933, "sum_c_x": 24.033545488859854, "cum_costs": 556.497479890387, "E_inv_c": 0, "sum_Ec": 0, "inv_cost": 0.041608509259007366, "E_c": {"0": 0}, "c_x": {"0": 8.651014458081814, "1": 7.108921130668956, "2": 8.273609900109083}, "c_res": {"0": 8.651014458081814}, "inv_c_res": 0.041608509259007366, "eta": 0.99, "_timestamp": 1683478399.8992665, "_runtime": 874.0382084846497, "_step": 13}