{"best_f": 53.8492666722748, "f_hat_x": 0.38502723105094316, "f_x": -11.713855517993482, "f_res": 12.098882749044424, "sum_c_x": 17.032550463927848, "cum_costs": 1186.289053215764, "E_inv_c": 0.062060617305346615, "sum_Ec": 16.123392569299785, "inv_cost": 0.05871111329555936, "E_c": {"0": 3.938717687426738, "1": 0.053859248092510734, "2": 12.130815633780538}, "c_x": {"0": 4.8961177247033385, "1": 0.005788175698602571, "2": 12.130644563525905}, "c_res": {"0": 0.9574000372766007, "1": 0.04807107239390816, "2": 0.00017107025463225511}, "inv_c_res": 0.0033495040097872575, "eta": 1.0, "_timestamp": 1683619021.6074984, "_runtime": 3910.1900193691254, "_step": 49, "_wandb": {"runtime": 3909}}