{"best_f": -1.2216538919426503, "f_hat_x": -0.2232635246334101, "f_x": -1.256559961009724, "f_res": 1.033296436376314, "sum_c_x": 10.597718264638798, "cum_costs": 599.9666637880712, "E_inv_c": 0, "sum_Ec": 0, "inv_cost": 0.09435993437725937, "E_c": {"0": 0}, "c_x": {"0": 3.555305679845439, "1": 2.098834690330625, "2": 4.943577894462734}, "c_res": {"0": 3.555305679845439}, "inv_c_res": 0.09435993437725937, "eta": 2.4, "_timestamp": 1683406662.4642894, "_runtime": 4101.578272342682, "_step": 49, "_wandb": {"runtime": 4100}}