{"best_f": 75.23244127608666, "f_hat_x": -0.29447825904657465, "f_x": 75.22306708792672, "f_res": 75.5175453469733, "sum_c_x": 125.56521266087458, "cum_costs": 10327.325506126277, "E_inv_c": 0, "sum_Ec": 0, "inv_cost": 0.00398337194664529, "E_c": {"0": 0}, "c_x": {"0": 0.10000000149011612, "1": 0.10000000149011612, "2": 125.36521265789435}, "c_res": {"0": 79.2074357631543}, "inv_c_res": 0.00398337194664529, "eta": 4.0, "_timestamp": 1683748245.504339, "_runtime": 840.5369119644165, "_step": 49, "_wandb": {"runtime": 839}}