{"best_f": 169.75509005532962, "f_hat_x": 4.153645939110118, "f_x": 169.75509005532962, "f_res": 165.6014441162195, "sum_c_x": 26.035477957976717, "cum_costs": 1526.9993265677042, "E_inv_c": 0.038409084242027894, "sum_Ec": 26.035508009378177, "inv_cost": 0.038409127791472764, "E_c": {"0": 2.0001576983738265, "1": 8.037524596409176, "2": 15.997825714595175}, "c_x": {"0": 2.0001588551848037, "1": 8.037507681722841, "2": 15.997811421069072}, "c_res": {"0": 1.1568109772319701e-06, "1": 1.69146863342462e-05, "2": 1.4293526103159593e-05}, "inv_c_res": 4.3549444869728227e-08, "eta": 5.0, "_timestamp": 1683589321.953011, "_runtime": 1016.8661179542542, "_step": 49, "_wandb": {"runtime": 1015}}