{"best_f": 188.1794605383261, "f_hat_x": 3.97641963115126, "f_x": 188.1794605383261, "f_res": 184.20304090717485, "sum_c_x": 25.498308666773184, "cum_costs": 1488.7257219707114, "E_inv_c": 0.03921841525763395, "sum_Ec": 25.49822669734649, "inv_cost": 0.039218287497754654, "E_c": {"0": 2.0861420064771936, "1": 7.414747447570504, "2": 15.99733724329879}, "c_x": {"0": 2.08613566050429, "1": 7.41474907393671, "2": 15.997423932332183}, "c_res": {"0": 6.34597290360972e-06, "1": 1.6263662052651284e-06, "2": 8.668903339170697e-05}, "inv_c_res": 1.2775987929397603e-07, "eta": 8.0, "_timestamp": 1683590545.978232, "_runtime": 1000.89919090271, "_step": 49, "_wandb": {"runtime": 1000}}