{"best_f": -2.698848444620093, "f_hat_x": 0.1366018521906271, "f_x": -18.84701456838383, "f_res": 18.983616420574457, "sum_c_x": 190.7705502594768, "cum_costs": 14635.017176003725, "E_inv_c": 0, "sum_Ec": 0, "inv_cost": 0.0037454313318070528, "E_c": {"0": 0}, "c_x": {"0": 0.10000000149011612, "1": 75.54814907064348, "2": 115.12240118734323}, "c_res": {"0": 76.32139577177308}, "inv_c_res": 0.0037454313318070528, "eta": 0.07694497527671314, "_timestamp": 1683721886.4637918, "_runtime": 6263.982685804367, "_step": 49, "_wandb": {"runtime": 6263}}