{"best_f": 73.0709731851809, "f_hat_x": 0.3572052097836396, "f_x": 73.0709731851809, "f_res": 72.71376797539726, "sum_c_x": 126.0212524257932, "cum_costs": 11900.207576246055, "E_inv_c": 0, "sum_Ec": 0, "inv_cost": 0.004095587638400236, "E_c": {"0": 0}, "c_x": {"0": 0.10000000149011612, "1": 0.10000000149011612, "2": 125.82125242281296}, "c_res": {"0": 74.34051700972226}, "inv_c_res": 0.004095587638400236, "eta": 2.0, "_timestamp": 1683748216.0832975, "_runtime": 811.1113505363464, "_step": 49, "_wandb": {"runtime": 809}}