{"best_f": 191.17771348030038, "f_hat_x": 3.354264654260715, "f_x": 191.17771348030038, "f_res": 187.82344882603968, "sum_c_x": 25.664327674851478, "cum_costs": 1547.8109737276861, "E_inv_c": 0.03896452325775529, "sum_Ec": 25.664371805714865, "inv_cost": 0.03896458978662051, "E_c": {"0": 2.0004786994323664, "1": 7.66548131983342, "2": 15.998411786449081}, "c_x": {"0": 2.0004785934829554, "1": 7.665481911974325, "2": 15.998367169394198}, "c_res": {"0": 1.0594941102226585e-07, "1": 5.921409051978799e-07, "2": 4.461705488267853e-05}, "inv_c_res": 6.652886522240387e-08, "eta": 6.0, "_timestamp": 1683590548.286399, "_runtime": 1000.1722779273987, "_step": 49, "_wandb": {"runtime": 999}}