{"best_f": -2.370235153109874, "f_hat_x": -0.7216893224823773, "f_x": -12.95320779787728, "f_res": 12.231518475394903, "sum_c_x": 11.139743884673429, "cum_costs": 1090.0392701929638, "E_inv_c": 0, "sum_Ec": 0, "inv_cost": 0.0897686706582048, "E_c": {"0": 0}, "c_x": {"0": 2.065566006355554, "1": 2.831335239428223, "2": 6.242842638889652}, "c_res": {"0": 2.065566006355554}, "inv_c_res": 0.0897686706582048, "eta": 0.6, "_timestamp": 1683374695.5837164, "_runtime": 1924.336900472641, "_step": 49, "_wandb": {"runtime": 1922}}