{"best_f": -16.74753093614938, "f_hat_x": 1.4697684247759257, "f_x": -74.63969538030327, "f_res": 76.10946380507919, "sum_c_x": 4.250425555286871, "cum_costs": 262.5972668938724, "E_inv_c": 0, "sum_Ec": 0, "inv_cost": 0.23527055985162593, "E_c": {"0": 0}, "c_x": {"0": 2.0187060925759424, "1": 0.05788042110288982, "2": 2.173839041608038}, "c_res": {"0": 2.0187060925759424}, "inv_c_res": 0.23527055985162593, "eta": 0.01, "_timestamp": 1683477077.8666453, "_runtime": 80.60305643081665, "_step": 1}