{"best_f": -8.493956318752081, "f_hat_x": 3.8155710737418813, "f_x": -8.538783315126341, "f_res": 12.354354388868224, "sum_c_x": 127.28908952955936, "cum_costs": 5090.734054929184, "E_inv_c": 0, "sum_Ec": 0, "inv_cost": 0.0030042203685882287, "E_c": {"0": 0}, "c_x": {"0": 0.10000000149011612, "1": 0.10000000149011612, "2": 127.08908952657913}, "c_res": {"0": 147.2164909717564}, "inv_c_res": 0.0030042203685882287, "eta": 1.0, "_timestamp": 1683844617.9379017, "_runtime": 441.2431766986847, "_step": 11}