{"best_f": 3.6419974582405246, "f_hat_x": 8.193142986447464, "f_x": -343.70408296220626, "f_res": 351.8972259486537, "sum_c_x": 5.9510895554579655, "cum_costs": 107.20262310452803, "E_inv_c": 0, "sum_Ec": 0, "inv_cost": 0.16803645629611855, "E_c": {"0": 0}, "c_x": {"0": 2.0000000000299423, "1": 1.9379295521073154, "2": 2.013160003320708}, "c_res": {"0": 2.0000000000299423}, "inv_c_res": 0.16803645629611855, "eta": 1.0, "_timestamp": 1683590762.2812986, "_runtime": 51.05657458305359, "_step": 3}