{"best_f": -5.151354476377446, "f_hat_x": 5.499291712307461, "f_x": -5.784282761080148, "f_res": 11.28357447338761, "sum_c_x": 156.7765839486284, "cum_costs": 9269.483627114074, "E_inv_c": 0.07272537162162414, "sum_Ec": 341.5814002378721, "inv_cost": 0.0029303832601124844, "E_c": {"0": 142.8822644140626, "1": 41.795260942734025, "2": 156.90387488107552}, "c_x": {"0": 0.10000000149011612, "1": 0.10000000149011612, "2": 156.57658394564817}, "c_res": {"0": 0.0001393775417852794, "1": 0.0019580285533535857, "2": 0.32729093542735654}, "inv_c_res": 0.06979498836151166, "eta": 1.0, "_timestamp": 1683840179.709944, "_runtime": 2742.1999020576477, "_step": 39, "_wandb": {"runtime": 2740}}