{"best_f": 133.66608908238237, "f_hat_x": 8.636091806780428, "f_x": 133.12148982545023, "f_res": 124.4853980186698, "sum_c_x": 12.342443202960908, "cum_costs": 287.429893833338, "E_inv_c": 0.08073609741655503, "sum_Ec": 12.387273091868694, "inv_cost": 0.08102123571126531, "E_c": {"0": 2.0000000001478533, "1": 7.9395109909232415, "2": 2.4477621007975987}, "c_x": {"0": 2.0000000001479536, "1": 7.939521158703995, "2": 2.4029220441089585}, "c_res": {"0": 1.0036416142611415e-13, "1": 1.0167780753356226e-05, "2": 0.04484005668864022}, "inv_c_res": 0.0002851382947102743, "eta": 2.0, "_timestamp": 1683566723.6167185, "_runtime": 391.52612948417664, "_step": 12}