{"best_f": -2.1922268182881917, "f_hat_x": 9.224806353872449, "f_x": -3.6888772309102498, "f_res": 12.9136835847827, "sum_c_x": 66.23018111576076, "cum_costs": 3865.987078940736, "E_inv_c": 0.01366595684059611, "sum_Ec": 73.1755411684552, "inv_cost": 0.013677972156837588, "E_c": {"0": 2.00000279067961, "1": 5.080569891076595, "2": 66.09496848669899}, "c_x": {"0": 0.10000000149011612, "1": 0.10000000149011612, "2": 66.03018111278053}, "c_res": {"0": 1.900002789189494, "1": 4.980569889586479, "2": 0.06478737391846323}, "inv_c_res": 1.2015316241478086e-05, "eta": 2.0, "_timestamp": 1683669202.8540354, "_runtime": 977.2694623470306, "_step": 49, "_wandb": {"runtime": 976}}