{"best_f": -1.3601002303305052, "f_hat_x": -0.2579226953100175, "f_x": -1.5174129007591972, "f_res": 1.2594902054491797, "sum_c_x": 9.364702478226414, "cum_costs": 574.6646972009216, "E_inv_c": 0.10679050422057491, "sum_Ec": 9.364376741913349, "inv_cost": 0.10678395841459669, "E_c": {"0": 3.2288601271785664, "1": 2.2042990342564273, "2": 3.931217580478355}, "c_x": {"0": 3.2289120206480195, "1": 2.203976146582041, "2": 3.9318143109963533}, "c_res": {"0": 5.189346945311257e-05, "1": 0.00032288767438615196, "2": 0.0005967305179983562}, "inv_c_res": 6.545805978225294e-06, "eta": 4.0, "_timestamp": 1683412318.9544175, "_runtime": 5347.6371483802795, "_step": 49, "_wandb": {"runtime": 5346}}