{"best_f": 116.25271853762963, "f_hat_x": 5.331359143974321, "f_x": 116.1985983584977, "f_res": 110.86723921452338, "sum_c_x": 15.191400949343667, "cum_costs": 963.1528794021225, "E_inv_c": 0, "sum_Ec": 0, "inv_cost": 0.06582671363454497, "E_c": {"0": 0}, "c_x": {"0": 2.0000000034510323, "1": 7.71642844058001, "2": 5.474972505312624}, "c_res": {"0": 2.0000000034510323}, "inv_c_res": 0.06582671363454497, "eta": 1, "_timestamp": 1683544246.118798, "_runtime": 2790.4112889766693, "_step": 49, "_wandb": {"runtime": 2789}}