{"best_f": 143.61185564861682, "f_hat_x": 0.953889037794996, "f_x": 73.54461348687623, "f_res": 72.59072444908124, "sum_c_x": 22.85039859451595, "cum_costs": 1412.7284958930638, "E_inv_c": 0, "sum_Ec": 0, "inv_cost": 0.043762912750239635, "E_c": {"0": 0}, "c_x": {"0": 4.198898454047944, "1": 5.72487911930722, "2": 12.926621021160786}, "c_res": {"0": 4.198898454047944}, "inv_c_res": 0.043762912750239635, "eta": 0.8, "_timestamp": 1683649317.6474595, "_runtime": 3841.900794506073, "_step": 49, "_wandb": {"runtime": 3841}}