{"best_f": -2.3581788679670126, "f_hat_x": -0.36914886728397994, "f_x": -3.654313837161263, "f_res": 3.2851649698772833, "sum_c_x": 10.494085720841206, "cum_costs": 1092.4163683944141, "E_inv_c": 0, "sum_Ec": 0, "inv_cost": 0.0952917697264474, "E_c": {"0": 0}, "c_x": {"0": 2.172700159258617, "1": 0.13785598313726488, "2": 8.183529578445324}, "c_res": {"0": 2.172700159258617}, "inv_c_res": 0.0952917697264474, "eta": 5.497558138880011e-28, "_timestamp": 1683334556.4047008, "_runtime": 4814.534661769867, "_step": 49, "_wandb": {"runtime": 4813}}