{"best_f": -8.561445463420807, "f_hat_x": -0.7086018851448581, "f_x": -14.74870886125197, "f_res": 14.040106976107111, "sum_c_x": 17.210955581718263, "cum_costs": 907.4892915199334, "E_inv_c": 0.05809789135706401, "sum_Ec": 17.21253629104678, "inv_cost": 0.05810252633864299, "E_c": {"0": 7.345292720234131, "1": 1.982521742452073, "2": 7.884721828360576}, "c_x": {"0": 7.345290453373432, "1": 1.982478313239956, "2": 7.883186815104877}, "c_res": {"0": 2.266860699151607e-06, "1": 4.342921211697437e-05, "2": 0.0015350132556983809}, "inv_c_res": 4.634981578981179e-06, "eta": 5.0, "_timestamp": 1683409620.14431, "_runtime": 2649.1465299129486, "_step": 49, "_wandb": {"runtime": 2648}}