{"best_f": 73.03242687792584, "f_hat_x": 0.8064530201137198, "f_x": 73.03241315619229, "f_res": 72.22596013607857, "sum_c_x": 259.60216290549715, "cum_costs": 16765.88211672661, "E_inv_c": 0, "sum_Ec": 0, "inv_cost": 0.003852048029214724, "E_c": {"0": 0}, "c_x": {"0": 70.0972471477287, "1": 48.84181883173203, "2": 140.66309692603645}, "c_res": {"0": 70.0972471477287}, "inv_c_res": 0.003852048029214724, "eta": 2.0, "_timestamp": 1683743914.5218856, "_runtime": 114.7844295501709, "_step": 49, "_wandb": {"runtime": 113}}