{"best_f": 0.17615386590471505, "f_hat_x": -0.6165254841462964, "f_x": -18.037267405044965, "f_res": 17.420741920898667, "sum_c_x": 19.89138329786404, "cum_costs": 1378.5873593585115, "E_inv_c": 0, "sum_Ec": 0, "inv_cost": 0.050273024506414354, "E_c": {"0": 0}, "c_x": {"0": 8.960182772795097, "1": 1.982478313239956, "2": 8.948722211828986}, "c_res": {"0": 8.960182772795097}, "inv_c_res": 0.050273024506414354, "eta": 0.2, "_timestamp": 1683386241.3508244, "_runtime": 6968.435790300369, "_step": 49, "_wandb": {"runtime": 6967}}