{"best_f": -5.769857801339794, "f_hat_x": -0.35519331410289845, "f_x": -6.855777837744439, "f_res": 6.500584523641541, "sum_c_x": 7.505077951049571, "cum_costs": 541.6752860165291, "E_inv_c": 0, "sum_Ec": 0, "inv_cost": 0.13324311972804387, "E_c": {"0": 0}, "c_x": {"0": 2.1546643919644657, "1": 1.919094779703675, "2": 3.4313187793814297}, "c_res": {"0": 2.1546643919644657}, "inv_c_res": 0.13324311972804387, "eta": 5.0, "_timestamp": 1683404026.4274101, "_runtime": 1466.249762058258, "_step": 49, "_wandb": {"runtime": 1465}}