{"best_f": 55.390344872934776, "f_hat_x": 0.8807828328262449, "f_x": -0.897829510945833, "f_res": 1.7786123437720778, "sum_c_x": 24.09151846393745, "cum_costs": 1133.6553548318682, "E_inv_c": 0, "sum_Ec": 0, "inv_cost": 0.04150838401891928, "E_c": {"0": 0}, "c_x": {"0": 2.442503994373874, "1": 7.241085611258365, "2": 14.407928858305212}, "c_res": {"0": 2.442503994373874}, "inv_c_res": 0.04150838401891928, "eta": 1.0, "_timestamp": 1683620029.1597724, "_runtime": 4917.707517385483, "_step": 49, "_wandb": {"runtime": 4916}}