{"best_f": 179.21079688412067, "f_hat_x": 8.695239832974286, "f_x": 179.1922599271362, "f_res": 170.4970200941619, "sum_c_x": 76.54679079798989, "cum_costs": 4183.080022852077, "E_inv_c": 0.006437871791834273, "sum_Ec": 155.33121925075898, "inv_cost": 0.006437772967066719, "E_c": {"0": 15.532562968068579, "1": 63.45509566824584, "2": 76.34356061444456}, "c_x": {"0": 0.10000000149011612, "1": 0.10000000149011612, "2": 76.34679079500965}, "c_res": {"0": 0.00014351527331157854, "1": 0.0013736616625692477, "2": 0.0032301805650973847}, "inv_c_res": 9.882476755419117e-08, "eta": 1.0, "_timestamp": 1683770058.803208, "_runtime": 1193.755261182785, "_step": 49, "_wandb": {"runtime": 1193}}