{"best_f": -8.561445463420807, "f_hat_x": 1.5866067320860133, "f_x": -9.366174375252445, "f_res": 10.952781107338458, "sum_c_x": 319.1520587069451, "cum_costs": 3165.874035795706, "E_inv_c": 0.0031199899608291594, "sum_Ec": 320.8760929454472, "inv_cost": 0.0031333026772615295, "E_c": {"0": 174.36487395816096, "1": 39.18686189323591, "2": 107.32435709405033}, "c_x": {"0": 173.97831975617345, "1": 38.77886092822561, "2": 106.39487802254607}, "c_res": {"0": 0.3865542019875079, "1": 0.40800096501029515, "2": 0.9294790715042609}, "inv_c_res": 1.331271643237016e-05, "eta": 1.0, "_timestamp": 1683715573.6455758, "_runtime": 25.4077467918396, "_step": 0}