{"best_f": -2.7870621488721077, "f_hat_x": 0.35469583260805143, "f_x": -3.8123278522224577, "f_res": 4.167023684830509, "sum_c_x": 12.87910966240931, "cum_costs": 844.1084411343478, "E_inv_c": 0, "sum_Ec": 0, "inv_cost": 0.07764511881739261, "E_c": {"0": 0}, "c_x": {"0": 3.501562149803701, "1": 0.31850056322597775, "2": 9.059046949379631}, "c_res": {"0": 3.501562149803701}, "inv_c_res": 0.07764511881739261, "eta": 0.6757290490602831, "_timestamp": 1683499398.8944635, "_runtime": 6333.6093645095825, "_step": 49, "_wandb": {"runtime": 6332}}