{"best_f": -8.418195390432205, "f_hat_x": 8.26024740884927, "f_x": -11.030205904617036, "f_res": 19.29045331346631, "sum_c_x": 376.44707086608537, "cum_costs": 5342.4829798564715, "E_inv_c": 0, "sum_Ec": 0, "inv_cost": 0.0026564159410227767, "E_c": {"0": 0}, "c_x": {"0": 150.63026279405193, "1": 72.04247806802114, "2": 153.77433000401234}, "c_res": {"0": 150.63026279405193}, "inv_c_res": 0.0026564159410227767, "eta": 1.0, "_timestamp": 1683844120.6468537, "_runtime": 31.611347675323486, "_step": 4}