{"best_f": 119.01232521866253, "f_hat_x": 8.793309677599597, "f_x": 119.01232521866253, "f_res": 110.21901554106293, "sum_c_x": 11.588532496729965, "cum_costs": 225.9241816796174, "E_inv_c": 0.08467198573772694, "sum_Ec": 11.813675550338326, "inv_cost": 0.0862922031139127, "E_c": {"0": 2.0000002933709617, "1": 7.57705253267452, "2": 2.2366227242928454}, "c_x": {"0": 2.0000002933641277, "1": 7.577063910999463, "2": 2.0114682923663727}, "c_res": {"0": 6.834088850382614e-12, "1": 1.1378324943578377e-05, "2": 0.22515443192647266}, "inv_c_res": 0.0016202173761857563, "eta": 1.0, "_timestamp": 1683568582.2718496, "_runtime": 80.78747653961182, "_step": 7}