{"best_f": -1.0947760771872126, "f_hat_x": 0.6404598554670465, "f_x": -16.925098262194027, "f_res": 17.565558117661073, "sum_c_x": 14.55613354690404, "cum_costs": 559.9207870950951, "E_inv_c": 0.06868204399087555, "sum_Ec": 14.560770425845892, "inv_cost": 0.06869956206280418, "E_c": {"0": 2.000068545395372, "1": 8.980606899155614, "2": 3.5800949812949066}, "c_x": {"0": 2.0000200787426516, "1": 8.98058155838781, "2": 3.5755319097735763}, "c_res": {"0": 4.846665272051354e-05, "1": 2.534076780413841e-05, "2": 0.004563071521330286}, "inv_c_res": 1.7518071928637746e-05, "eta": 2.0, "_timestamp": 1683575209.7262454, "_runtime": 4578.851261377335, "_step": 49, "_wandb": {"runtime": 4578}}