{"best_f": -6.48361375842569, "f_hat_x": 0.06255462558011553, "f_x": -27.980428741711698, "f_res": 28.042983367291814, "sum_c_x": 354.497475627345, "cum_costs": 20736.3011109105, "E_inv_c": 0, "sum_Ec": 0, "inv_cost": 0.0028208945585023585, "E_c": {"0": 0}, "c_x": {"0": 173.9654728653863, "1": 42.08368825551509, "2": 138.44831450644364}, "c_res": {"0": 173.9654728653863}, "inv_c_res": 0.0028208945585023585, "eta": 1.0, "_timestamp": 1683676150.78481, "_runtime": 136.73726201057434, "_step": 49, "_wandb": {"runtime": 135}}