{"best_f": -8.493956318752081, "f_hat_x": 3.8219565581261796, "f_x": -13.89693759468065, "f_res": 17.71889415280683, "sum_c_x": 95.75570440420958, "cum_costs": 5236.876001012843, "E_inv_c": 0.07224810810047927, "sum_Ec": 316.23786046101134, "inv_cost": 0.0031817279902450935, "E_c": {"0": 147.1652590223046, "1": 71.57255809853636, "2": 97.50004334017035}, "c_x": {"0": 0.10000000149011612, "1": 0.10000000149011612, "2": 95.55570440122935}, "c_res": {"0": 0.0003363421528206345, "1": 0.001438076977663627, "2": 1.9443389389410015}, "inv_c_res": 0.06906638011023418, "eta": 0.6276211921800003, "_timestamp": 1683837084.458223, "_runtime": 331.92296719551086, "_step": 10}