{"best_f": 191.17771348030038, "f_hat_x": 3.2891804401131615, "f_x": 191.17771348030038, "f_res": 187.8885330401872, "sum_c_x": 25.664327674851478, "cum_costs": 1540.9620758395822, "E_inv_c": 0.038964486094338543, "sum_Ec": 25.66439618632625, "inv_cost": 0.03896458978662051, "E_c": {"0": 2.0004786030896033, "1": 7.665480616057946, "2": 15.9984369671787}, "c_x": {"0": 2.0004785934829554, "1": 7.665481911974325, "2": 15.998367169394198}, "c_res": {"0": 9.606647921600597e-09, "1": 1.295916379540074e-06, "2": 6.979778450144636e-05}, "inv_c_res": 1.036922819691588e-07, "eta": 5.0, "_timestamp": 1683589321.113804, "_runtime": 1016.1095671653748, "_step": 49, "_wandb": {"runtime": 1015}}