{"best_f": 72.0288031036893, "f_hat_x": 2.349297226186874, "f_x": -67.25136227034237, "f_res": 69.60065949652925, "sum_c_x": 26.236766237648787, "cum_costs": 1305.2990989481177, "E_inv_c": 0, "sum_Ec": 0, "inv_cost": 0.03811445324252793, "E_c": {"0": 0}, "c_x": {"0": 2.0576484260931407, "1": 8.198119242491572, "2": 15.980998569064072}, "c_res": {"0": 2.0576484260931407}, "inv_c_res": 0.03811445324252793, "eta": 1.0, "_timestamp": 1683616540.8950188, "_runtime": 1429.4397358894348, "_step": 49, "_wandb": {"runtime": 1428}}