{"best_f": -7.124649675531387, "f_hat_x": 0.6909175955790101, "f_x": -62.84817619877294, "f_res": 63.53909379435195, "sum_c_x": 353.72691806908824, "cum_costs": 18686.44838997797, "E_inv_c": 0, "sum_Ec": 0, "inv_cost": 0.002827039585957337, "E_c": {"0": 0}, "c_x": {"0": 146.95393749905023, "1": 51.66632455653668, "2": 155.10665601350132}, "c_res": {"0": 146.95393749905023}, "inv_c_res": 0.002827039585957337, "eta": 1.0, "_timestamp": 1683674979.444274, "_runtime": 107.39859104156494, "_step": 42}