{"best_f": -1.6868941954494665, "f_hat_x": -0.52418200522249, "f_x": -4.040755922392641, "f_res": 3.516573917170151, "sum_c_x": 17.760372062343574, "cum_costs": 954.8823821527317, "E_inv_c": 0, "sum_Ec": 0, "inv_cost": 0.0563051267445151, "E_c": {"0": 0}, "c_x": {"0": 8.498482528351103, "1": 1.6491333919794493, "2": 7.612756142013022}, "c_res": {"0": 8.498482528351103}, "inv_c_res": 0.0563051267445151, "eta": 0.4, "_timestamp": 1683385690.2532547, "_runtime": 6417.668457746506, "_step": 49, "_wandb": {"runtime": 6416}}