{"best_f": -3.0889281685722842, "f_hat_x": -1.4512538551092522, "f_x": -14.286710992266528, "f_res": 12.835457137157276, "sum_c_x": 256.0681524522174, "cum_costs": 16624.92106885291, "E_inv_c": 0, "sum_Ec": 0, "inv_cost": 0.003905210352882915, "E_c": {"0": 0}, "c_x": {"0": 78.69494489498402, "1": 54.00625818041231, "2": 123.36694937682111}, "c_res": {"0": 78.69494489498402}, "inv_c_res": 0.003905210352882915, "eta": 0.07694497527671314, "_timestamp": 1683725170.385229, "_runtime": 269.08035707473755, "_step": 49, "_wandb": {"runtime": 268}}