{"best_f": 67.05013771454576, "f_hat_x": 2.1383029626058008, "f_x": -114.09181166281812, "f_res": 116.23011462542392, "sum_c_x": 16.595087965156583, "cum_costs": 1219.7520031560286, "E_inv_c": 0, "sum_Ec": 0, "inv_cost": 0.06025879477708237, "E_c": {"0": 0}, "c_x": {"0": 2.117824294245631, "1": 0.2652080364130729, "2": 14.21205563449788}, "c_res": {"0": 2.117824294245631}, "inv_c_res": 0.06025879477708237, "eta": 1.0, "_timestamp": 1683619923.0998333, "_runtime": 4811.655695199966, "_step": 49, "_wandb": {"runtime": 4810}}