{"best_f": -3.5488822289035777, "f_hat_x": 5.611885044772431, "f_x": -3.9914757363973994, "f_res": 9.60336078116983, "sum_c_x": 362.14489596325194, "cum_costs": 11300.601192365191, "E_inv_c": 0, "sum_Ec": 0, "inv_cost": 0.00276132567695079, "E_c": {"0": 0}, "c_x": {"0": 140.55776478369415, "1": 83.95577483723038, "2": 137.63135634232742}, "c_res": {"0": 140.55776478369415}, "inv_c_res": 0.00276132567695079, "eta": 1.0, "_timestamp": 1683679509.1911783, "_runtime": 3111.150865316391, "_step": 49, "_wandb": {"runtime": 3110}}