{"best_f": -16.70320947070198, "f_hat_x": 0.9200149285741591, "f_x": -118.58514219672142, "f_res": 119.50515712529558, "sum_c_x": 8.282797342168042, "cum_costs": 214.47347043266927, "E_inv_c": 0, "sum_Ec": 0, "inv_cost": 0.12073215831431264, "E_c": {"0": 0}, "c_x": {"0": 6.046639699486362, "1": 0.10947280952179017, "2": 2.1266848331598904}, "c_res": {"0": 6.046639699486362}, "inv_c_res": 0.12073215831431264, "eta": 0.01, "_timestamp": 1683477096.222359, "_runtime": 98.14737796783447, "_step": 1}