{"best_f": -7.151411844109087, "f_hat_x": 1.7049245270033981, "f_x": -28.180131938688422, "f_res": 29.88505646569182, "sum_c_x": 4.233152497171673, "cum_costs": 304.3418845586043, "E_inv_c": 0, "sum_Ec": 0, "inv_cost": 0.23623056355001085, "E_c": {"0": 0}, "c_x": {"0": 2.087327190482629, "1": 0.1310921101278153, "2": 2.014733196561229}, "c_res": {"0": 2.087327190482629}, "inv_c_res": 0.23623056355001085, "eta": 2.0, "_timestamp": 1683552090.8566685, "_runtime": 6727.468741416931, "_step": 49, "_wandb": {"runtime": 6724}}