{"best_f": 107.61568191765446, "f_hat_x": 7.638679525103067, "f_x": 101.23383516151974, "f_res": 93.59515563641666, "sum_c_x": 11.625440797508176, "cum_costs": 166.07981661928818, "E_inv_c": 0.08605089284356651, "sum_Ec": 11.622806186625672, "inv_cost": 0.08601824373096824, "E_c": {"0": 2.0000000787607997, "1": 7.62321473804273, "2": 1.9995913698221437}, "c_x": {"0": 2.000000078729874, "1": 7.623200417082874, "2": 2.002240301695429}, "c_res": {"0": 3.092548439553866e-11, "1": 1.4320959856206628e-05, "2": 0.0026489318732854095}, "inv_c_res": 3.264911259827363e-05, "eta": 1.0, "_timestamp": 1683569658.7135026, "_runtime": 34.73464369773865, "_step": 3}