{"best_f": -4.7503632121028545, "f_hat_x": 1.943179821097553, "f_x": -14.668288966156503, "f_res": 16.611468787254054, "sum_c_x": 221.08070264100914, "cum_costs": 8977.325615080425, "E_inv_c": 0, "sum_Ec": 0, "inv_cost": 0.00452323512660352, "E_c": {"0": 0}, "c_x": {"0": 127.41498719184602, "1": 64.23753939145908, "2": 29.428176057704043}, "c_res": {"0": 127.41498719184602}, "inv_c_res": 0.00452323512660352, "eta": 0.1352759542790559, "_timestamp": 1683311294.4450316, "_runtime": 1610.308358669281, "_step": 49, "_wandb": {"runtime": 1609}}