{"best_f": 149.10925624910993, "f_hat_x": 1.144005554745056, "f_x": -37.78217919813185, "f_res": 38.92618475287691, "sum_c_x": 24.79704200011366, "cum_costs": 1498.375697570141, "E_inv_c": 0.04032761536271589, "sum_Ec": 24.79691583543105, "inv_cost": 0.04032739066197558, "E_c": {"0": 5.318090433126525, "1": 7.1058819115163265, "2": 12.372943490788197}, "c_x": {"0": 5.318580997852388, "1": 7.105898090399629, "2": 12.372562911861642}, "c_res": {"0": 0.0004905647258635071, "1": 1.617888330240902e-05, "2": 0.0003805789265545201}, "inv_c_res": 2.247007403061163e-07, "eta": 1.0, "_timestamp": 1683638719.1136725, "_runtime": 3168.29846739769, "_step": 49, "_wandb": {"runtime": 3167}}