{"best_f": -3.1121751223116494, "f_hat_x": 0.6684426017739916, "f_x": -4.229352015816206, "f_res": 4.897794617590197, "sum_c_x": 8.500958438248649, "cum_costs": 723.9144847801566, "E_inv_c": 0.11783557554026691, "sum_Ec": 8.486501239332842, "inv_cost": 0.1176337947378576, "E_c": {"0": 3.4114226431981844, "1": 1.1783756250110586, "2": 3.896702971123598}, "c_x": {"0": 3.4113756644673865, "1": 1.1783208581092057, "2": 3.911261915672057}, "c_res": {"0": 4.6978730797953006e-05, "1": 5.4766901852909555e-05, "2": 0.014558944548459074}, "inv_c_res": 0.00020178080240931817, "eta": 4.0, "_timestamp": 1683416791.9791465, "_runtime": 4123.734151363373, "_step": 49, "_wandb": {"runtime": 4122}}