{"best_f": -1.5933260711595956, "f_hat_x": 0.6470018870232236, "f_x": -3.362083015185693, "f_res": 4.009084902208916, "sum_c_x": 9.869283400266932, "cum_costs": 538.5428966617836, "E_inv_c": 0, "sum_Ec": 0, "inv_cost": 0.10132447913826785, "E_c": {"0": 0}, "c_x": {"0": 2.2127959844576717, "1": 1.336085936293302, "2": 6.320401479515958}, "c_res": {"0": 2.2127959844576717}, "inv_c_res": 0.10132447913826785, "eta": 2.6, "_timestamp": 1683406854.5311613, "_runtime": 4291.773735284805, "_step": 49, "_wandb": {"runtime": 4291}}