{"best_f": 75.63125673517806, "f_hat_x": 0.4921234687511912, "f_x": 75.35641209408662, "f_res": 74.86428862533543, "sum_c_x": 350.2024934472749, "cum_costs": 19711.965716311523, "E_inv_c": 0, "sum_Ec": 0, "inv_cost": 0.0028554908052091186, "E_c": {"0": 0}, "c_x": {"0": 159.28761604118858, "1": 49.99638486016619, "2": 140.91849254592012}, "c_res": {"0": 159.28761604118858}, "inv_c_res": 0.0028554908052091186, "eta": 1.0, "_timestamp": 1683729162.6934152, "_runtime": 364.567987203598, "_step": 49, "_wandb": {"runtime": 363}}