{"best_f": -1.3136627737763538, "f_hat_x": 5.137333756032416, "f_x": -1.3136627737763538, "f_res": 6.45099652980877, "sum_c_x": 9.311596170171171, "cum_costs": 613.2408805710795, "E_inv_c": 0, "sum_Ec": 0, "inv_cost": 0.10739297341989622, "E_c": {"0": 0}, "c_x": {"0": 2.0000000001549108, "1": 1.4790179290066217, "2": 5.832578241009638}, "c_res": {"0": 2.0000000001549108}, "inv_c_res": 0.10739297341989622, "eta": 1.0, "_timestamp": 1683577033.8189778, "_runtime": 6403.144982814789, "_step": 49, "_wandb": {"runtime": 6402}}