{"best_f": -2.041377737040716, "f_hat_x": 3.0198731864209103, "f_x": -9.0117365000869, "f_res": 12.03160968650781, "sum_c_x": 273.907811800686, "cum_costs": 20303.707483142265, "E_inv_c": 0, "sum_Ec": 0, "inv_cost": 0.0036508633814637905, "E_c": {"0": 0}, "c_x": {"0": 142.8824037916044, "1": 38.79432909450022, "2": 92.23107891458136}, "c_res": {"0": 142.8824037916044}, "inv_c_res": 0.0036508633814637905, "eta": 1.0, "_timestamp": 1683822838.743738, "_runtime": 338.1340069770813, "_step": 49, "_wandb": {"runtime": 337}}