{"best_f": -16.74753093614938, "f_hat_x": -0.46992172273466926, "f_x": -30.102256766014587, "f_res": 29.63233504327992, "sum_c_x": 9.403506597145698, "cum_costs": 337.09776150166533, "E_inv_c": 0, "sum_Ec": 0, "inv_cost": 0.10634330817649831, "E_c": {"0": 0}, "c_x": {"0": 3.6679429046509977, "1": 0.0016113936664422512, "2": 5.7339522988282585}, "c_res": {"0": 3.6679429046509977}, "inv_c_res": 0.10634330817649831, "eta": 1, "_timestamp": 1683452636.922425, "_runtime": 341.20059609413147, "_step": 11}