{"best_f": 192.1759766887372, "f_hat_x": 3.2402321040356363, "f_x": 191.30704572705892, "f_res": 188.06681362302328, "sum_c_x": 25.517286609798944, "cum_costs": 1488.0387743891938, "E_inv_c": 0, "sum_Ec": 0, "inv_cost": 0.03918911972466493, "E_c": {"0": 0}, "c_x": {"0": 2.0000836920138028, "1": 7.520211257684496, "2": 15.996991660100644}, "c_res": {"0": 2.0000836920138028}, "inv_c_res": 0.03918911972466493, "eta": 4.0, "_timestamp": 1683589290.8078306, "_runtime": 985.7237095832825, "_step": 49, "_wandb": {"runtime": 984}}