{"best_f": 62.52641777468892, "f_hat_x": 2.1806340746855186, "f_x": -211.6332349909635, "f_res": 213.81386906564902, "sum_c_x": 18.115031056403836, "cum_costs": 1102.5648052633337, "E_inv_c": 0, "sum_Ec": 0, "inv_cost": 0.05520277590948377, "E_c": {"0": 0}, "c_x": {"0": 2.0162821307016765, "1": 0.09875698546604106, "2": 15.99999194023612}, "c_res": {"0": 2.0162821307016765}, "inv_c_res": 0.05520277590948377, "eta": 4.0, "_timestamp": 1683629639.4473672, "_runtime": 980.7097182273865, "_step": 49, "_wandb": {"runtime": 979}}