{"best_f": -8.259353208820947, "f_hat_x": 5.367324074863292, "f_x": -8.259353208820947, "f_res": 13.62667728368424, "sum_c_x": 151.5775432939163, "cum_costs": 4353.6978013978905, "E_inv_c": 0.0033312235233064797, "sum_Ec": 300.2138862582512, "inv_cost": 0.003324603431901472, "E_c": {"0": 149.30960386223114, "1": 60.36880628546012, "2": 90.53547611055994}, "c_x": {"0": 0.10000000149011612, "1": 60.47198019335716, "2": 91.00556309906902}, "c_res": {"0": 149.20960386074103, "1": 0.10317390789704461, "2": 0.47008698850908104}, "inv_c_res": 6.620091405007845e-06, "eta": 1.0, "_timestamp": 1683674827.5542064, "_runtime": 100.64097929000854, "_step": 5}