{"best_f": 121.18430156640825, "f_hat_x": 8.476543395201814, "f_x": 116.83317178675571, "f_res": 108.3566283915539, "sum_c_x": 12.537827172737714, "cum_costs": 262.20547026633534, "E_inv_c": 0, "sum_Ec": 0, "inv_cost": 0.07975863650237601, "E_c": {"0": 0}, "c_x": {"0": 2.0000001853874787, "1": 7.792001137026969, "2": 2.745825850323265}, "c_res": {"0": 2.0000001853874787}, "inv_c_res": 0.07975863650237601, "eta": 2.0, "_timestamp": 1683566706.3067412, "_runtime": 374.8793342113495, "_step": 9}