{"best_f": -8.561445463420807, "f_hat_x": 2.3697231276233333, "f_x": -111.0928313602654, "f_res": 113.46255448788872, "sum_c_x": 10.037988050015354, "cum_costs": 255.70383365626506, "E_inv_c": 0, "sum_Ec": 0, "inv_cost": 0.09962155713051186, "E_c": {"0": 0}, "c_x": {"0": 2.107959651386751, "1": 0.08808540453174296, "2": 7.8419429940968595}, "c_res": {"0": 2.107959651386751}, "inv_c_res": 0.09962155713051186, "eta": 0.01, "_timestamp": 1683453165.9931989, "_runtime": 119.57209992408752, "_step": 0}