{"best_f": -3.1595736004747335, "f_hat_x": -7.20886810125067, "f_x": -16.730564767559535, "f_res": 9.521696666308866, "sum_c_x": 48.85276736034477, "cum_costs": 3898.1507652482114, "E_inv_c": 0, "sum_Ec": 0, "inv_cost": 0.02046966945851525, "E_c": {"0": 0}, "c_x": {"0": 2.0000000000646514, "1": 1.8488684237331192, "2": 45.003898936547}, "c_res": {"0": 2.0000000000646514}, "inv_c_res": 0.02046966945851525, "eta": 2.0, "_timestamp": 1683668093.2022538, "_runtime": 164.02933192253113, "_step": 49, "_wandb": {"runtime": 163}}