{"best_f": -24.025539430964198, "f_hat_x": 10.579199154094015, "f_x": -24.025539430964198, "f_res": 34.604738585058215, "sum_c_x": 37.56966822258942, "cum_costs": 898.9010631795311, "E_inv_c": 0, "sum_Ec": 0, "inv_cost": 0.026617216688614047, "E_c": {"0": 0}, "c_x": {"0": 9.987270915392964, "1": 13.064038147291718, "2": 14.518359159904739}, "c_res": {"0": 9.987270915392964}, "inv_c_res": 0.026617216688614047, "eta": 1.0, "_timestamp": 1683805221.8369687, "_runtime": 24.022705554962158, "_step": 0}