{"best_f": -3.0818915816788977, "f_hat_x": 0.038305853387828756, "f_x": -3.4714230307057132, "f_res": 3.509728884093542, "sum_c_x": 9.182203041972546, "cum_costs": 521.3619728083839, "E_inv_c": 0, "sum_Ec": 0, "inv_cost": 0.10890632623009143, "E_c": {"0": 0}, "c_x": {"0": 2.292177002039428, "1": 2.020830694452024, "2": 4.869195345481094}, "c_res": {"0": 2.292177002039428}, "inv_c_res": 0.10890632623009143, "eta": 4.0, "_timestamp": 1683405479.2753143, "_runtime": 2918.3847732543945, "_step": 49, "_wandb": {"runtime": 2917}}