{"best_f": -7.332775650817172, "f_hat_x": -1.8803036138058127, "f_x": -134.4887116335618, "f_res": 132.60840801975598, "sum_c_x": 4.215608747140655, "cum_costs": 413.6738843533779, "E_inv_c": 0, "sum_Ec": 0, "inv_cost": 0.23721366473543726, "E_c": {"0": 0}, "c_x": {"0": 2.097698247399319, "1": 0.03318522853602146, "2": 2.084725271205314}, "c_res": {"0": 2.097698247399319}, "inv_c_res": 0.23721366473543726, "eta": 1, "_timestamp": 1683452640.2397807, "_runtime": 344.6293616294861, "_step": 29, "_wandb": {"runtime": 344}}