{"best_f": -0.8363729697650943, "f_hat_x": 6.964061939224022, "f_x": -3.7161676156525147, "f_res": 10.680229554876536, "sum_c_x": 359.8330787941934, "cum_costs": 11206.386385496602, "E_inv_c": 0, "sum_Ec": 0, "inv_cost": 0.0027790663475159554, "E_c": {"0": 0}, "c_x": {"0": 140.01263754649992, "1": 52.60284983586074, "2": 167.21759141183279}, "c_res": {"0": 140.01263754649992}, "inv_c_res": 0.0027790663475159554, "eta": 1.0, "_timestamp": 1683675424.5771873, "_runtime": 111.81117820739746, "_step": 20}