{"best_f": -5.408706259562427, "f_hat_x": 6.741012201909087, "f_x": -5.408706259562429, "f_res": 12.149718461471515, "sum_c_x": 167.72637636007218, "cum_costs": 4185.204784176979, "E_inv_c": 0.04521793099980449, "sum_Ec": 351.6960786060185, "inv_cost": 0.002832689231996101, "E_c": {"0": 140.19706232139066, "1": 45.30059734606886, "2": 166.19841893855897}, "c_x": {"0": 0.10000000149011612, "1": 0.10000000149011612, "2": 167.52637635709195}, "c_res": {"0": 0.000985699499835846, "1": 0.0016215341025329622, "2": 1.327957418532975}, "inv_c_res": 0.04238524176780839, "eta": 1.0, "_timestamp": 1683813049.7295475, "_runtime": 68.58915448188782, "_step": 2, "_wandb": {"runtime": 67}}