{"best_f": -13.60430288665907, "f_hat_x": 5.6795890866589795, "f_x": -23.51669249083753, "f_res": 29.19628157749651, "sum_c_x": 6.735425317910273, "cum_costs": 147.68677164921155, "E_inv_c": 0.14863760125817063, "sum_Ec": 6.744791715683648, "inv_cost": 0.14846872362178593, "E_c": {"0": 1.999962151210804, "1": 1.8733033902937226, "2": 2.871526174179121}, "c_x": {"0": 2.0000000000043627, "1": 1.9164311587106764, "2": 2.818994159195234}, "c_res": {"0": 3.7848793558836746e-05, "1": 0.04312776841695376, "2": 0.052532014983887265}, "inv_c_res": 0.00016887763638470665, "eta": 1.0, "_timestamp": 1683570219.6545153, "_runtime": 17.893599271774292, "_step": 1}