{"best_f": -1.8194315388892464, "f_hat_x": 2.06723815074493, "f_x": -5.790826269690279, "f_res": 7.858064420435209, "sum_c_x": 58.11585906322062, "cum_costs": 3963.8124852333117, "E_inv_c": 0.016828136683549724, "sum_Ec": 59.49995403238717, "inv_cost": 0.01720700710820023, "E_c": {"0": 2.025132660706686, "1": 2.3460031065647464, "2": 55.12881826511574}, "c_x": {"0": 2.000233309163729, "1": 2.3193220770527154, "2": 53.796303677004175}, "c_res": {"0": 0.02489935154295697, "1": 0.026681029512030996, "2": 1.3325145881115645}, "inv_c_res": 0.00037887042465050563, "eta": 1.0, "_timestamp": 1683667015.4956706, "_runtime": 4602.670214653015, "_step": 49, "_wandb": {"runtime": 4602}}