{"best_f": -2.618984857987457, "f_hat_x": 5.860372120027352, "f_x": -4.1498906553210535, "f_res": 10.010262775348405, "sum_c_x": 56.83206734090174, "cum_costs": 3756.057776481996, "E_inv_c": 0, "sum_Ec": 0, "inv_cost": 0.017595699871370073, "E_c": {"0": 0}, "c_x": {"0": 2.0009572690071833, "1": 5.30858706804291, "2": 49.522523003851646}, "c_res": {"0": 2.0009572690071833}, "inv_c_res": 0.017595699871370073, "eta": 1.0, "_timestamp": 1683668986.164489, "_runtime": 760.8246250152588, "_step": 49, "_wandb": {"runtime": 759}}