{"best_f": 0.5741994199621443, "f_hat_x": 6.463899605118986, "f_x": -137.47412814570868, "f_res": 143.93802775082767, "sum_c_x": 4.339886564935255, "cum_costs": 104.41151915895011, "E_inv_c": 0, "sum_Ec": 0, "inv_cost": 0.23042076907715642, "E_c": {"0": 0}, "c_x": {"0": 2.000000062643866, "1": 0.2098358059715817, "2": 2.130050696319807}, "c_res": {"0": 2.000000062643866}, "inv_c_res": 0.23042076907715642, "eta": 1.0, "_timestamp": 1683590777.7922845, "_runtime": 66.53643846511841, "_step": 3}