{"best_f": -39.93255805962167, "f_hat_x": 2.4994579780482473, "f_x": -71.08473914705385, "f_res": 73.5841971251021, "sum_c_x": 25.35531864543924, "cum_costs": 361.6266667341585, "E_inv_c": 0.04024356221085218, "sum_Ec": 24.892191436666685, "inv_cost": 0.03943945702216106, "E_c": {"0": 2.275923685074951, "1": 6.617938211815055, "2": 15.99832953977668}, "c_x": {"0": 2.336610429486236, "1": 7.0196729753397875, "2": 15.999035240613217}, "c_res": {"0": 0.060686744411285076, "1": 0.4017347635247326, "2": 0.0007057008365372042}, "inv_c_res": 0.0008041051886911177, "eta": 1.0, "_timestamp": 1683635478.4230187, "_runtime": 60.39091372489929, "_step": 4}