{"best_f": -9.358980942414554, "f_hat_x": 1.289311174483446, "f_x": -10.347902949060817, "f_res": 11.637214123544263, "sum_c_x": 223.3373243308082, "cum_costs": 10465.187832406971, "E_inv_c": 0, "sum_Ec": 0, "inv_cost": 0.004477531926185324, "E_c": {"0": 0}, "c_x": {"0": 129.7320706551743, "1": 63.624142954321044, "2": 29.981110721312866}, "c_res": {"0": 129.7320706551743}, "inv_c_res": 0.004477531926185324, "eta": 0.1352759542790559, "_timestamp": 1683311235.09132, "_runtime": 1550.7515859603882, "_step": 49, "_wandb": {"runtime": 1549}}