{"best_f": -7.350531818861516, "f_hat_x": 2.430348715114705, "f_x": -433.4316086806226, "f_res": 435.8619573957373, "sum_c_x": 148.72996188165584, "cum_costs": 3386.750781225182, "E_inv_c": 0, "sum_Ec": 0, "inv_cost": 0.006723594811351449, "E_c": {"0": 0}, "c_x": {"0": 65.74193196500698, "1": 52.988066389123944, "2": 29.9999635275249}, "c_res": {"0": 65.74193196500698}, "inv_c_res": 0.006723594811351449, "eta": 0.2, "_timestamp": 1683329094.2343938, "_runtime": 164.91269373893738, "_step": 11}