{"best_f": -2.3199238889312648, "f_hat_x": 1.031760567306911, "f_x": -3.8607221597170467, "f_res": 4.892482727023958, "sum_c_x": 9.452689860162867, "cum_costs": 505.12125702454705, "E_inv_c": 0.10579321515248447, "sum_Ec": 9.452495965121514, "inv_cost": 0.10578999362016203, "E_c": {"0": 6.439230039405295, "1": 0.01586156127993472, "2": 2.997404364436285}, "c_x": {"0": 6.439973396710538, "1": 0.015903791637981057, "2": 2.9968126718143475}, "c_res": {"0": 0.0007433573052431086, "1": 4.2230358046336375e-05, "2": 0.0005916926219375895}, "inv_c_res": 3.221532322433829e-06, "eta": 4.0, "_timestamp": 1683412119.8348322, "_runtime": 5143.679000139236, "_step": 49, "_wandb": {"runtime": 5142}}