{"best_f": -1.665033455222329, "f_hat_x": -0.19151448420129885, "f_x": -40.28417719315061, "f_res": 40.09266270894931, "sum_c_x": 19.457630067381814, "cum_costs": 623.8475136107428, "E_inv_c": 0, "sum_Ec": 0, "inv_cost": 0.05139372043445157, "E_c": {"0": 0}, "c_x": {"0": 2.7575181797126156, "1": 7.003316982610947, "2": 9.696794905058251}, "c_res": {"0": 2.7575181797126156}, "inv_c_res": 0.05139372043445157, "eta": 2.0, "_timestamp": 1683377328.77519, "_runtime": 4557.57555603981, "_step": 49, "_wandb": {"runtime": 4555}}