{"best_f": -2.432638230382196, "f_hat_x": 5.248015095249304, "f_x": -6.7756405952678875, "f_res": 12.023655690517192, "sum_c_x": 279.95843182617483, "cum_costs": 19372.101738433477, "E_inv_c": 0, "sum_Ec": 0, "inv_cost": 0.0035719588564522907, "E_c": {"0": 0}, "c_x": {"0": 140.54782894426614, "1": 49.410978430533305, "2": 89.99962445137537}, "c_res": {"0": 140.54782894426614}, "inv_c_res": 0.0035719588564522907, "eta": 1.0, "_timestamp": 1683684362.277039, "_runtime": 340.24690794944763, "_step": 49, "_wandb": {"runtime": 339}}