{"best_f": -2.2239208264874284, "f_hat_x": 1.1469706946739484, "f_x": -6.358720844282073, "f_res": 7.505691538956021, "sum_c_x": 12.325433605236832, "cum_costs": 390.58613861270595, "E_inv_c": 0, "sum_Ec": 0, "inv_cost": 0.08113304829901642, "E_c": {"0": 0}, "c_x": {"0": 2.404045825585005, "1": 1.737858201206504, "2": 8.183529578445324}, "c_res": {"0": 2.404045825585005}, "inv_c_res": 0.08113304829901642, "eta": 0.99, "_timestamp": 1683478349.980083, "_runtime": 824.302726984024, "_step": 12}