{"best_f": -10.353200185915387, "f_hat_x": -0.9607911955008347, "f_x": -37.106813682102384, "f_res": 36.14602248660155, "sum_c_x": 27.53334683336703, "cum_costs": 293.36868351955775, "E_inv_c": 0, "sum_Ec": 0, "inv_cost": 0.03631959478272082, "E_c": {"0": 0}, "c_x": {"0": 5.431737233580377, "1": 7.814237281637354, "2": 14.287372318149298}, "c_res": {"0": 5.431737233580377}, "inv_c_res": 0.03631959478272082, "eta": 0.01, "_timestamp": 1683477126.182628, "_runtime": 128.58712196350098, "_step": 5}