{"best_f": 65.58909388653927, "f_hat_x": 2.2016322087264744, "f_x": -102.59393049615115, "f_res": 104.79556270487763, "sum_c_x": 19.432366201233844, "cum_costs": 1263.44622264988, "E_inv_c": 0.05146013475522455, "sum_Ec": 19.432548036856794, "inv_cost": 0.0514605370053445, "E_c": {"0": 2.006702139168177, "1": 1.9396494490260203, "2": 15.486196448662595}, "c_x": {"0": 2.006702307663141, "1": 1.9395859674823441, "2": 15.48607792608836}, "c_res": {"0": 1.684949637592581e-07, "1": 6.348154367619152e-05, "2": 0.00011852257423505819}, "inv_c_res": 4.02250119956038e-07, "eta": 1.0, "_timestamp": 1683618879.8074777, "_runtime": 3764.5315647125244, "_step": 49, "_wandb": {"runtime": 3763}}