{"best_f": -1.9129755830985329, "f_hat_x": 5.402909640365755, "f_x": -5.252203272322417, "f_res": 10.655112912688171, "sum_c_x": 391.7175701363334, "cum_costs": 10348.867869125284, "E_inv_c": 0, "sum_Ec": 0, "inv_cost": 0.0025528597036174813, "E_c": {"0": 0}, "c_x": {"0": 141.66355934740125, "1": 88.32208496719856, "2": 161.73192582173357}, "c_res": {"0": 141.66355934740125}, "inv_c_res": 0.0025528597036174813, "eta": 0.029561765882869215, "_timestamp": 1683856470.753408, "_runtime": 6743.2439868450165, "_step": 39, "_wandb": {"runtime": 6742}}