{"best_f": 132.75004302353028, "f_hat_x": 7.654605965012041, "f_x": 129.8479300192428, "f_res": 122.19332405423076, "sum_c_x": 11.513088795825395, "cum_costs": 283.9037581075127, "E_inv_c": 0, "sum_Ec": 0, "inv_cost": 0.08685766415374095, "E_c": {"0": 0}, "c_x": {"0": 2.0000000001237126, "1": 7.508169324114736, "2": 2.0049194715869465}, "c_res": {"0": 2.0000000001237126}, "inv_c_res": 0.08685766415374095, "eta": 2.0, "_timestamp": 1683566769.9403956, "_runtime": 437.85132360458374, "_step": 13}