{"best_f": -3.0871482570650457, "f_hat_x": -0.19621658624943478, "f_x": -5.635475741022245, "f_res": 5.43925915477281, "sum_c_x": 198.10781678487749, "cum_costs": 14097.572236447983, "E_inv_c": 0, "sum_Ec": 0, "inv_cost": 0.005047756399667389, "E_c": {"0": 0}, "c_x": {"0": 62.146867758176406, "1": 61.86752644196034, "2": 74.09342258474075}, "c_res": {"0": 62.146867758176406}, "inv_c_res": 0.005047756399667389, "eta": 1.0, "_timestamp": 1683863757.577323, "_runtime": 164.27587890625, "_step": 39, "_wandb": {"runtime": 163}}