{"best_f": 0.04333575914894139, "f_hat_x": 0.6756677796500729, "f_x": -3.503501735020275, "f_res": 4.179169514670348, "sum_c_x": 24.557147827232136, "cum_costs": 980.900294170312, "E_inv_c": 0, "sum_Ec": 0, "inv_cost": 0.04072134138033208, "E_c": {"0": 0}, "c_x": {"0": 8.79501113837928, "1": 6.656144162508012, "2": 9.105992526344846}, "c_res": {"0": 8.79501113837928}, "inv_c_res": 0.04072134138033208, "eta": 0.2, "_timestamp": 1683384984.5920627, "_runtime": 5711.939980745316, "_step": 49, "_wandb": {"runtime": 5711}}