{"best_f": -4.009385885861423, "f_hat_x": 6.73051688281108, "f_x": -4.336778593516514, "f_res": 11.067295476327594, "sum_c_x": 316.5889907132068, "cum_costs": 14065.04643463018, "E_inv_c": 0, "sum_Ec": 0, "inv_cost": 0.0031586695347403443, "E_c": {"0": 0}, "c_x": {"0": 142.62610714414805, "1": 68.84913572612126, "2": 105.11374784293747}, "c_res": {"0": 142.62610714414805}, "inv_c_res": 0.0031586695347403443, "eta": 1.0, "_timestamp": 1683844642.3322043, "_runtime": 465.60627722740173, "_step": 31}