{"best_f": -1.9829322527092854, "f_hat_x": 3.198197634569814, "f_x": -11.49313795464425, "f_res": 14.691335589214065, "sum_c_x": 76.67250837348641, "cum_costs": 4204.2861380136665, "E_inv_c": 0, "sum_Ec": 0, "inv_cost": 0.013042484473428328, "E_c": {"0": 0}, "c_x": {"0": 2.0028840326711785, "1": 8.49387183508248, "2": 66.17575250573275}, "c_res": {"0": 2.0028840326711785}, "inv_c_res": 0.013042484473428328, "eta": 1.0, "_timestamp": 1683664643.4263413, "_runtime": 2230.7814552783966, "_step": 49, "_wandb": {"runtime": 2230}}