{"best_f": 263.25775774784967, "f_hat_x": 9.815869291012026, "f_x": 263.2148384787895, "f_res": 253.39896918777745, "sum_c_x": 89.76698235283664, "cum_costs": 6239.9197365363525, "E_inv_c": 0, "sum_Ec": 0, "inv_cost": 0.004211591010434211, "E_c": {"0": 0}, "c_x": {"0": 0.10000000149011612, "1": 0.10000000149011612, "2": 89.5669823498564}, "c_res": {"0": 80.93097582523771}, "inv_c_res": 0.004211591010434211, "eta": 1.0, "_timestamp": 1683770181.089762, "_runtime": 1315.9465820789337, "_step": 49, "_wandb": {"runtime": 1315}}