{"best_f": -5.72897998418437, "f_hat_x": 7.042082637311603, "f_x": -6.199554125840166, "f_res": 13.241636763151769, "sum_c_x": 380.5020619143478, "cum_costs": 8629.77277799392, "E_inv_c": 0, "sum_Ec": 0, "inv_cost": 0.002628106651955813, "E_c": {"0": 0}, "c_x": {"0": 139.36500319258994, "1": 87.7291734235603, "2": 153.40788529819753}, "c_res": {"0": 139.36500319258994}, "inv_c_res": 0.002628106651955813, "eta": 1.0, "_timestamp": 1683675937.419234, "_runtime": 73.43873715400696, "_step": 12}