{"best_f": 75.90553015300952, "f_hat_x": 0.12114279029082117, "f_x": 75.51499332532981, "f_res": 75.393850535039, "sum_c_x": 306.62658249639065, "cum_costs": 18475.10981970412, "E_inv_c": 0, "sum_Ec": 0, "inv_cost": 0.003261295846754484, "E_c": {"0": 0}, "c_x": {"0": 120.67883535112097, "1": 47.678136611008426, "2": 138.26961053426126}, "c_res": {"0": 120.67883535112097}, "inv_c_res": 0.003261295846754484, "eta": 0.07694497527671314, "_timestamp": 1683744139.6064205, "_runtime": 339.7210545539856, "_step": 49, "_wandb": {"runtime": 338}}