{"best_f": -1.3014842975217655, "f_hat_x": -0.671332278843339, "f_x": -3.9588936289646823, "f_res": 3.287561350121343, "sum_c_x": 222.05339147708054, "cum_costs": 12777.154915113071, "E_inv_c": 0, "sum_Ec": 0, "inv_cost": 0.0045034214219746155, "E_c": {"0": 0}, "c_x": {"0": 60.93740038022424, "1": 36.12699428384211, "2": 124.98899681301417}, "c_res": {"0": 60.93740038022424}, "inv_c_res": 0.0045034214219746155, "eta": 0.07694497527671314, "_timestamp": 1683721883.2401004, "_runtime": 6260.771104335785, "_step": 49, "_wandb": {"runtime": 6259}}