{"best_f": 173.3030410168962, "f_hat_x": 0.9269388194730754, "f_x": 9.239261601275054, "f_res": 8.312322781801978, "sum_c_x": 22.489928217667135, "cum_costs": 1420.0662835786331, "E_inv_c": 0, "sum_Ec": 0, "inv_cost": 0.04446434823275436, "E_c": {"0": 0}, "c_x": {"0": 2.020222874474503, "1": 6.032693126366225, "2": 14.437012216826407}, "c_res": {"0": 2.020222874474503}, "inv_c_res": 0.04446434823275436, "eta": 0.8, "_timestamp": 1683649536.2624366, "_runtime": 4061.8393297195435, "_step": 49, "_wandb": {"runtime": 4061}}