{"best_f": 75.86579431607417, "f_hat_x": -1.956721665406878, "f_x": 20.541307208991793, "f_res": 22.49802887439867, "sum_c_x": 457.44300673401597, "cum_costs": 15762.406626550903, "E_inv_c": 0, "sum_Ec": 0, "inv_cost": 0.0021860646797065546, "E_c": {"0": 0}, "c_x": {"0": 163.03712106955936, "1": 72.5572156764192, "2": 221.8486699880374}, "c_res": {"0": 163.03712106955936}, "inv_c_res": 0.0021860646797065546, "eta": 0.07694497527671314, "_timestamp": 1683751659.6341956, "_runtime": 4254.748862504959, "_step": 49, "_wandb": {"runtime": 4253}}