{"best_f": -1.212601495542998, "f_hat_x": 4.897803262013574, "f_x": -1.212601495542998, "f_res": 6.110404757556572, "sum_c_x": 9.239932480687763, "cum_costs": 1563.5849947196073, "E_inv_c": 0.03684432883415386, "sum_Ec": 27.141261817575753, "inv_cost": 0.036859094100246334, "E_c": {"0": 9.060935762311201, "1": 9.04177284415499, "2": 9.038553211109564}, "c_x": {"0": 0.10000000149011612, "1": 0.10000000149011612, "2": 9.03993247770753}, "c_res": {"0": 0.01232256198597348, "1": 2.8123887767961264e-05, "2": 0.0013792665979668328}, "inv_c_res": 1.476526609247436e-05, "eta": 1.0, "_timestamp": 1683767567.9224358, "_runtime": 4096.062066793442, "_step": 49, "_wandb": {"runtime": 4095}}