{"best_f": -5.481431320513623, "f_hat_x": 6.942962430471818, "f_x": -5.481431320513623, "f_res": 12.424393750985441, "sum_c_x": 167.89399221191675, "cum_costs": 4185.337904795206, "E_inv_c": 0.002838896262422102, "sum_Ec": 352.31231052722933, "inv_cost": 0.002828949089175289, "E_c": {"0": 140.16918989141945, "1": 45.62723188508459, "2": 166.51588875072525}, "c_x": {"0": 0.10000000149011612, "1": 0.10000000149011612, "2": 167.69399220893652}, "c_res": {"0": 140.06918988992933, "1": 45.527231883594474, "2": 1.1781034582112682}, "inv_c_res": 9.947173246812897e-06, "eta": 1.0, "_timestamp": 1683675929.5653238, "_runtime": 65.80555272102356, "_step": 2}