{"best_f": 111.70721291462512, "f_hat_x": 5.664766432325556, "f_x": 111.69767487077979, "f_res": 106.03290843845424, "sum_c_x": 15.384032175886853, "cum_costs": 936.8075959235614, "E_inv_c": 0, "sum_Ec": 0, "inv_cost": 0.06500246415029046, "E_c": {"0": 0}, "c_x": {"0": 2.000000283895493, "1": 7.760807871831639, "2": 5.6232240201597214}, "c_res": {"0": 2.000000283895493}, "inv_c_res": 0.06500246415029046, "eta": 1, "_timestamp": 1683545219.4902563, "_runtime": 3763.866180419922, "_step": 49, "_wandb": {"runtime": 3763}}