{"best_f": -4.095848704309189, "f_hat_x": -0.2100676513625506, "f_x": -5.519812730869093, "f_res": 5.309745079506542, "sum_c_x": 11.934015828512463, "cum_costs": 824.334887444853, "E_inv_c": 0, "sum_Ec": 0, "inv_cost": 0.08379409030201083, "E_c": {"0": 0}, "c_x": {"0": 2.243856527598868, "1": 2.1092645675696824, "2": 7.5808947333439125}, "c_res": {"0": 2.243856527598868}, "inv_c_res": 0.08379409030201083, "eta": 1.6, "_timestamp": 1683394763.8606553, "_runtime": 4970.780246257782, "_step": 49, "_wandb": {"runtime": 4969}}