{"best_f": -7.544881878455517, "f_hat_x": 7.23310638526653, "f_x": -7.639221300857795, "f_res": 14.872327686124326, "sum_c_x": 158.59202645146553, "cum_costs": 4519.030840507245, "E_inv_c": 0, "sum_Ec": 0, "inv_cost": 0.003319719462425858, "E_c": {"0": 0}, "c_x": {"0": 0.10000000149011612, "1": 50.185708084026786, "2": 108.30631836594861}, "c_res": {"0": 142.73824656509987}, "inv_c_res": 0.003319719462425858, "eta": 0.7748409780000003, "_timestamp": 1683837098.6564667, "_runtime": 346.0899136066437, "_step": 8}