{"best_f": 127.02654514760793, "f_hat_x": 7.395717629400022, "f_x": 126.58883314667288, "f_res": 119.19311551727286, "sum_c_x": 11.801673738593216, "cum_costs": 717.4000383351673, "E_inv_c": 0, "sum_Ec": 0, "inv_cost": 0.08473374388667027, "E_c": {"0": 0}, "c_x": {"0": 2.0000000002232534, "1": 7.73131921835674, "2": 2.070354520013221}, "c_res": {"0": 2.0000000002232534}, "inv_c_res": 0.08473374388667027, "eta": 1, "_timestamp": 1683543997.7641323, "_runtime": 2542.073915243149, "_step": 49, "_wandb": {"runtime": 2541}}