{"best_f": -0.6997411626180534, "f_hat_x": -0.1817642743750173, "f_x": -2.4930552595423965, "f_res": 2.3112909851673793, "sum_c_x": 216.64790691214426, "cum_costs": 12012.949051819693, "E_inv_c": 0, "sum_Ec": 0, "inv_cost": 0.004615784266060429, "E_c": {"0": 0}, "c_x": {"0": 92.76455408956872, "1": 39.02076556653506, "2": 84.86258725604047}, "c_res": {"0": 92.76455408956872}, "inv_c_res": 0.004615784266060429, "eta": 1.0, "_timestamp": 1683863787.3778918, "_runtime": 194.1542317867279, "_step": 39, "_wandb": {"runtime": 193}}