{"best_f": -1.6462702986899385, "f_hat_x": -1.2414092734996505, "f_x": -11.528099858244062, "f_res": 10.286690584744411, "sum_c_x": 291.8414011505888, "cum_costs": 21262.881466910843, "E_inv_c": 0, "sum_Ec": 0, "inv_cost": 0.0034265186366892633, "E_c": {"0": 0}, "c_x": {"0": 137.44524409262348, "1": 54.82180167954951, "2": 99.57435537841579}, "c_res": {"0": 137.44524409262348}, "inv_c_res": 0.0034265186366892633, "eta": 1.0, "_timestamp": 1683823263.501295, "_runtime": 766.4852051734924, "_step": 49, "_wandb": {"runtime": 765}}