{"best_f": -4.593350622901097, "f_hat_x": 4.957598949553156, "f_x": -5.7180397661126925, "f_res": 10.675638715665848, "sum_c_x": 144.06202791076333, "cum_costs": 8153.889102574554, "E_inv_c": 0, "sum_Ec": 0, "inv_cost": 0.006941454417255824, "E_c": {"0": 0}, "c_x": {"0": 36.65540428533609, "1": 76.74297191039621, "2": 30.66365171503103}, "c_res": {"0": 36.65540428533609}, "inv_c_res": 0.006941454417255824, "eta": 1.0, "_timestamp": 1683295824.8089783, "_runtime": 3200.666222333908, "_step": 49, "_wandb": {"runtime": 3199}}