{"best_f": -8.785944216372332, "f_hat_x": 8.96593673672418, "f_x": -8.785944216372332, "f_res": 17.75188095309651, "sum_c_x": 127.08525923030857, "cum_costs": 4134.259487935691, "E_inv_c": 0, "sum_Ec": 0, "inv_cost": 0.002920499446190693, "E_c": {"0": 0}, "c_x": {"0": 0.10000000149011612, "1": 0.10000000149011612, "2": 126.88525922732833}, "c_res": {"0": 142.00588389618065}, "inv_c_res": 0.002920499446190693, "eta": 1.0, "_timestamp": 1683822376.1264598, "_runtime": 46.95843577384949, "_step": 2, "_wandb": {"runtime": 46}}