{"best_f": -0.5236306388669052, "f_hat_x": -0.5937463262828016, "f_x": -7.412542306731057, "f_res": 6.818795980448256, "sum_c_x": 18.68860459527763, "cum_costs": 882.9656841228993, "E_inv_c": 0.05466263285044737, "sum_Ec": 18.671139735133856, "inv_cost": 0.05350854286106985, "E_c": {"0": 3.3369034425344974, "1": 8.470833550230132, "2": 6.8634027423692245}, "c_x": {"0": 3.337223259178063, "1": 8.485068461251734, "2": 6.8663128748478375}, "c_res": {"0": 0.00031981664356539596, "1": 0.014234911021601349, "2": 0.0029101324786129368}, "inv_c_res": 0.0011540899893775214, "eta": 1.0, "_timestamp": 1683503689.1766262, "_runtime": 2999.8809702396393, "_step": 49, "_wandb": {"runtime": 2999}}