{"best_f": 195.38351951494562, "f_hat_x": 2.752879174727394, "f_x": 195.36977302409258, "f_res": 192.6168938493652, "sum_c_x": 25.74290017500877, "cum_costs": 1547.7683023146055, "E_inv_c": 0.03884565151369789, "sum_Ec": 25.742907229666812, "inv_cost": 0.03884566203503367, "E_c": {"0": 2.000537181992139, "1": 7.744531593531215, "2": 15.997838454143457}, "c_x": {"0": 2.0005365731750686, "1": 7.744545190906858, "2": 15.997818410926842}, "c_res": {"0": 6.088170705353946e-07, "1": 1.359737564321506e-05, "2": 2.0043216615306392e-05}, "inv_c_res": 1.052133578177683e-08, "eta": 2.0, "_timestamp": 1683580677.3285632, "_runtime": 2386.5224993228912, "_step": 49, "_wandb": {"runtime": 2385}}