{"best_f": -0.9363745202288036, "f_hat_x": -0.280651899266944, "f_x": -3.183649707766463, "f_res": 2.902997808499519, "sum_c_x": 6.595224592955536, "cum_costs": 614.8426178932797, "E_inv_c": 0, "sum_Ec": 0, "inv_cost": 0.15162485915462467, "E_c": {"0": 0}, "c_x": {"0": 3.166679665132073, "1": 0.3576952921491062, "2": 3.0708496356743566}, "c_res": {"0": 3.166679665132073}, "inv_c_res": 0.15162485915462467, "eta": 2.0, "_timestamp": 1683377318.7357836, "_runtime": 4547.453691482544, "_step": 49, "_wandb": {"runtime": 4545}}