{"best_f": -3.9866250210880008, "f_hat_x": 3.232318981663725, "f_x": -3.9866250210880008, "f_res": 7.218944002751726, "sum_c_x": 210.66321248223238, "cum_costs": 11053.283986652463, "E_inv_c": 0.002855767309784292, "sum_Ec": 350.1702420113065, "inv_cost": 0.002851184816005145, "E_c": {"0": 140.16821036468028, "1": 76.27505062180425, "2": 133.72698102482198}, "c_x": {"0": 0.10000000149011612, "1": 76.27554372340497, "2": 134.28766875733731}, "c_res": {"0": 140.06821036319016, "1": 0.0004931016007105882, "2": 0.5606877325153334}, "inv_c_res": 4.582493779146848e-06, "eta": 1.0, "_timestamp": 1683680042.9673088, "_runtime": 3644.6951496601105, "_step": 49, "_wandb": {"runtime": 3644}}