{"best_f": 77.67076923741774, "f_hat_x": -0.12651454353770872, "f_x": 72.23394957935167, "f_res": 72.36046412288938, "sum_c_x": 304.71182664027856, "cum_costs": 16311.492858299931, "E_inv_c": 0, "sum_Ec": 0, "inv_cost": 0.0032817892597930896, "E_c": {"0": 0}, "c_x": {"0": 134.44878755645067, "1": 45.1562194226764, "2": 125.10681966115152}, "c_res": {"0": 134.44878755645067}, "inv_c_res": 0.0032817892597930896, "eta": 0.07694497527671314, "_timestamp": 1683744217.2030613, "_runtime": 417.49298334121704, "_step": 49, "_wandb": {"runtime": 416}}