{"best_f": 192.64018159032491, "f_hat_x": 2.6024760571179386, "f_x": 192.64018159032491, "f_res": 190.03770553320697, "sum_c_x": 25.542776010479724, "cum_costs": 1536.932774710145, "E_inv_c": 0, "sum_Ec": 0, "inv_cost": 0.03915001249628148, "E_c": {"0": 0}, "c_x": {"0": 2.0027920054579846, "1": 7.542153257863862, "2": 15.997830747157877}, "c_res": {"0": 2.0027920054579846}, "inv_c_res": 0.03915001249628148, "eta": 5.0, "_timestamp": 1683589321.734694, "_runtime": 1016.6865119934082, "_step": 49, "_wandb": {"runtime": 1015}}