{"best_f": -2.1037453449613848, "f_hat_x": -0.44287039476380285, "f_x": -9.590858966124024, "f_res": 9.147988571360221, "sum_c_x": 14.465290912933046, "cum_costs": 913.3384658409569, "E_inv_c": 0.06909607700270015, "sum_Ec": 14.472771479417922, "inv_cost": 0.06913099819554445, "E_c": {"0": 9.099607967966866, "1": 1.9217087661570404, "2": 3.451454745294014}, "c_x": {"0": 9.099694784292105, "1": 1.9212354701417507, "2": 3.4443606584991917}, "c_res": {"0": 8.681632523810379e-05, "1": 0.0004732960152897814, "2": 0.007094086794822374}, "inv_c_res": 3.4921192844303284e-05, "eta": 2.0, "_timestamp": 1683417313.049331, "_runtime": 4644.7718069553375, "_step": 49, "_wandb": {"runtime": 4644}}