{"best_f": 72.63173937860086, "f_hat_x": -0.5558685326972181, "f_x": 58.67918136443003, "f_res": 59.23504989712725, "sum_c_x": 367.5636638255126, "cum_costs": 19286.122781838516, "E_inv_c": 0, "sum_Ec": 0, "inv_cost": 0.002720617129539533, "E_c": {"0": 0}, "c_x": {"0": 86.41313921324583, "1": 50.37533381319603, "2": 230.77519079907074}, "c_res": {"0": 86.41313921324583}, "inv_c_res": 0.002720617129539533, "eta": 4.0, "_timestamp": 1683743902.1170695, "_runtime": 102.35118246078491, "_step": 49, "_wandb": {"runtime": 101}}