{"best_f": 65.74119557687902, "f_hat_x": 1.245563562996134, "f_x": 45.63744640978948, "f_res": 44.39188284679335, "sum_c_x": 20.443768879146127, "cum_costs": 1161.897447548598, "E_inv_c": 0, "sum_Ec": 0, "inv_cost": 0.048914659812069196, "E_c": {"0": 0}, "c_x": {"0": 2.8063527026882973, "1": 1.6378186707556313, "2": 15.999597505702198}, "c_res": {"0": 2.8063527026882973}, "inv_c_res": 0.048914659812069196, "eta": 0.8, "_timestamp": 1683634496.1222515, "_runtime": 5837.430411577225, "_step": 49, "_wandb": {"runtime": 5836}}