{"best_f": -0.6505361431901984, "f_hat_x": 6.8494520506290595, "f_x": -0.6505361431901984, "f_res": 7.499988193819258, "sum_c_x": 90.40543789795052, "cum_costs": 4793.827839399774, "E_inv_c": 0.011062270374598232, "sum_Ec": 90.39750781316512, "inv_cost": 0.011061281525219733, "E_c": {"0": 21.237927382075636, "1": 63.24444221988786, "2": 5.91513821120162}, "c_x": {"0": 21.24398920116688, "1": 63.24645997571223, "2": 5.91498872107141}, "c_res": {"0": 0.006061819091243592, "1": 0.0020177558243688054, "2": 0.00014949013021059443}, "inv_c_res": 9.888493784984687e-07, "eta": 1.0, "_timestamp": 1683296612.4509254, "_runtime": 3988.5439093112946, "_step": 28}