{"best_f": -2.8846577447278223, "f_hat_x": -0.586694451133305, "f_x": -3.8161517796709656, "f_res": 3.2294573285376607, "sum_c_x": 25.12509932471438, "cum_costs": 1407.1817708176466, "E_inv_c": 0, "sum_Ec": 0, "inv_cost": 0.03980083768331005, "E_c": {"0": 0}, "c_x": {"0": 8.047516926020531, "1": 8.007973553175656, "2": 9.069608845518193}, "c_res": {"0": 8.047516926020531}, "inv_c_res": 0.03980083768331005, "eta": 0.1352759542790559, "_timestamp": 1683492868.8603485, "_runtime": 14302.225419521332, "_step": 49, "_wandb": {"runtime": 14301}}