{"best_f": -2.8831558979884724, "f_hat_x": 10.171571798028872, "f_x": -4.636953547905971, "f_res": 14.808525345934843, "sum_c_x": 339.2963987746855, "cum_costs": 10381.052167474934, "E_inv_c": 0, "sum_Ec": 0, "inv_cost": 0.002947275608026904, "E_c": {"0": 0}, "c_x": {"0": 140.00537782110067, "1": 82.69667540706997, "2": 116.5943455465148}, "c_res": {"0": 140.00537782110067}, "inv_c_res": 0.002947275608026904, "eta": 0.5140486262604124, "_timestamp": 1683858040.7860615, "_runtime": 8313.308580636978, "_step": 39, "_wandb": {"runtime": 8312}}