{"best_f": -1.2518979760941047, "f_hat_x": -1.6853715055052052, "f_x": -10.600398052787616, "f_res": 8.91502654728241, "sum_c_x": 24.42623962694011, "cum_costs": 1227.617262079713, "E_inv_c": 0.04088410965520241, "sum_Ec": 24.46198799053177, "inv_cost": 0.040939580355917056, "E_c": {"0": 8.866444723787936, "1": 6.444024670314308, "2": 9.151518596429527}, "c_x": {"0": 8.866250023375434, "1": 6.448791363994679, "2": 9.111198239569996}, "c_res": {"0": 0.0001947004125018026, "1": 0.00476669368037097, "2": 0.040320356859531614}, "inv_c_res": 5.5470700714647936e-05, "eta": 2.0, "_timestamp": 1683416054.9298453, "_runtime": 3386.6822884082794, "_step": 49, "_wandb": {"runtime": 3385}}