{"best_f": -7.125215047939291, "f_hat_x": 0.4127029561105272, "f_x": -25.209783723106273, "f_res": 25.622486679216802, "sum_c_x": 8.050698215915393, "cum_costs": 337.7068652598309, "E_inv_c": 0, "sum_Ec": 0, "inv_cost": 0.12421282889763574, "E_c": {"0": 0}, "c_x": {"0": 2.3519662098364833, "1": 0.001620518084095468, "2": 5.697111487994814}, "c_res": {"0": 2.3519662098364833}, "inv_c_res": 0.12421282889763574, "eta": 1, "_timestamp": 1683452625.3208363, "_runtime": 329.21839332580566, "_step": 11}