{"best_f": 76.783964785034, "f_hat_x": -0.8581491200450778, "f_x": 68.0546638941899, "f_res": 68.91281301423498, "sum_c_x": 190.93581807264235, "cum_costs": 12581.98640693756, "E_inv_c": 0.0034925766082280338, "sum_Ec": 286.32779759887205, "inv_cost": 0.0034934680382993884, "E_c": {"0": 95.40911938201013, "1": 61.47384478197689, "2": 129.44483343488503}, "c_x": {"0": 0.10000000149011612, "1": 61.399502815447576, "2": 129.43631525570464}, "c_res": {"0": 0.0035666226893198427, "1": 0.07434196652931035, "2": 0.008518179180384777}, "inv_c_res": 8.914300713546569e-07, "eta": 1.0, "_timestamp": 1683731361.5589314, "_runtime": 2563.4311923980713, "_step": 49, "_wandb": {"runtime": 2562}}