{"best_f": -7.789096707781155, "f_hat_x": 7.97032826961115, "f_x": -7.789096707781155, "f_res": 15.759424977392305, "sum_c_x": 301.61141073926916, "cum_costs": 3646.0590139156197, "E_inv_c": 0, "sum_Ec": 0, "inv_cost": 0.0033155244277692777, "E_c": {"0": 0}, "c_x": {"0": 140.56824508156012, "1": 56.532232530650646, "2": 104.5109331270584}, "c_res": {"0": 140.56824508156012}, "inv_c_res": 0.0033155244277692777, "eta": 1.0, "_timestamp": 1683813742.0845115, "_runtime": 30.82015562057495, "_step": 0, "_wandb": {"runtime": 39}}