{"best_f": -3.075726436217761, "f_hat_x": 0.3401515084194902, "f_x": -10.934797181065278, "f_res": 11.274948689484768, "sum_c_x": 18.901355754606676, "cum_costs": 796.4970381948793, "E_inv_c": 0, "sum_Ec": 0, "inv_cost": 0.052906257782925334, "E_c": {"0": 0}, "c_x": {"0": 9.988710509561377, "1": 2.1057551352215573, "2": 6.806890109823744}, "c_res": {"0": 9.988710509561377}, "inv_c_res": 0.052906257782925334, "eta": 0.11598222130000553, "_timestamp": 1683510622.39316, "_runtime": 4826.074652194977, "_step": 41}