{"best_f": 63.42658095389545, "f_hat_x": 1.3153797838076544, "f_x": 27.236799807731614, "f_res": 25.92142002392396, "sum_c_x": 17.152610825558938, "cum_costs": 1208.8040092170418, "E_inv_c": 0.05829875209431977, "sum_Ec": 17.15312226720492, "inv_cost": 0.05830016259156943, "E_c": {"0": 2.113612028583605, "1": 0.8455015323357583, "2": 14.194008706285556}, "c_x": {"0": 2.113594381647455, "1": 0.8454752795170779, "2": 14.193541164394404}, "c_res": {"0": 1.764693615013968e-05, "1": 2.6252818680405632e-05, "2": 0.00046754189115283395}, "inv_c_res": 1.4104972496584156e-06, "eta": 1.0, "_timestamp": 1683618660.9354064, "_runtime": 3549.520990371704, "_step": 49, "_wandb": {"runtime": 3548}}