{"best_f": -1.0850789242565824, "f_hat_x": 0.8901360223101155, "f_x": -22.657139830233525, "f_res": 23.547275852543642, "sum_c_x": 8.797966073563714, "cum_costs": 544.3444624960066, "E_inv_c": 0, "sum_Ec": 0, "inv_cost": 0.1136626342541622, "E_c": {"0": 0}, "c_x": {"0": 2.0000060575438274, "1": 1.9840663332370756, "2": 4.81389368278281}, "c_res": {"0": 2.0000060575438274}, "inv_c_res": 0.1136626342541622, "eta": 1.0, "_timestamp": 1683592329.2087748, "_runtime": 1450.469430923462, "_step": 49, "_wandb": {"runtime": 1449}}