{"best_f": -6.48361375842569, "f_hat_x": 0.763406197135411, "f_x": -15.655755814566053, "f_res": 16.419162011701463, "sum_c_x": 320.2626171865345, "cum_costs": 17920.54811835906, "E_inv_c": 0, "sum_Ec": 0, "inv_cost": 0.003122437482041676, "E_c": {"0": 0}, "c_x": {"0": 154.6515606554393, "1": 47.90763239700216, "2": 117.70342413409307}, "c_res": {"0": 154.6515606554393}, "inv_c_res": 0.003122437482041676, "eta": 1.0, "_timestamp": 1683675824.0743818, "_runtime": 114.86093473434448, "_step": 41}