{"best_f": -1.2342394311079854, "f_hat_x": -2.4034156708974823, "f_x": -86.70882342069879, "f_res": 84.3054077498013, "sum_c_x": 26.334854125289887, "cum_costs": 1090.574446845054, "E_inv_c": 0, "sum_Ec": 0, "inv_cost": 0.037972490572472165, "E_c": {"0": 0}, "c_x": {"0": 2.17590253415593, "1": 8.994217649981628, "2": 15.164733941152328}, "c_res": {"0": 2.17590253415593}, "inv_c_res": 0.037972490572472165, "eta": 5.497558138880011e-28, "_timestamp": 1683334558.2934706, "_runtime": 4816.222411632538, "_step": 49, "_wandb": {"runtime": 4815}}