{"best_f": 196.63052369655455, "f_hat_x": 3.087899634927349, "f_x": 196.55819203697257, "f_res": 193.47029240204523, "sum_c_x": 26.93467947240629, "cum_costs": 1572.399356870741, "E_inv_c": 0, "sum_Ec": 0, "inv_cost": 0.03712685725569772, "E_c": {"0": 0}, "c_x": {"0": 3.142138349877758, "1": 7.794916272642905, "2": 15.997624849885629}, "c_res": {"0": 3.142138349877758}, "inv_c_res": 0.03712685725569772, "eta": 1.0, "_timestamp": 1683581523.3221216, "_runtime": 3227.3815166950226, "_step": 49, "_wandb": {"runtime": 3226}}