{"best_f": -1.6474526501768758, "f_hat_x": -0.8412447753411298, "f_x": -6.747342484876764, "f_res": 5.906097709535635, "sum_c_x": 249.77747962014905, "cum_costs": 17179.56061106646, "E_inv_c": 0, "sum_Ec": 0, "inv_cost": 0.004003563497881224, "E_c": {"0": 0}, "c_x": {"0": 85.30289016398001, "1": 39.55534628843523, "2": 124.91924316773381}, "c_res": {"0": 85.30289016398001}, "inv_c_res": 0.004003563497881224, "eta": 1.0, "_timestamp": 1683687795.3641958, "_runtime": 254.42769384384155, "_step": 49, "_wandb": {"runtime": 253}}