{"best_f": -0.2119752802435182, "f_hat_x": 1.3632563339470007, "f_x": -2.9875634133563373, "f_res": 4.350819747303338, "sum_c_x": 258.379890704349, "cum_costs": 12152.415877589281, "E_inv_c": 0, "sum_Ec": 0, "inv_cost": 0.0038702702337785615, "E_c": {"0": 0}, "c_x": {"0": 114.04927837524004, "1": 83.70328537659874, "2": 60.62732695251022}, "c_res": {"0": 114.04927837524004}, "inv_c_res": 0.0038702702337785615, "eta": 1.0, "_timestamp": 1683863791.832136, "_runtime": 198.65872192382812, "_step": 39, "_wandb": {"runtime": 197}}