{"best_f": 116.28689495894177, "f_hat_x": 5.518284040000825, "f_x": 115.47360137412814, "f_res": 109.95531733412732, "sum_c_x": 13.625391752457574, "cum_costs": 921.7321969691473, "E_inv_c": 0, "sum_Ec": 0, "inv_cost": 0.07339238520020042, "E_c": {"0": 0}, "c_x": {"0": 2.000000000005069, "1": 7.780683340324329, "2": 3.844708412128175}, "c_res": {"0": 2.000000000005069}, "inv_c_res": 0.07339238520020042, "eta": 1.0, "_timestamp": 1683539185.0284832, "_runtime": 5357.362818241119, "_step": 49, "_wandb": {"runtime": 5356}}