{"best_f": -3.1322088988949703, "f_hat_x": -0.13632348850370124, "f_x": -3.349733094224086, "f_res": 3.2134096057203845, "sum_c_x": 104.03632943191252, "cum_costs": 9543.8675517081, "E_inv_c": 0, "sum_Ec": 0, "inv_cost": 0.003136951263744199, "E_c": {"0": 0}, "c_x": {"0": 0.10000000149011612, "1": 0.10000000149011612, "2": 103.83632942893229}, "c_res": {"0": 176.3232897921298}, "inv_c_res": 0.003136951263744199, "eta": 1.0, "_timestamp": 1683690569.7643845, "_runtime": 3028.8557455539703, "_step": 49, "_wandb": {"runtime": 3028}}