{"best_f": 1.0262760100217327, "f_hat_x": -0.9360828172985028, "f_x": -3.2760477871491327, "f_res": 2.3399649698506297, "sum_c_x": 15.360326518693135, "cum_costs": 619.7264346263821, "E_inv_c": 0.07722446909199214, "sum_Ec": 18.19676974412794, "inv_cost": 0.06510278272945727, "E_c": {"0": 2.984626309765319, "1": 11.784790812353263, "2": 3.427352622009359}, "c_x": {"0": 2.9845305798196504, "1": 8.947276476563475, "2": 3.4285194623100095}, "c_res": {"0": 9.572994566875437e-05, "1": 2.8375143357897876, "2": 0.0011668403006503958}, "inv_c_res": 0.01212168636253487, "eta": 3.0, "_timestamp": 1683412615.7840638, "_runtime": 5644.605175733566, "_step": 49, "_wandb": {"runtime": 5643}}