{"best_f": -0.33900481753636774, "f_hat_x": 1.4730001302671794, "f_x": -1.3485847234687338, "f_res": 2.821584853735913, "sum_c_x": 4.563083388228489, "cum_costs": 425.7784756634109, "E_inv_c": 0.21037582199596896, "sum_Ec": 4.7983613925963216, "inv_cost": 0.21915006036920723, "E_c": {"0": 2.0000510719284517, "1": 0.5875008062389675, "2": 2.210809514428903}, "c_x": {"0": 2.0000463214834454, "1": 0.3512359961916367, "2": 2.211801070553407}, "c_res": {"0": 4.75044500625188e-06, "1": 0.2362648100473308, "2": 0.0009915561245041893}, "inv_c_res": 0.008774238373238263, "eta": 1.0, "_timestamp": 1683594693.9140208, "_runtime": 3815.203652858734, "_step": 49, "_wandb": {"runtime": 3814}}