{"best_f": -2.485629377490467, "f_hat_x": 6.32726868795548, "f_x": -2.9100060514347352, "f_res": 9.237274739390216, "sum_c_x": 56.0707609742215, "cum_costs": 3781.408304486966, "E_inv_c": 0, "sum_Ec": 0, "inv_cost": 0.01783460724672079, "E_c": {"0": 0}, "c_x": {"0": 2.0008041731925417, "1": 4.495724135130523, "2": 49.574232665898435}, "c_res": {"0": 2.0008041731925417}, "inv_c_res": 0.01783460724672079, "eta": 1.0, "_timestamp": 1683664453.197279, "_runtime": 2040.5673689842224, "_step": 49, "_wandb": {"runtime": 2039}}