{"best_f": -4.7180502205830255, "f_hat_x": -0.8590579016259089, "f_x": -27.905075307018418, "f_res": 27.046017405392508, "sum_c_x": 7.27672692656884, "cum_costs": 432.3751943473249, "E_inv_c": 0, "sum_Ec": 0, "inv_cost": 0.13742442310825112, "E_c": {"0": 0}, "c_x": {"0": 2.039749004524296, "1": 2.1210494821419656, "2": 3.1159284399025786}, "c_res": {"0": 2.039749004524296}, "inv_c_res": 0.13742442310825112, "eta": 0.95, "_timestamp": 1683478392.718328, "_runtime": 866.9835550785065, "_step": 14}