{"best_f": -1.2564584059169548, "f_hat_x": -1.078737062669812, "f_x": -1.2564584059169548, "f_res": 0.17772134324714273, "sum_c_x": 14.671762760326743, "cum_costs": 954.6614934570495, "E_inv_c": 0, "sum_Ec": 0, "inv_cost": 0.06815813589244063, "E_c": {"0": 0}, "c_x": {"0": 2.9691408258314285, "1": 7.05599762613774, "2": 4.646624308357573}, "c_res": {"0": 2.9691408258314285}, "inv_c_res": 0.06815813589244063, "eta": 0.2, "_timestamp": 1683385415.3788567, "_runtime": 6142.816925764084, "_step": 49, "_wandb": {"runtime": 6142}}