{"best_f": -15.533015094342845, "f_hat_x": 8.229527800025222, "f_x": -15.89963267965841, "f_res": 24.129160479683634, "sum_c_x": 51.642517338792835, "cum_costs": 690.620996848928, "E_inv_c": 0.01937599080898823, "sum_Ec": 51.65375147654382, "inv_cost": 0.019363889514518687, "E_c": {"0": 2.0000157099850417, "1": 0.2352697932897474, "2": 49.41846597326903}, "c_x": {"0": 2.0000112999113133, "1": 0.25955575905407846, "2": 49.38295027982744}, "c_res": {"0": 4.410073728422503e-06, "1": 0.024285965764331063, "2": 0.03551569344158878}, "inv_c_res": 1.2101294469542972e-05, "eta": 2.0, "_timestamp": 1683667951.457261, "_runtime": 19.655968189239502, "_step": 0, "_wandb": {"runtime": 31}}