{"best_f": -7.97533575070194, "f_hat_x": 7.891207253416411, "f_x": -7.97533575070194, "f_res": 15.866543004118352, "sum_c_x": 349.0144076491464, "cum_costs": 6029.90349663436, "E_inv_c": 0, "sum_Ec": 0, "inv_cost": 0.0028652112293463534, "E_c": {"0": 0}, "c_x": {"0": 139.95362872171918, "1": 74.96587270153715, "2": 134.09490622589004}, "c_res": {"0": 139.95362872171918}, "inv_c_res": 0.0028652112293463534, "eta": 1.0, "_timestamp": 1683841006.2653081, "_runtime": 19.05810022354126, "_step": 6}