{"best_f": 0.7762276845688707, "f_hat_x": -0.5140023946655073, "f_x": -3.257617197795633, "f_res": 2.7436148031301255, "sum_c_x": 16.43222449820323, "cum_costs": 975.0609498761937, "E_inv_c": 0.059549131975963156, "sum_Ec": 17.019084824552685, "inv_cost": 0.06085603322358116, "E_c": {"0": 7.526663817377681, "1": 2.507317693260763, "2": 6.985103313914243}, "c_x": {"0": 7.497474191694939, "1": 1.949159271528624, "2": 6.985591034979667}, "c_res": {"0": 0.029189625682742637, "1": 0.5581584217321391, "2": 0.00048772106542394056}, "inv_c_res": 0.0013069012476180017, "eta": 0.1352759542790559, "_timestamp": 1683497964.1990197, "_runtime": 4898.786702632904, "_step": 49, "_wandb": {"runtime": 4897}}