{"best_f": -24.757483856903157, "f_hat_x": 15.501191772786086, "f_x": -24.757483856903157, "f_res": 40.25867562968924, "sum_c_x": 10.238242035147374, "cum_costs": 856.5458019406154, "E_inv_c": 0, "sum_Ec": 0, "inv_cost": 0.023646484414349984, "E_c": {"0": 0}, "c_x": {"0": 0.10000000149011612, "1": 0.10000000149011612, "2": 10.038242032167142}, "c_res": {"0": 12.054405026864092}, "inv_c_res": 0.023646484414349984, "eta": 1.0, "_timestamp": 1683805231.1258664, "_runtime": 33.38052034378052, "_step": 1}