{"best_f": 76.95805603571053, "f_hat_x": -0.20149796946956172, "f_x": 72.59891641419088, "f_res": 72.80041438366044, "sum_c_x": 263.63972797712233, "cum_costs": 13300.131230923245, "E_inv_c": 0.0026914640402001975, "sum_Ec": 371.54547769043654, "inv_cost": 0.0026912312148866923, "E_c": {"0": 108.0410445616811, "1": 57.90958889007425, "2": 205.59484423868116}, "c_x": {"0": 0.10000000149011612, "1": 57.91630335340592, "2": 205.62342462222628}, "c_res": {"0": 0.003631759350682273, "1": 0.006714463331675802, "2": 0.028580383545119048}, "inv_c_res": 2.328253135052208e-07, "eta": 0.6050060671375365, "_timestamp": 1683757471.298427, "_runtime": 4595.279021024704, "_step": 49, "_wandb": {"runtime": 4594}}