{"best_f": 192.6989152916661, "f_hat_x": 2.901269054082657, "f_x": 190.92147422993858, "f_res": 188.02020517585592, "sum_c_x": 25.582720546187925, "cum_costs": 1532.509801120245, "E_inv_c": 0, "sum_Ec": 0, "inv_cost": 0.03908888416283036, "E_c": {"0": 0}, "c_x": {"0": 2.0452450284641426, "1": 7.542153257863862, "2": 15.995322259859922}, "c_res": {"0": 2.0452450284641426}, "inv_c_res": 0.03908888416283036, "eta": 8.0, "_timestamp": 1683590529.5557601, "_runtime": 984.4389450550079, "_step": 49, "_wandb": {"runtime": 983}}