{"best_f": -15.032504095489848, "f_hat_x": 6.478921829339612, "f_x": -15.032504095489848, "f_res": 21.51142592482946, "sum_c_x": 4.066918713158408, "cum_costs": 402.5403484976029, "E_inv_c": 0.1316776436627393, "sum_Ec": 7.705440434902696, "inv_cost": 0.24588639963826334, "E_c": {"0": 2.0000124830372137, "1": 0.1100644307591624, "2": 5.59536352110632}, "c_x": {"0": 2.000012455296962, "1": 0.13524367884800048, "2": 1.9316625790134463}, "c_res": {"0": 2.7740251873353827e-08, "1": 0.025179248088838077, "2": 3.6637009420928734}, "inv_c_res": 0.11420875597552405, "eta": 1.0, "_timestamp": 1683660460.4400554, "_runtime": 63.97459435462952, "_step": 5}