{"best_f": -1.6687802313419982, "f_hat_x": -0.28718446773694, "f_x": -2.260546800299403, "f_res": 1.973362332562463, "sum_c_x": 9.472450362813412, "cum_costs": 916.2641743510677, "E_inv_c": 0, "sum_Ec": 0, "inv_cost": 0.10556930484700794, "E_c": {"0": 0}, "c_x": {"0": 2.220203153676815, "1": 2.811769767915054, "2": 4.4404774412215415}, "c_res": {"0": 2.220203153676815}, "inv_c_res": 0.10556930484700794, "eta": 0.6757290490602831, "_timestamp": 1683490035.397729, "_runtime": 11468.60340499878, "_step": 49, "_wandb": {"runtime": 11467}}