{"best_f": -2.864757466356418, "f_hat_x": 4.7698276268255855, "f_x": -5.044989681943262, "f_res": 9.814817308768848, "sum_c_x": 147.2401457052683, "cum_costs": 11262.721088067574, "E_inv_c": 0.07474988288930337, "sum_Ec": 284.5698772382149, "inv_cost": 0.003482619383986969, "E_c": {"0": 139.9969297858133, "1": 47.96242285219069, "2": 96.61052460021085}, "c_x": {"0": 0.10000000149011612, "1": 50.53036059603357, "2": 96.60978510774461}, "c_res": {"0": 0.003116917877690639, "1": 2.567937743842876, "2": 0.0007394924662378344}, "inv_c_res": 0.0712672635053164, "eta": 1.0, "_timestamp": 1683828328.1898532, "_runtime": 5831.193875074387, "_step": 49, "_wandb": {"runtime": 5830}}