{"best_f": -5.462505991709925, "f_hat_x": 6.88256598514564, "f_x": -6.071230182815826, "f_res": 12.953796167961467, "sum_c_x": 359.3846750515488, "cum_costs": 4514.913335597984, "E_inv_c": 0, "sum_Ec": 0, "inv_cost": 0.002782533784604376, "E_c": {"0": 0}, "c_x": {"0": 140.5310576339444, "1": 50.97905037281262, "2": 167.87456704479177}, "c_res": {"0": 140.5310576339444}, "inv_c_res": 0.002782533784604376, "eta": 1.0, "_timestamp": 1683811623.967371, "_runtime": 50.07554602622986, "_step": 2, "_wandb": {"runtime": 49}}