{"best_f": -0.9125519091168319, "f_hat_x": -2.33335996246929, "f_x": -16.114062622626893, "f_res": 13.780702660157603, "sum_c_x": 17.193216328813147, "cum_costs": 1054.9884256806827, "E_inv_c": 0, "sum_Ec": 0, "inv_cost": 0.058162474133717265, "E_c": {"0": 0}, "c_x": {"0": 2.0346479117107137, "1": 6.9750388386571105, "2": 8.183529578445324}, "c_res": {"0": 2.0346479117107137}, "inv_c_res": 0.058162474133717265, "eta": 0.0, "_timestamp": 1683334561.269476, "_runtime": 4819.202579021454, "_step": 49, "_wandb": {"runtime": 4817}}