{"best_f": 123.45236297763472, "f_hat_x": 8.382927273460393, "f_x": 113.52262659208398, "f_res": 105.13969931862358, "sum_c_x": 12.253056327509011, "cum_costs": 227.15613832568442, "E_inv_c": 0, "sum_Ec": 0, "inv_cost": 0.08161229111098808, "E_c": {"0": 0}, "c_x": {"0": 2.00000000001881, "1": 8.252950873116301, "2": 2.0001054543739007}, "c_res": {"0": 2.00000000001881}, "inv_c_res": 0.08161229111098808, "eta": 1.0, "_timestamp": 1683567294.5124602, "_runtime": 76.4455783367157, "_step": 8}