{"best_f": -1.9732575056222417, "f_hat_x": -0.1964311084999921, "f_x": -4.674388075123931, "f_res": 4.477956966623939, "sum_c_x": 86.01920272313986, "cum_costs": 3571.523196304884, "E_inv_c": 0, "sum_Ec": 0, "inv_cost": 0.011625311190323227, "E_c": {"0": 0}, "c_x": {"0": 2.0007718698568633, "1": 7.731811376423479, "2": 76.28661947685951}, "c_res": {"0": 2.0007718698568633}, "inv_c_res": 0.011625311190323227, "eta": 2.0, "_timestamp": 1683668112.4917765, "_runtime": 183.30727458000183, "_step": 49, "_wandb": {"runtime": 182}}