{"best_f": -0.7349484260987369, "f_hat_x": 6.851618349130195, "f_x": -1.6120557223238217, "f_res": 8.463674071454017, "sum_c_x": 118.02637941799816, "cum_costs": 4505.804813082669, "E_inv_c": 0, "sum_Ec": 0, "inv_cost": 0.008472682165894748, "E_c": {"0": 0}, "c_x": {"0": 27.824475097262585, "1": 59.23666213432845, "2": 30.965242186407117}, "c_res": {"0": 27.824475097262585}, "inv_c_res": 0.008472682165894748, "eta": 1.2207031250000004e-30, "_timestamp": 1683296570.3285933, "_runtime": 2141.160280227661, "_step": 23}