{"best_f": -7.366960898123504, "f_hat_x": 8.544198162770332, "f_x": -7.700093995111921, "f_res": 16.244292157882253, "sum_c_x": 293.6736111005123, "cum_costs": 4454.749354666419, "E_inv_c": 0, "sum_Ec": 0, "inv_cost": 0.003405140816883753, "E_c": {"0": 0}, "c_x": {"0": 139.00555644231827, "1": 65.17027609319508, "2": 89.49777856499898}, "c_res": {"0": 139.00555644231827}, "inv_c_res": 0.003405140816883753, "eta": 1.0, "_timestamp": 1683822351.3761148, "_runtime": 22.205994844436646, "_step": 2, "_wandb": {"runtime": 21}}