{"best_f": 179.33762379080093, "f_hat_x": 2.177701554921815, "f_x": 92.67315888353455, "f_res": 90.49545732861274, "sum_c_x": 25.82738912723952, "cum_costs": 1515.5636442348123, "E_inv_c": 0, "sum_Ec": 0, "inv_cost": 0.03871858650030267, "E_c": {"0": 0}, "c_x": {"0": 2.1393046351663587, "1": 7.690332083166608, "2": 15.997752408906553}, "c_res": {"0": 2.1393046351663587}, "inv_c_res": 0.03871858650030267, "eta": 1.0, "_timestamp": 1683639726.3114414, "_runtime": 4175.609103441238, "_step": 49, "_wandb": {"runtime": 4174}}