{"best_f": 209.45932854494197, "f_hat_x": 8.464166343975384, "f_x": 208.83017317037596, "f_res": 200.36600682640056, "sum_c_x": 86.29076893355194, "cum_costs": 6331.897263374198, "E_inv_c": 0, "sum_Ec": 0, "inv_cost": 0.005038875288317442, "E_c": {"0": 0}, "c_x": {"0": 0.10000000149011612, "1": 0.10000000149011612, "2": 86.09076893057171}, "c_res": {"0": 46.749190086954975}, "inv_c_res": 0.005038875288317442, "eta": 1.0, "_timestamp": 1683770167.9501095, "_runtime": 1302.8973915576935, "_step": 49, "_wandb": {"runtime": 1302}}