{"best_f": -1.263500564911702, "f_hat_x": 7.944141369640958, "f_x": -3.6128437447971478, "f_res": 11.556985114438106, "sum_c_x": 327.542806028261, "cum_costs": 11342.772126586791, "E_inv_c": 0.003056308328248487, "sum_Ec": 327.21711797988655, "inv_cost": 0.0030530360661125866, "E_c": {"0": 140.05275183546212, "1": 74.9725604342109, "2": 112.19180571021356}, "c_x": {"0": 140.0212983872056, "1": 75.33669588779998, "2": 112.18481175325542}, "c_res": {"0": 0.03145344825651364, "1": 0.3641354535890713, "2": 0.006993956958140757}, "inv_c_res": 3.27226213590057e-06, "eta": 1.0, "_timestamp": 1683680304.257947, "_runtime": 3906.1646270751953, "_step": 49, "_wandb": {"runtime": 3905}}