{"best_f": 71.76851034736829, "f_hat_x": 0.017312303776391716, "f_x": 71.76851034736829, "f_res": 71.7511980435919, "sum_c_x": 134.08251766497446, "cum_costs": 11822.377698697155, "E_inv_c": 0, "sum_Ec": 0, "inv_cost": 0.00296205703735812, "E_c": {"0": 0}, "c_x": {"0": 0.10000000149011612, "1": 0.10000000149011612, "2": 133.88251766199423}, "c_res": {"0": 161.0856495955797}, "inv_c_res": 0.00296205703735812, "eta": 2.0, "_timestamp": 1683748260.9873552, "_runtime": 856.0143401622772, "_step": 49, "_wandb": {"runtime": 854}}