{"best_f": 192.17930318108097, "f_hat_x": 2.8409184790558624, "f_x": 192.17930318108097, "f_res": 189.3383847020251, "sum_c_x": 26.244389911621845, "cum_costs": 1537.5838487372523, "E_inv_c": 0.03810334882625064, "sum_Ec": 26.24441291974159, "inv_cost": 0.038103381460476184, "E_c": {"0": 2.0577179001644486, "1": 8.189245763450169, "2": 15.997449256126972}, "c_x": {"0": 2.057717730128477, "1": 8.189248249161185, "2": 15.997423932332183}, "c_res": {"0": 1.7003597152509542e-07, "1": 2.4857110165754648e-06, "2": 2.5323794789144927e-05}, "inv_c_res": 3.263422554411477e-08, "eta": 4.0, "_timestamp": 1683589331.8285809, "_runtime": 1026.7996408939362, "_step": 49, "_wandb": {"runtime": 1025}}