{"best_f": -2.9638383688491143, "f_hat_x": 0.41162787576183757, "f_x": -3.0228835262352267, "f_res": 3.434511401997064, "sum_c_x": 10.88912857967907, "cum_costs": 481.57534383012035, "E_inv_c": 0.09190024375949005, "sum_Ec": 10.88167701419511, "inv_cost": 0.09183471318964556, "E_c": {"0": 2.5608398200042615, "1": 2.502315176836463, "2": 5.818522017354386}, "c_x": {"0": 2.559049110830622, "1": 2.501835647724713, "2": 5.828243821123735}, "c_res": {"0": 0.0017907091736395486, "1": 0.00047952911175030977, "2": 0.009721803769348725}, "inv_c_res": 6.553056984448524e-05, "eta": 0.6757290490602831, "_timestamp": 1683510681.3394685, "_runtime": 4886.59997844696, "_step": 38}