{"best_f": -6.124595687415412, "f_hat_x": 8.969835946770731, "f_x": -6.271427845049854, "f_res": 15.241263791820586, "sum_c_x": 366.38611546928576, "cum_costs": 7546.64013087759, "E_inv_c": 0, "sum_Ec": 0, "inv_cost": 0.0027293610695895225, "E_c": {"0": 0}, "c_x": {"0": 140.1817640031068, "1": 75.22827280052681, "2": 150.97607866565218}, "c_res": {"0": 140.1817640031068}, "inv_c_res": 0.0027293610695895225, "eta": 1.0, "_timestamp": 1683675928.9063647, "_runtime": 65.10256457328796, "_step": 10}