{"best_f": 71.80258941699519, "f_hat_x": -0.11372485470954007, "f_x": 68.71273772950411, "f_res": 68.82646258421366, "sum_c_x": 356.97656727218396, "cum_costs": 18204.90161118368, "E_inv_c": 0, "sum_Ec": 0, "inv_cost": 0.0028013043198925995, "E_c": {"0": 0}, "c_x": {"0": 179.11006621993556, "1": 52.334752039584295, "2": 125.53174901266414}, "c_res": {"0": 179.11006621993556}, "inv_c_res": 0.0028013043198925995, "eta": 4.0, "_timestamp": 1683743928.8546872, "_runtime": 129.19252014160156, "_step": 49, "_wandb": {"runtime": 128}}