{"best_f": -1.7581128007601503, "f_hat_x": -0.3503794004180459, "f_x": -7.991752756478251, "f_res": 7.641373356060205, "sum_c_x": 26.755479743970817, "cum_costs": 850.7826117051393, "E_inv_c": 0, "sum_Ec": 0, "inv_cost": 0.037375521185537476, "E_c": {"0": 0}, "c_x": {"0": 8.814810681870838, "1": 8.838316216574244, "2": 9.102352845525736}, "c_res": {"0": 8.814810681870838}, "inv_c_res": 0.037375521185537476, "eta": 0.1285121565651031, "_timestamp": 1683510603.997142, "_runtime": 4808.61091709137, "_step": 39}