{"best_f": -7.058875235332666, "f_hat_x": 9.182490911992717, "f_x": -7.058875242746467, "f_res": 16.241366154739183, "sum_c_x": 95.60589832982711, "cum_costs": 3827.8455873143885, "E_inv_c": 0, "sum_Ec": 0, "inv_cost": 0.0034688584952637463, "E_c": {"0": 0}, "c_x": {"0": 0.10000000149011612, "1": 0.10000000149011612, "2": 95.40589832684688}, "c_res": {"0": 141.48192563253716}, "inv_c_res": 0.0034688584952637463, "eta": 1.0, "_timestamp": 1683821220.227865, "_runtime": 10.432921886444092, "_step": 2, "_wandb": {"runtime": 9}}