{"best_f": -4.983183475313228, "f_hat_x": 5.460308533808562, "f_x": -6.658092286509526, "f_res": 12.118400820318088, "sum_c_x": 315.9956687905268, "cum_costs": 11594.825193015406, "E_inv_c": 0.07251578649228488, "sum_Ec": 321.21469426643824, "inv_cost": 0.0031646003371739216, "E_c": {"0": 139.99482407122275, "1": 56.19302436127837, "2": 125.02684583393712}, "c_x": {"0": 139.9999655539186, "1": 50.191791961139664, "2": 125.8039112754685}, "c_res": {"0": 0.005141482695847799, "1": 6.001232400138704, "2": 0.7770654415313771}, "inv_c_res": 0.06935118615511096, "eta": 2.0, "_timestamp": 1683833341.417548, "_runtime": 3777.0946600437164, "_step": 49, "_wandb": {"runtime": 3776}}