{"best_f": -16.70320947070198, "f_hat_x": -0.811675543554318, "f_x": -19.486522180816117, "f_res": 18.674846637261798, "sum_c_x": 214.00112053310175, "cum_costs": 3141.814309506088, "E_inv_c": 0.004647533249642576, "sum_Ec": 215.6510197162258, "inv_cost": 0.004672872728464614, "E_c": {"0": 64.99970461814257, "1": 40.265185451257615, "2": 110.38612964682558}, "c_x": {"0": 66.0363398667492, "1": 39.29227326584258, "2": 108.67250740050996}, "c_res": {"0": 1.036635248606629, "1": 0.9729121854150335, "2": 1.713622246315623}, "inv_c_res": 2.5339478822037666e-05, "eta": 1.0, "_timestamp": 1683715571.5611424, "_runtime": 23.27748155593872, "_step": 0}