{"best_f": -3.0423694193624033, "f_hat_x": -0.8533353573065959, "f_x": -8.334397077600626, "f_res": 7.481061720294029, "sum_c_x": 259.34695221052505, "cum_costs": 16008.988135497008, "E_inv_c": 0, "sum_Ec": 0, "inv_cost": 0.0038558386419295545, "E_c": {"0": 0}, "c_x": {"0": 83.57539564763735, "1": 51.730787639786655, "2": 124.04076892310104}, "c_res": {"0": 83.57539564763735}, "inv_c_res": 0.0038558386419295545, "eta": 1.0, "_timestamp": 1683687970.0670881, "_runtime": 429.13171219825745, "_step": 49, "_wandb": {"runtime": 428}}