{"best_f": -7.925497843598339, "f_hat_x": 0.7887436819644792, "f_x": -137.78549262875367, "f_res": 138.57423631071816, "sum_c_x": 13.055544482876615, "cum_costs": 546.5785597403069, "E_inv_c": 0, "sum_Ec": 0, "inv_cost": 0.07659580964329596, "E_c": {"0": 0}, "c_x": {"0": 2.000040850838074, "1": 7.241085611258365, "2": 3.8144180207801757}, "c_res": {"0": 2.000040850838074}, "inv_c_res": 0.07659580964329596, "eta": 1, "_timestamp": 1683543990.2183797, "_runtime": 2534.5766546726227, "_step": 49, "_wandb": {"runtime": 2533}}