{"best_f": -2.5327910551782016, "f_hat_x": 0.4604718296846384, "f_x": -3.027997562365946, "f_res": 3.4884693920505843, "sum_c_x": 15.031132514456749, "cum_costs": 1011.9137135630887, "E_inv_c": 0, "sum_Ec": 0, "inv_cost": 0.06652858652122273, "E_c": {"0": 0}, "c_x": {"0": 3.052262354993636, "1": 3.795340581017789, "2": 8.183529578445324}, "c_res": {"0": 3.052262354993636}, "inv_c_res": 0.06652858652122273, "eta": 0.6, "_timestamp": 1683376811.7077215, "_runtime": 4035.0847115516663, "_step": 49, "_wandb": {"runtime": 4032}}