{"best_f": 73.03233289838155, "f_hat_x": -1.1911541499263996, "f_x": 71.91596213881942, "f_res": 73.10711628874583, "sum_c_x": 325.87257221419543, "cum_costs": 16977.63241241778, "E_inv_c": 0, "sum_Ec": 0, "inv_cost": 0.003068684158366976, "E_c": {"0": 0}, "c_x": {"0": 154.302408058374, "1": 40.797240887834164, "2": 130.77292326798727}, "c_res": {"0": 154.302408058374}, "inv_c_res": 0.003068684158366976, "eta": 4.0, "_timestamp": 1683743906.752429, "_runtime": 107.06990694999695, "_step": 49, "_wandb": {"runtime": 106}}