{"best_f": 193.04209351276594, "f_hat_x": 3.649452555814212, "f_x": 192.73234963363223, "f_res": 189.08289707781802, "sum_c_x": 26.004448204873682, "cum_costs": 991.1246385255291, "E_inv_c": 0, "sum_Ec": 0, "inv_cost": 0.03845495940239112, "E_c": {"0": 0}, "c_x": {"0": 2.0000458890671338, "1": 8.008310549526712, "2": 15.996091766279836}, "c_res": {"0": 2.0000458890671338}, "inv_c_res": 0.03845495940239112, "eta": 1.0, "_timestamp": 1683588224.7782226, "_runtime": 448.14970660209656, "_step": 28}