{"best_f": 0.5955529344935712, "f_hat_x": 2.168534730206101, "f_x": -212.36574270081178, "f_res": 214.53427743101787, "sum_c_x": 6.604449316472629, "cum_costs": 394.36642858210166, "E_inv_c": 0.15110910408727968, "sum_Ec": 6.617892306503165, "inv_cost": 0.151413078075386, "E_c": {"0": 2.065988682477717, "1": 2.3900120294774934, "2": 2.161891594547955}, "c_x": {"0": 2.0659893228725865, "1": 2.3899919280054585, "2": 2.1484680655945843}, "c_res": {"0": 6.403948695776762e-07, "1": 2.0101472034905754e-05, "2": 0.013423528953370845}, "inv_c_res": 0.0003039739881063319, "eta": 1.0, "_timestamp": 1683594613.2472463, "_runtime": 3734.480793237686, "_step": 49, "_wandb": {"runtime": 3733}}