{"best_f": 0.36192241715294826, "f_hat_x": 0.8210170827728016, "f_x": -7.18505368950551, "f_res": 8.006070772278312, "sum_c_x": 7.4300552189922655, "cum_costs": 813.8015415879511, "E_inv_c": 0, "sum_Ec": 0, "inv_cost": 0.13458850177100426, "E_c": {"0": 0}, "c_x": {"0": 2.6648309454358623, "1": 1.1902180353993326, "2": 3.575006238157071}, "c_res": {"0": 2.6648309454358623}, "inv_c_res": 0.13458850177100426, "eta": 0.6757290490602831, "_timestamp": 1683489143.458044, "_runtime": 10576.961959123611, "_step": 49, "_wandb": {"runtime": 10576}}