{"best_f": -1.1898338177345738, "f_hat_x": 3.8298381500897967, "f_x": -1.966151065968168, "f_res": 5.795989216057965, "sum_c_x": 129.17738803639259, "cum_costs": 7884.06110663471, "E_inv_c": 0, "sum_Ec": 0, "inv_cost": 0.007741292924410844, "E_c": {"0": 0}, "c_x": {"0": 30.536574268459955, "1": 67.7203431382995, "2": 30.92047062963312}, "c_res": {"0": 30.536574268459955}, "inv_c_res": 0.007741292924410844, "eta": 0.1352759542790559, "_timestamp": 1683298610.4936814, "_runtime": 1805.24573636055, "_step": 49, "_wandb": {"runtime": 1804}}