{"best_f": -16.549909009988724, "f_hat_x": 10.175865421610563, "f_x": -16.549909009988724, "f_res": 26.725774431599287, "sum_c_x": 33.400118796735356, "cum_costs": 1258.1539225531478, "E_inv_c": 0, "sum_Ec": 0, "inv_cost": 0.02994001327018464, "E_c": {"0": 0}, "c_x": {"0": 10.282958216725774, "1": 9.099157623870159, "2": 14.018002956139423}, "c_res": {"0": 10.282958216725774}, "inv_c_res": 0.02994001327018464, "eta": 1.0, "_timestamp": 1683804980.0302444, "_runtime": 33.63698434829712, "_step": 8}