{"best_f": -2.9151346741553263, "f_hat_x": -0.8786983020396304, "f_x": -6.048826634132591, "f_res": 5.17012833209296, "sum_c_x": 23.824169817227386, "cum_costs": 1398.0674546640694, "E_inv_c": 0, "sum_Ec": 0, "inv_cost": 0.04197418032492761, "E_c": {"0": 0}, "c_x": {"0": 8.960197348157621, "1": 6.4357229487802625, "2": 8.428249520289501}, "c_res": {"0": 8.960197348157621}, "inv_c_res": 0.04197418032492761, "eta": 5.497558138880011e-28, "_timestamp": 1683334988.7297244, "_runtime": 5246.665991306305, "_step": 49, "_wandb": {"runtime": 5245}}