{"best_f": -7.906038472372032, "f_hat_x": 9.318535902767039, "f_x": -7.906038472372032, "f_res": 17.22457437513907, "sum_c_x": 136.06056544371054, "cum_costs": 4241.012415191591, "E_inv_c": 0.002854412889142999, "sum_Ec": 350.382667206365, "inv_cost": 0.0028593358325704125, "E_c": {"0": 140.74173238679253, "1": 73.12235720289117, "2": 136.51857761668128}, "c_x": {"0": 0.10000000149011612, "1": 0.10000000149011612, "2": 135.8605654407303}, "c_res": {"0": 140.64173238530242, "1": 73.02235720140105, "2": 0.6580121759509723}, "inv_c_res": 4.922943427413534e-06, "eta": 1.0, "_timestamp": 1683675929.2058933, "_runtime": 65.40721130371094, "_step": 3}