{"best_f": -3.1232543964065558, "f_hat_x": -0.20131484984381323, "f_x": -8.479512987269695, "f_res": 8.278198137425882, "sum_c_x": 6.559919398462485, "cum_costs": 593.7678607883184, "E_inv_c": 0.15245596196050135, "sum_Ec": 6.5593158964727705, "inv_cost": 0.1524408974040718, "E_c": {"0": 2.2290440338213493, "1": 0.22427149656259815, "2": 4.106000366088823}, "c_x": {"0": 2.2289297431687443, "1": 0.2242951852511027, "2": 4.106694470042638}, "c_res": {"0": 0.00011429065260504245, "1": 2.3688688504552857e-05, "2": 0.0006941039538146399}, "inv_c_res": 1.5064556429550402e-05, "eta": 3.0, "_timestamp": 1683412030.5682952, "_runtime": 5054.204519271851, "_step": 49, "_wandb": {"runtime": 5053}}