{"best_f": -7.5740884621201445, "f_hat_x": 1.348676621585441, "f_x": -9.51974515387204, "f_res": 10.868421775457481, "sum_c_x": 4.830284079095328, "cum_costs": 321.7960673088466, "E_inv_c": 0.20694486593169564, "sum_Ec": 4.832207944722562, "inv_cost": 0.20702716105825636, "E_c": {"0": 2.596685164842982, "1": 0.024978711823664058, "2": 2.210544068055916}, "c_x": {"0": 2.596687127707174, "1": 0.024982562233584638, "2": 2.2086143891545698}, "c_res": {"0": 1.962864192073255e-06, "1": 3.850409920579806e-06, "2": 0.0019296789013463211}, "inv_c_res": 8.229512656071636e-05, "eta": 2.0, "_timestamp": 1683551558.310585, "_runtime": 6193.98458313942, "_step": 49, "_wandb": {"runtime": 6192}}