{"best_f": 72.12818110704085, "f_hat_x": 0.9290231010646809, "f_x": 72.12589885214841, "f_res": 71.19687575108372, "sum_c_x": 125.06777035438118, "cum_costs": 10129.707244872412, "E_inv_c": 0.004126430308373289, "sum_Ec": 242.34029950031098, "inv_cost": 0.0041265452041656684, "E_c": {"0": 71.7988096045681, "1": 45.66619881684837, "2": 124.87529107889449}, "c_x": {"0": 0.10000000149011612, "1": 0.10000000149011612, "2": 124.86777035140095}, "c_res": {"0": 9.84978299385375e-05, "1": 0.0007852570316586593, "2": 0.0075207274935422674}, "inv_c_res": 1.1489579237935338e-07, "eta": 4.0, "_timestamp": 1683754104.1492205, "_runtime": 1228.0720283985138, "_step": 49, "_wandb": {"runtime": 1227}}