{"best_f": -2.3481923965173532, "f_hat_x": 1.5942879860975345, "f_x": -8.750456425679685, "f_res": 10.344744411777219, "sum_c_x": 89.79124874554734, "cum_costs": 5706.963736561238, "E_inv_c": 0.010653829252222627, "sum_Ec": 93.8962327276426, "inv_cost": 0.01113694278641591, "E_c": {"0": 31.076136896959202, "1": 57.04685846586774, "2": 5.77323736481565}, "c_x": {"0": 31.085158725963524, "1": 52.934496408189794, "2": 5.771593611394027}, "c_res": {"0": 0.009021829004321802, "1": 4.112362057677949, "2": 0.0016437534216224847}, "inv_c_res": 0.00048311353419328365, "eta": 1.0, "_timestamp": 1683296505.2037637, "_runtime": 3881.0663137435913, "_step": 37}