{"best_f": -2.0581975828642616, "f_hat_x": 0.16523175867768924, "f_x": -3.3050931286757157, "f_res": 3.4703248873534047, "sum_c_x": 7.257104540455312, "cum_costs": 683.9101537647598, "E_inv_c": 0, "sum_Ec": 0, "inv_cost": 0.13779600313395235, "E_c": {"0": 0}, "c_x": {"0": 2.441474043048385, "1": 0.5600547834630503, "2": 4.255575713943877}, "c_res": {"0": 2.441474043048385}, "inv_c_res": 0.13779600313395235, "eta": 3.1670269825233763, "_timestamp": 1683401431.0817766, "_runtime": 5058.518858671188, "_step": 49, "_wandb": {"runtime": 5057}}