{"best_f": -3.7027488080398605, "f_hat_x": 0.162824270786662, "f_x": -18.165824332492004, "f_res": 18.328648603278666, "sum_c_x": 17.86161393425204, "cum_costs": 937.4811841800865, "E_inv_c": 0.05565796994292316, "sum_Ec": 17.971093537336003, "inv_cost": 0.055985982211963825, "E_c": {"0": 8.067552046952052, "1": 0.543926010373596, "2": 9.359615480010355}, "c_x": {"0": 8.067622709615378, "1": 0.5473619500003803, "2": 9.246629274636284}, "c_res": {"0": 7.066266332600435e-05, "1": 0.0034359396267843456, "2": 0.11298620537407089}, "inv_c_res": 0.00032801226904066727, "eta": 2.0, "_timestamp": 1683411229.054775, "_runtime": 4257.721868991852, "_step": 49, "_wandb": {"runtime": 4256}}