{"best_f": 3.289654637035621, "f_hat_x": 6.652873568063124, "f_x": -178.2174777246374, "f_res": 184.87035129270052, "sum_c_x": 12.700301561017106, "cum_costs": 206.6463485610812, "E_inv_c": 0, "sum_Ec": 0, "inv_cost": 0.07873828784266401, "E_c": {"0": 0}, "c_x": {"0": 2.0000000000007194, "1": 8.651710073731703, "2": 2.0485914872846847}, "c_res": {"0": 2.0000000000007194}, "inv_c_res": 0.07873828784266401, "eta": 1.0, "_timestamp": 1683590772.6218162, "_runtime": 61.390172243118286, "_step": 8}