{"best_f": -9.512827243827438, "f_hat_x": 2.285543325016313, "f_x": -54.90220569059183, "f_res": 57.18774901560814, "sum_c_x": 5.387529644737515, "cum_costs": 356.63383463580635, "E_inv_c": 0.18561781733982338, "sum_Ec": 5.387478438608071, "inv_cost": 0.18561382784720082, "E_c": {"0": 2.0000353841266594, "1": 1.3618081919893525, "2": 2.0256348624920593}, "c_x": {"0": 2.000035262706744, "1": 1.3617948336464873, "2": 2.0256995483842832}, "c_res": {"0": 1.2141991545533415e-07, "1": 1.3358342865199546e-05, "2": 6.468589222397014e-05}, "inv_c_res": 3.989492622563651e-06, "eta": 2.0, "_timestamp": 1683551332.9367604, "_runtime": 5967.277085542679, "_step": 49, "_wandb": {"runtime": 5966}}