{"best_f": -3.2205353714590954, "f_hat_x": -0.07256476499090542, "f_x": -3.2205353714590954, "f_res": 3.14797060646819, "sum_c_x": 18.155263851340624, "cum_costs": 1316.4339842725803, "E_inv_c": 0, "sum_Ec": 0, "inv_cost": 0.05508044433769867, "E_c": {"0": 0}, "c_x": {"0": 8.922509148640714, "1": 0.2660969342560663, "2": 8.966657768443845}, "c_res": {"0": 8.922509148640714}, "inv_c_res": 0.05508044433769867, "eta": 3.022314549036579e-16, "_timestamp": 1683341274.3967288, "_runtime": 5542.10826086998, "_step": 49, "_wandb": {"runtime": 5541}}