{"best_f": 187.99130611240219, "f_hat_x": 3.3642110270538863, "f_x": 187.99130611240219, "f_res": 184.6270950853483, "sum_c_x": 25.469890736397367, "cum_costs": 1506.197338406616, "E_inv_c": 0, "sum_Ec": 0, "inv_cost": 0.039262045147722795, "E_c": {"0": 0}, "c_x": {"0": 2.057717730128477, "1": 7.41474907393671, "2": 15.997423932332183}, "c_res": {"0": 2.057717730128477}, "inv_c_res": 0.039262045147722795, "eta": 5.0, "_timestamp": 1683589320.3929017, "_runtime": 1015.3780117034912, "_step": 49, "_wandb": {"runtime": 1014}}