{"best_f": -6.099943093965649, "f_hat_x": 10.394043987672717, "f_x": -6.104637869612752, "f_res": 16.49868185728547, "sum_c_x": 268.01165708721203, "cum_costs": 4286.443684142724, "E_inv_c": 0, "sum_Ec": 0, "inv_cost": 0.003731180989917152, "E_c": {"0": 0}, "c_x": {"0": 139.99377071375858, "1": 35.81275307150146, "2": 92.20513330195203}, "c_res": {"0": 139.99377071375858}, "inv_c_res": 0.003731180989917152, "eta": 1.0, "_timestamp": 1683812584.0703733, "_runtime": 70.42309021949768, "_step": 2, "_wandb": {"runtime": 69}}