{"best_f": -4.020883037422186, "f_hat_x": 5.568269289466947, "f_x": -4.040167668021393, "f_res": 9.60843695748834, "sum_c_x": 112.40002861930395, "cum_costs": 10490.13389195148, "E_inv_c": 0, "sum_Ec": 0, "inv_cost": 0.0033058706292550815, "E_c": {"0": 0}, "c_x": {"0": 0.10000000149011612, "1": 0.10000000149011612, "2": 112.20002861632372}, "c_res": {"0": 140.75621275353922}, "inv_c_res": 0.0033058706292550815, "eta": 1.0, "_timestamp": 1683829272.9403718, "_runtime": 6775.927281856537, "_step": 49, "_wandb": {"runtime": 6775}}