{"best_f": -3.8959476111070908, "f_hat_x": 4.363844787000522, "f_x": -3.9459879739273567, "f_res": 8.309832760927879, "sum_c_x": 143.09564913271421, "cum_costs": 10110.149217276621, "E_inv_c": 0.07188002099831986, "sum_Ec": 329.07369229510397, "inv_cost": 0.0028997027501186786, "E_c": {"0": 140.00490791619532, "1": 61.96310298973356, "2": 127.10568138917507}, "c_x": {"0": 0.10000000149011612, "1": 0.10000000149011612, "2": 142.89564912973398}, "c_res": {"0": 0.0004162292902947229, "1": 0.00030916278804227204, "2": 15.789967740558907}, "inv_c_res": 0.06898031824820118, "eta": 1.0, "_timestamp": 1683840082.1178944, "_runtime": 2644.6198275089264, "_step": 37}