{"best_f": -18.371765222440352, "f_hat_x": 7.642565817819136, "f_x": -35.59083939106635, "f_res": 43.233405208885486, "sum_c_x": 34.91949713891735, "cum_costs": 1861.6035022924166, "E_inv_c": 0, "sum_Ec": 0, "inv_cost": 0.028637296694788664, "E_c": {"0": 0}, "c_x": {"0": 14.247634487277455, "1": 11.0006580207315, "2": 9.671204630908397}, "c_res": {"0": 14.247634487277455}, "inv_c_res": 0.028637296694788664, "eta": 1.0, "_timestamp": 1683805501.8162665, "_runtime": 42.443400621414185, "_step": 24}