{"best_f": -6.609912489387332, "f_hat_x": 5.806563788417311, "f_x": -6.609912489387332, "f_res": 12.416476277804643, "sum_c_x": 171.5597507602524, "cum_costs": 10872.965230838883, "E_inv_c": 0, "sum_Ec": 0, "inv_cost": 0.002650486657739861, "E_c": {"0": 0}, "c_x": {"0": 0.10000000149011612, "1": 0.10000000149011612, "2": 171.35975075727217}, "c_res": {"0": 139.48065684177763}, "inv_c_res": 0.002650486657739861, "eta": 2.0, "_timestamp": 1683835077.166819, "_runtime": 5512.836566209793, "_step": 49, "_wandb": {"runtime": 5512}}