{"best_f": -8.772613306087619, "f_hat_x": 7.149866385087417, "f_x": -8.801352246868666, "f_res": 15.951218631956083, "sum_c_x": 101.92667616478273, "cum_costs": 4181.880481091393, "E_inv_c": 0.04576068597556361, "sum_Ec": 336.1565619058536, "inv_cost": 0.0030152668504287074, "E_c": {"0": 140.20711377373814, "1": 89.02512137648654, "2": 106.92432675562893}, "c_x": {"0": 0.10000000149011612, "1": 0.10000000149011612, "2": 101.7266761618025}, "c_res": {"0": 0.04446926457734435, "1": 0.7311633349796125, "2": 5.197650593826424}, "inv_c_res": 0.0427454191251349, "eta": 1.0, "_timestamp": 1683812735.1812468, "_runtime": 55.13049864768982, "_step": 1}