{"best_f": -8.493956318752081, "f_hat_x": -2.544211504258613, "f_x": -49.33854095388629, "f_res": 46.794329449627675, "sum_c_x": 379.31452285323894, "cum_costs": 20114.29240611731, "E_inv_c": 0, "sum_Ec": 0, "inv_cost": 0.0026363345976787482, "E_c": {"0": 0}, "c_x": {"0": 179.96202075993648, "1": 43.47765059265824, "2": 155.87485150064424}, "c_res": {"0": 179.96202075993648}, "inv_c_res": 0.0026363345976787482, "eta": 1.0, "_timestamp": 1683674978.8654635, "_runtime": 106.87193846702576, "_step": 46}