{"best_f": -3.039608233830988, "f_hat_x": 5.8338123939416375, "f_x": -3.039608233830988, "sum_c_x": 119.5930055473211, "cum_costs": 6683.9852169457445, "E_inv_c": 0, "sum_Ec": 0, "inv_cost": 0.008361693022292307, "E_c": {"0": 0}, "c_x": {"0": 21.596323105710766, "1": 66.60499615233624, "2": 31.391686289274084}, "c_res": {"0": 21.596323105710766}, "inv_c_res": 0.008361693022292307, "_timestamp": 1683243392.5223093, "_runtime": 426.8498492240906, "_step": 39, "_wandb": {"runtime": 425}}