{"best_f": -6.153907111839737, "f_hat_x": 3.932899175436868, "f_x": -6.7625858787347095, "f_res": 10.695485054171577, "sum_c_x": 150.98541725141556, "cum_costs": 9247.894677481358, "E_inv_c": 0, "sum_Ec": 0, "inv_cost": 0.0029997017663908106, "E_c": {"0": 0}, "c_x": {"0": 0.10000000149011612, "1": 0.10000000149011612, "2": 150.78541724843532}, "c_res": {"0": 138.79958769346084}, "inv_c_res": 0.0029997017663908106, "eta": 1.0, "_timestamp": 1683848824.7087982, "_runtime": 4148.452833175659, "_step": 39, "_wandb": {"runtime": 4147}}