{"best_f": -15.819105527261296, "f_hat_x": 0.4754220719927496, "f_x": -17.685075798667985, "f_res": 18.160497870660734, "sum_c_x": 8.761122993449733, "cum_costs": 180.45652422104476, "E_inv_c": 0.16964461885868048, "sum_Ec": 6.138546857628226, "inv_cost": 0.11414061881652061, "E_c": {"0": 2.0042585959661436, "1": 0.4878257541671541, "2": 3.646462507494929}, "c_x": {"0": 2.0015212201529176, "1": 0.48626939349625076, "2": 6.273332379800565}, "c_res": {"0": 0.002737375813226084, "1": 0.0015563606709033673, "2": 2.6268698723056363}, "inv_c_res": 0.05550400004215987, "eta": 1.0, "_timestamp": 1683570217.987292, "_runtime": 16.217705965042114, "_step": 1}