{"best_f": -0.6297966324368838, "f_hat_x": -0.22125262030752516, "f_x": -3.4867272610475686, "f_res": 3.2654746407400435, "sum_c_x": 19.582491223838442, "cum_costs": 898.7573690633002, "E_inv_c": 0.05118836876640768, "sum_Ec": 19.54120071136046, "inv_cost": 0.05106602569455849, "E_c": {"0": 8.826005031486968, "1": 1.6091502141710061, "2": 9.106045465702488}, "c_x": {"0": 8.77774774207412, "1": 1.6987509554194773, "2": 9.105992526344846}, "c_res": {"0": 0.04825728941284879, "1": 0.08960074124847117, "2": 5.2939357642500795e-05}, "inv_c_res": 0.00012234307184919024, "eta": 0.0852575903343082, "_timestamp": 1683510651.8250735, "_runtime": 4856.2506465911865, "_step": 47}