{"best_f": -6.378999074755728, "f_hat_x": 1.0767469514162804, "f_x": -19.74898553024066, "f_res": 20.82573248165694, "sum_c_x": 4.3880612655013636, "cum_costs": 318.5579737613914, "E_inv_c": 0, "sum_Ec": 0, "inv_cost": 0.22789107523678653, "E_c": {"0": 0}, "c_x": {"0": 2.0171498849156553, "1": 0.07005731389465075, "2": 2.3008540666910573}, "c_res": {"0": 2.0171498849156553}, "inv_c_res": 0.22789107523678653, "eta": 2.0, "_timestamp": 1683552697.635267, "_runtime": 7331.494518995285, "_step": 49, "_wandb": {"runtime": 7330}}