{"best_f": 168.97373043816015, "f_hat_x": 4.431429087208739, "f_x": 168.97373043816015, "f_res": 164.54230135095142, "sum_c_x": 26.03533363241172, "cum_costs": 1522.3693222763015, "E_inv_c": 0, "sum_Ec": 0, "inv_cost": 0.038409340710544505, "E_c": {"0": 0}, "c_x": {"0": 2.000014529619807, "1": 8.037507681722841, "2": 15.997811421069072}, "c_res": {"0": 2.000014529619807}, "inv_c_res": 0.038409340710544505, "eta": 8.0, "_timestamp": 1683590532.4675562, "_runtime": 987.3885521888733, "_step": 49, "_wandb": {"runtime": 986}}