{"best_f": -4.542927647294658, "f_hat_x": 8.070174765603424, "f_x": -4.542927647294658, "f_res": 12.613102412898082, "sum_c_x": 114.01719595459565, "cum_costs": 10681.748011596874, "E_inv_c": 0, "sum_Ec": 0, "inv_cost": 0.003173853534929579, "E_c": {"0": 0}, "c_x": {"0": 0.10000000149011612, "1": 0.10000000149011612, "2": 113.81719595161542}, "c_res": {"0": 140.1380714713333}, "inv_c_res": 0.003173853534929579, "eta": 4.0, "_timestamp": 1683831938.597817, "_runtime": 2374.441952943802, "_step": 49, "_wandb": {"runtime": 2373}}