{"best_f": -0.5763395288386988, "f_hat_x": -0.15743942974467853, "f_x": -5.247977810381794, "f_res": 5.090538380637116, "sum_c_x": 17.270263781572222, "cum_costs": 1021.0376287633377, "E_inv_c": 0, "sum_Ec": 0, "inv_cost": 0.05790299515094978, "E_c": {"0": 0}, "c_x": {"0": 2.1131992667917183, "1": 6.973534936335181, "2": 8.183529578445324}, "c_res": {"0": 2.1131992667917183}, "inv_c_res": 0.05790299515094978, "eta": 0.1352759542790559, "_timestamp": 1683498942.4885101, "_runtime": 5877.062320232391, "_step": 49, "_wandb": {"runtime": 5876}}