{"best_f": -24.025539430964198, "f_hat_x": 12.131594063324297, "f_x": -30.774982631987044, "f_res": 42.906576695311344, "sum_c_x": 38.93564112749257, "cum_costs": 937.8367043070236, "E_inv_c": 0, "sum_Ec": 0, "inv_cost": 0.025683409109036014, "E_c": {"0": 0}, "c_x": {"0": 10.411556699611895, "1": 12.47357021727953, "2": 16.05051421060115}, "c_res": {"0": 10.411556699611895}, "inv_c_res": 0.025683409109036014, "eta": 1.0, "_timestamp": 1683805229.607857, "_runtime": 31.74800705909729, "_step": 1}