{"best_f": 2.3838038473979726, "f_hat_x": 6.4893616293323095, "f_x": 2.3838038473979726, "f_res": 4.105557781934337, "sum_c_x": 6.771656824313852, "cum_costs": 598.6035717196727, "E_inv_c": 0.14766238275514112, "sum_Ec": 6.772230046158816, "inv_cost": 0.14767434705336333, "E_c": {"0": 1.999961668789, "1": 0.48632268509971277, "2": 4.285945692270103}, "c_x": {"0": 2.0000000000514353, "1": 0.48626939349625076, "2": 4.285387430766166}, "c_res": {"0": 3.833126243524276e-05, "1": 5.329160346201345e-05, "2": 0.0005582615039374517}, "inv_c_res": 1.1964298222200132e-05, "eta": 1.0, "_timestamp": 1683575871.7064905, "_runtime": 5240.840763568878, "_step": 49, "_wandb": {"runtime": 5240}}