{"best_f": 0.05730438938503801, "f_hat_x": -0.2841896990832006, "f_x": -11.535555569846219, "f_res": 11.251365870763019, "sum_c_x": 13.249565193769687, "cum_costs": 820.0263363584615, "E_inv_c": 0.07741505150155938, "sum_Ec": 13.128794863019833, "inv_cost": 0.07547417484086404, "E_c": {"0": 8.91889580985239, "1": 0.1441412883061283, "2": 4.0657577648613135}, "c_x": {"0": 9.018290401978124, "1": 0.16722125325742254, "2": 4.064053538534141}, "c_res": {"0": 0.09939459212573354, "1": 0.023079964951294246, "2": 0.0017042263271722646}, "inv_c_res": 0.0019408766606953398, "eta": 1.0, "_timestamp": 1683504068.7251337, "_runtime": 3379.224521636963, "_step": 49, "_wandb": {"runtime": 3378}}