{"best_f": 193.888509552547, "f_hat_x": 2.783240927318652, "f_x": 193.83287988674869, "f_res": 191.04963895943004, "sum_c_x": 25.564857766375887, "cum_costs": 1536.0337203119482, "E_inv_c": 0.03911626849920566, "sum_Ec": 25.564810990195827, "inv_cost": 0.039116196504533164, "E_c": {"0": 2.0000769236703353, "1": 7.567053007223047, "2": 15.997681059302446}, "c_x": {"0": 2.0001206368824738, "1": 7.567058512768305, "2": 15.997678616725105}, "c_res": {"0": 4.371321213847423e-05, "1": 5.505545258799316e-06, "2": 2.442577340389107e-06}, "inv_c_res": 7.199467249446867e-08, "eta": 2.0, "_timestamp": 1683580598.2339296, "_runtime": 2307.3471426963806, "_step": 49, "_wandb": {"runtime": 2306}}