{"best_f": -16.70320947070198, "f_hat_x": 1.458881478620302, "f_x": -201.25807383225484, "f_res": 202.71695531087514, "sum_c_x": 25.133159526818215, "cum_costs": 220.07178904252822, "E_inv_c": 0, "sum_Ec": 0, "inv_cost": 0.03978807355807991, "E_c": {"0": 0}, "c_x": {"0": 9.095431299016687, "1": 6.973534936335181, "2": 9.06419329146635}, "c_res": {"0": 9.095431299016687}, "inv_c_res": 0.03978807355807991, "eta": 0.01, "_timestamp": 1683452317.9451754, "_runtime": 21.879438400268555, "_step": 0, "_wandb": {"runtime": 31}}