{"best_f": -1.6966332889180689, "f_hat_x": 1.9047340852670196, "f_x": -8.76489607955328, "f_res": 10.6696301648203, "sum_c_x": 49.68636696113417, "cum_costs": 2972.261843585394, "E_inv_c": 0.019732011916165918, "sum_Ec": 50.69865043027154, "inv_cost": 0.019384908018934104, "E_c": {"0": 2.0001584723630472, "1": 0.6587358377132664, "2": 48.03975612019523}, "c_x": {"0": 0.10000000149011612, "1": 1.1263222415992227, "2": 48.46004471804483}, "c_res": {"0": 1.900158470872931, "1": 0.4675864038859563, "2": 0.4202885978495985}, "inv_c_res": 0.00034710389723181453, "eta": 2.0, "_timestamp": 1683669223.3960218, "_runtime": 998.0100018978119, "_step": 45}