{"best_f": -2.9732052655637813, "f_hat_x": 2.8789900365152126, "f_x": -5.488867323249823, "f_res": 8.367857359765036, "sum_c_x": 367.75867238895984, "cum_costs": 17969.791703520914, "E_inv_c": 0, "sum_Ec": 0, "inv_cost": 0.002719174488813551, "E_c": {"0": 0}, "c_x": {"0": 140.41925864191504, "1": 60.082393082671146, "2": 167.25702066437367}, "c_res": {"0": 140.41925864191504}, "inv_c_res": 0.002719174488813551, "eta": 0.1285121565651031, "_timestamp": 1683859861.6152868, "_runtime": 817.6154427528381, "_step": 39, "_wandb": {"runtime": 816}}