{"best_f": 118.045899663597, "f_hat_x": 9.468080490740661, "f_x": 117.53301278273292, "f_res": 108.06493229199226, "sum_c_x": 11.592285490943068, "cum_costs": 212.72133046936014, "E_inv_c": 0.08629451548500591, "sum_Ec": 11.58853833095516, "inv_cost": 0.08626426607430343, "E_c": {"0": 2.0000000104928692, "1": 7.592262160340821, "2": 1.996276160121469}, "c_x": {"0": 2.000000010492607, "1": 7.5921487489332025, "2": 2.0001367315172587}, "c_res": {"0": 2.62456723021387e-13, "1": 0.00011341140761889079, "2": 0.003860571395789769}, "inv_c_res": 3.0249410702481994e-05, "eta": 1.0, "_timestamp": 1683568588.365915, "_runtime": 86.73735499382019, "_step": 7}