{"best_f": -10.353200185915387, "f_hat_x": 0.060829958014991165, "f_x": -63.28534030372704, "f_res": 63.34617026174203, "sum_c_x": 4.757471248926354, "cum_costs": 211.00648717599375, "E_inv_c": 0, "sum_Ec": 0, "inv_cost": 0.21019570012654848, "E_c": {"0": 0}, "c_x": {"0": 2.060872188304095, "1": 0.1214367384961319, "2": 2.5751623221261273}, "c_res": {"0": 2.060872188304095}, "inv_c_res": 0.21019570012654848, "eta": 0.01, "_timestamp": 1683453223.4124267, "_runtime": 177.1180727481842, "_step": 1}