{"best_f": 0.5741994199621443, "f_hat_x": 5.286994414023738, "f_x": -14336.040382289333, "f_res": 14341.327376703357, "sum_c_x": 4.316633923779144, "cum_costs": 104.74832356723113, "E_inv_c": 0.2341165218207212, "sum_Ec": 4.32580429130223, "inv_cost": 0.23166198886852002, "E_c": {"0": 2.000000033881374, "1": 0.16677693582101888, "2": 2.159027321599837}, "c_x": {"0": 2.0000000338777646, "1": 0.16670866333584988, "2": 2.1499252265655295}, "c_res": {"0": 3.609557097661309e-12, "1": 6.827248516899642e-05, "2": 0.009102095034307478}, "inv_c_res": 0.0024545329522011883, "eta": 1.0, "_timestamp": 1683590775.2612233, "_runtime": 63.93184041976929, "_step": 3}