{"best_f": -1.2751173172657424, "f_hat_x": 6.092063909370593, "f_x": -7.443119692400611, "f_res": 13.535183601771203, "sum_c_x": 28.096269813223074, "cum_costs": 2483.7193372713973, "E_inv_c": 0, "sum_Ec": 0, "inv_cost": 0.035591913326849016, "E_c": {"0": 0}, "c_x": {"0": 9.193914889697698, "1": 9.853226663025849, "2": 9.049128260499527}, "c_res": {"0": 9.193914889697698}, "inv_c_res": 0.035591913326849016, "eta": 1.0, "_timestamp": 1683763982.37202, "_runtime": 510.5235900878906, "_step": 49, "_wandb": {"runtime": 509}}