{"best_f": -2.3356080923236817, "f_hat_x": 0.04444390308413482, "f_x": -5.350703585709995, "f_res": 5.39514748879413, "sum_c_x": 8.804223899045667, "cum_costs": 538.4103759325708, "E_inv_c": 0, "sum_Ec": 0, "inv_cost": 0.11358184565347036, "E_c": {"0": 0}, "c_x": {"0": 2.466007571938377, "1": 3.2586936652656395, "2": 3.07952266184165}, "c_res": {"0": 2.466007571938377}, "inv_c_res": 0.11358184565347036, "eta": 2.6, "_timestamp": 1683406797.872563, "_runtime": 4237.007375955582, "_step": 49, "_wandb": {"runtime": 4236}}