{"best_f": -8.826566070097208, "f_hat_x": 9.621475470561888, "f_x": -8.826566747534713, "f_res": 18.448042218096603, "sum_c_x": 115.39222378138071, "cum_costs": 4073.327010655303, "E_inv_c": 0.10329248436102666, "sum_Ec": 332.868373821023, "inv_cost": 0.003049189858852012, "E_c": {"0": 139.99770356795872, "1": 72.759437882523, "2": 120.11123237054127}, "c_x": {"0": 0.10000000149011612, "1": 0.10000000149011612, "2": 115.19222377840047}, "c_res": {"0": 0.006745924608935638, "1": 0.0001470153677161079, "2": 4.919008592140798}, "inv_c_res": 0.10024329450217465, "eta": 1.0, "_timestamp": 1683812585.1533754, "_runtime": 71.55513834953308, "_step": 2, "_wandb": {"runtime": 70}}