{"best_f": -4.014608871576547, "f_hat_x": 6.518847292300098, "f_x": -4.1084611534559325, "f_res": 10.62730844575603, "sum_c_x": 125.60457257927595, "cum_costs": 10498.604487898589, "E_inv_c": 0, "sum_Ec": 0, "inv_cost": 0.002962912010682337, "E_c": {"0": 0}, "c_x": {"0": 0.10000000149011612, "1": 0.10000000149011612, "2": 125.40457257629572}, "c_res": {"0": 140.0281270772028}, "inv_c_res": 0.002962912010682337, "eta": 1.0, "_timestamp": 1683849255.8163753, "_runtime": 4579.513580322266, "_step": 39, "_wandb": {"runtime": 4578}}