{"best_f": 76.76766759285204, "f_hat_x": 0.19581598234273792, "f_x": 68.29621061789368, "f_res": 68.10039463555094, "sum_c_x": 168.1423035985049, "cum_costs": 14677.662848251335, "E_inv_c": 0, "sum_Ec": 0, "inv_cost": 0.004373285193611741, "E_c": {"0": 0}, "c_x": {"0": 0.10000000149011612, "1": 43.0460358454269, "2": 124.99626775158788}, "c_res": {"0": 60.61874998822727}, "inv_c_res": 0.004373285193611741, "eta": 0.07694497527671314, "_timestamp": 1683752211.503901, "_runtime": 4806.512461900711, "_step": 49, "_wandb": {"runtime": 4805}}