{"best_f": -0.11969654641671257, "f_hat_x": 0.40295901857210437, "f_x": -1.683731026993383, "f_res": 2.0866900455654873, "sum_c_x": 7.092223473939825, "cum_costs": 415.5636920340053, "E_inv_c": 0.14142199725302387, "sum_Ec": 7.071615908351424, "inv_cost": 0.1409995051163393, "E_c": {"0": 2.9412295319352753, "1": 0.5408485635417096, "2": 3.589537812874439}, "c_x": {"0": 2.940411843193286, "1": 0.5405915433345841, "2": 3.6112200874119544}, "c_res": {"0": 0.0008176887419892864, "1": 0.0002570202071254801, "2": 0.02168227453751559}, "inv_c_res": 0.00042249213668457686, "eta": 0.99, "_timestamp": 1683478431.7769992, "_runtime": 906.1494083404541, "_step": 15}