{"best_f": 196.22669821465973, "f_hat_x": 2.5842192275201206, "f_x": 193.12075083138978, "f_res": 190.53653160386966, "sum_c_x": 26.315310611469975, "cum_costs": 1545.8591130214288, "E_inv_c": 0, "sum_Ec": 0, "inv_cost": 0.03800069148962023, "E_c": {"0": 0}, "c_x": {"0": 2.4749224145783195, "1": 7.845513900574497, "2": 15.99487429631716}, "c_res": {"0": 2.4749224145783195}, "inv_c_res": 0.03800069148962023, "eta": 1.0, "_timestamp": 1683582516.6400168, "_runtime": 4220.307500839233, "_step": 49, "_wandb": {"runtime": 4219}}