{"best_f": -1.3875888010447621, "f_hat_x": 6.544312158816707, "f_x": -2.1052865660514026, "f_res": 8.64959872486811, "sum_c_x": 27.886007116811797, "cum_costs": 2192.671396135735, "E_inv_c": 0, "sum_Ec": 0, "inv_cost": 0.035860279164783126, "E_c": {"0": 0}, "c_x": {"0": 9.736025983039225, "1": 9.103726913981289, "2": 9.046254219791281}, "c_res": {"0": 9.736025983039225}, "inv_c_res": 0.035860279164783126, "eta": 1.0, "_timestamp": 1683806204.2869592, "_runtime": 63.7991042137146, "_step": 37}