{"best_f": -1.4014267073965812, "f_hat_x": 1.3629962605952028, "f_x": -58.36324377933586, "f_res": 59.726240039931064, "sum_c_x": 76.84621687953117, "cum_costs": 2627.6071444144977, "E_inv_c": 0, "sum_Ec": 0, "inv_cost": 0.01301300233904372, "E_c": {"0": 0}, "c_x": {"0": 11.840268715298624, "1": 52.018897023610535, "2": 12.987051140622007}, "c_res": {"0": 11.840268715298624}, "inv_c_res": 0.01301300233904372, "eta": 1.0, "_timestamp": 1683764028.7531707, "_runtime": 556.8457827568054, "_step": 49, "_wandb": {"runtime": 556}}