{"best_f": -3.012980904521644, "f_hat_x": 5.978957318727724, "f_x": -4.62139488236981, "f_res": 10.600352201097532, "sum_c_x": 367.265031348471, "cum_costs": 12734.484431470926, "E_inv_c": 0, "sum_Ec": 0, "inv_cost": 0.0027228293320721107, "E_c": {"0": 0}, "c_x": {"0": 140.04272499877243, "1": 56.853764126510384, "2": 170.36854222318814}, "c_res": {"0": 140.04272499877243}, "inv_c_res": 0.0027228293320721107, "eta": 1.0, "_timestamp": 1683676156.1641254, "_runtime": 142.33033847808838, "_step": 26}