{"best_f": 3.289654637035621, "f_hat_x": 7.791577227793741, "f_x": -8.977914915810539, "f_res": 16.769492143604282, "sum_c_x": 5.014662146584565, "cum_costs": 125.76646568840515, "E_inv_c": 0, "sum_Ec": 0, "inv_cost": 0.19941522893642788, "E_c": {"0": 0}, "c_x": {"0": 2.0000000000038582, "1": 0.8620799571605449, "2": 2.152582189420162}, "c_res": {"0": 2.0000000000038582}, "inv_c_res": 0.19941522893642788, "eta": 1.0, "_timestamp": 1683590770.4215305, "_runtime": 59.16110157966614, "_step": 3}