{"best_f": -2.1876984664274635, "f_hat_x": 0.5343806181758721, "f_x": -4.2982015434707925, "f_res": 4.832582161646664, "sum_c_x": 6.528037031627653, "cum_costs": 619.8158617426983, "E_inv_c": 0, "sum_Ec": 0, "inv_cost": 0.15318540552927398, "E_c": {"0": 0}, "c_x": {"0": 2.2567237961751534, "1": 0.14275688905003436, "2": 4.128556346402465}, "c_res": {"0": 2.2567237961751534}, "inv_c_res": 0.15318540552927398, "eta": 6.704751154404438, "_timestamp": 1683400689.3451715, "_runtime": 4316.764306545258, "_step": 49, "_wandb": {"runtime": 4316}}