{"best_f": 75.08509865436349, "f_hat_x": -0.09665188092400771, "f_x": 73.76200242850143, "f_res": 73.85865430942545, "sum_c_x": 287.5197921747023, "cum_costs": 18346.45691362682, "E_inv_c": 0, "sum_Ec": 0, "inv_cost": 0.0034780214344074852, "E_c": {"0": 0}, "c_x": {"0": 61.78025729524935, "1": 47.02188088035893, "2": 178.717653999094}, "c_res": {"0": 61.78025729524935}, "inv_c_res": 0.0034780214344074852, "eta": 1.0, "_timestamp": 1683729143.0672483, "_runtime": 344.87578439712524, "_step": 49, "_wandb": {"runtime": 344}}