{"best_f": -15.032504094404304, "f_hat_x": 7.826205242065701, "f_x": -15.032504094404304, "f_res": 22.858709336470007, "sum_c_x": 4.829798561918924, "cum_costs": 407.37014705952186, "E_inv_c": 0.24366989208359643, "sum_Ec": 4.4033935651423315, "inv_cost": 0.20704797253546134, "E_c": {"0": 2.0000124766548963, "1": 0.13520920622668092, "2": 2.2681718822607544}, "c_x": {"0": 2.000012455296962, "1": 0.13524367884800048, "2": 2.6945424277739622}, "c_res": {"0": 2.1357934532062472e-08, "1": 3.447262131955897e-05, "2": 0.42637054551320785}, "inv_c_res": 0.036621919548135096, "eta": 1.0, "_timestamp": 1683662220.6143959, "_runtime": 84.96005988121033, "_step": 6, "_wandb": {"runtime": 112}}