{"best_f": -7.124649675531387, "f_hat_x": -0.49877932635883304, "f_x": -37.618433564319545, "f_res": 37.11965423796071, "sum_c_x": 80.68651249898525, "cum_costs": 4077.074120026436, "E_inv_c": 0, "sum_Ec": 0, "inv_cost": 0.012393645096664407, "E_c": {"0": 0}, "c_x": {"0": 2.2749922716194524, "1": 8.547561357951317, "2": 69.86395886941449}, "c_res": {"0": 2.2749922716194524}, "inv_c_res": 0.012393645096664407, "eta": 1.0, "_timestamp": 1683662592.9914818, "_runtime": 180.29800271987915, "_step": 49, "_wandb": {"runtime": 179}}