{"best_f": 77.71367784419465, "f_hat_x": -0.024582364741159848, "f_x": 71.53474396969854, "f_res": 71.5593263344397, "sum_c_x": 357.0965720317279, "cum_costs": 13710.122562290368, "E_inv_c": 0, "sum_Ec": 0, "inv_cost": 0.002800362922305371, "E_c": {"0": 0}, "c_x": {"0": 149.73442614807828, "1": 55.774491847376964, "2": 151.58765403627262}, "c_res": {"0": 149.73442614807828}, "inv_c_res": 0.002800362922305371, "eta": 0.07694497527671314, "_timestamp": 1683750723.5886738, "_runtime": 3318.575412750244, "_step": 49, "_wandb": {"runtime": 3317}}