{"best_f": 196.76777938947777, "f_hat_x": 2.7880831958090693, "f_x": 196.7618238369968, "f_res": 193.97374064118773, "sum_c_x": 26.346362277146948, "cum_costs": 1560.2019128347144, "E_inv_c": 0.037956136177770675, "sum_Ec": 26.346201849714795, "inv_cost": 0.03795590410093951, "E_c": {"0": 2.534804449212924, "1": 7.813859263639791, "2": 15.997538136862081}, "c_x": {"0": 2.5349099447618935, "1": 7.8139011150217135, "2": 15.997551217363341}, "c_res": {"0": 0.00010549554896943647, "1": 4.185138192269733e-05, "2": 1.3080501259921107e-05}, "inv_c_res": 2.3207683116227562e-07, "eta": 1.0, "_timestamp": 1683581153.4462137, "_runtime": 2862.512923717499, "_step": 49, "_wandb": {"runtime": 2861}}