{"best_f": -0.7820776325636798, "f_hat_x": -0.6481459094561492, "f_x": -5.152872002039932, "f_res": 4.504726092583783, "sum_c_x": 16.508634308709922, "cum_costs": 607.9021214647801, "E_inv_c": 0.06850182122429423, "sum_Ec": 31.202874949595603, "inv_cost": 0.06057436256083291, "E_c": {"0": 6.707028963655786, "1": 21.695821459795987, "2": 2.8000245261438304}, "c_x": {"0": 6.707130026648659, "1": 7.001765536460098, "2": 2.7997387456011635}, "c_res": {"0": 0.00010106299287304665, "1": 14.694055923335888, "2": 0.00028578054266681363}, "inv_c_res": 0.007927458663461319, "eta": 3.0, "_timestamp": 1683412155.1454737, "_runtime": 5184.41205573082, "_step": 49, "_wandb": {"runtime": 5183}}