{"best_f": 60.983440192549715, "f_hat_x": 0.8026761749672336, "f_x": 18.382884472862266, "f_res": 17.58020829789503, "sum_c_x": 17.171733322952175, "cum_costs": 1043.2729725666377, "E_inv_c": 0, "sum_Ec": 0, "inv_cost": 0.05823523934321613, "E_c": {"0": 0}, "c_x": {"0": 2.131064069784146, "1": 0.6325454465692493, "2": 14.40812380659878}, "c_res": {"0": 2.131064069784146}, "inv_c_res": 0.05823523934321613, "eta": 2.0, "_timestamp": 1683634704.5016222, "_runtime": 6045.555400133133, "_step": 49, "_wandb": {"runtime": 6044}}