{"best_f": -0.5321356988813075, "f_hat_x": -0.017400631284094116, "f_x": -5.836840288989733, "f_res": 5.819439657705639, "sum_c_x": 13.107197090477873, "cum_costs": 849.2239384515206, "E_inv_c": 0, "sum_Ec": 0, "inv_cost": 0.07629396224815149, "E_c": {"0": 0}, "c_x": {"0": 8.825332991318561, "1": 0.17133074155827177, "2": 4.1105333576010405}, "c_res": {"0": 8.825332991318561}, "inv_c_res": 0.07629396224815149, "eta": 0.1352759542790559, "_timestamp": 1683490621.0484934, "_runtime": 12054.267960309982, "_step": 49, "_wandb": {"runtime": 12053}}