{"best_f": -16.70320947070198, "f_hat_x": -0.1562523693694862, "f_x": -131.60046586163662, "f_res": 131.44421349226712, "sum_c_x": 4.818981673128789, "cum_costs": 219.29245210579808, "E_inv_c": 0, "sum_Ec": 0, "inv_cost": 0.20751272111618893, "E_c": {"0": 0}, "c_x": {"0": 2.669442674270952, "1": 0.022854165697946516, "2": 2.1266848331598904}, "c_res": {"0": 2.669442674270952}, "inv_c_res": 0.20751272111618893, "eta": 0.01, "_timestamp": 1683453233.8837032, "_runtime": 187.80772733688354, "_step": 2}