{"best_f": -10.353200185915387, "f_hat_x": -0.4570047114456349, "f_x": -12.13140698543629, "f_res": 11.674402273990655, "sum_c_x": 209.2342783351534, "cum_costs": 3475.1321759498396, "E_inv_c": 0, "sum_Ec": 0, "inv_cost": 0.004779331608361947, "E_c": {"0": 0}, "c_x": {"0": 69.7588743727206, "1": 37.56230635617329, "2": 101.9130976062595}, "c_res": {"0": 69.7588743727206}, "inv_c_res": 0.004779331608361947, "eta": 1.0, "_timestamp": 1683715567.0760076, "_runtime": 18.776068687438965, "_step": 0}