{"best_f": -6.2289358184882575, "f_hat_x": -1.410532864958998, "f_x": -19.955903959313655, "f_res": 18.545371094354657, "sum_c_x": 328.4277633192637, "cum_costs": 19938.731022475527, "E_inv_c": 0, "sum_Ec": 0, "inv_cost": 0.0030448095797184563, "E_c": {"0": 0}, "c_x": {"0": 141.95763427499756, "1": 74.24143717242919, "2": 112.22869187183696}, "c_res": {"0": 141.95763427499756}, "inv_c_res": 0.0030448095797184563, "eta": 1.0, "_timestamp": 1683674977.5508363, "_runtime": 105.47577333450317, "_step": 46}