{"best_f": -5.582585056155169, "f_hat_x": 8.507505205081129, "f_x": -5.582585056155169, "f_res": 14.090090261236298, "sum_c_x": 282.93405370337337, "cum_costs": 4435.414833333794, "E_inv_c": 0, "sum_Ec": 0, "inv_cost": 0.0035343925091759895, "E_c": {"0": 0}, "c_x": {"0": 138.5561350439666, "1": 54.98418901863015, "2": 89.39372964077661}, "c_res": {"0": 138.5561350439666}, "inv_c_res": 0.0035343925091759895, "eta": 1.0, "_timestamp": 1683822360.4365582, "_runtime": 31.249657154083252, "_step": 2, "_wandb": {"runtime": 30}}