{"best_f": -3.6140688936875516, "f_hat_x": 10.46530430663033, "f_x": -3.6625128952267736, "f_res": 14.127817201857104, "sum_c_x": 141.42727811228505, "cum_costs": 5252.673453671213, "E_inv_c": 0, "sum_Ec": 0, "inv_cost": 0.0027623844297652625, "E_c": {"0": 0}, "c_x": {"0": 0.10000000149011612, "1": 0.10000000149011612, "2": 141.22727810930482}, "c_res": {"0": 141.6852519617973}, "inv_c_res": 0.0027623844297652625, "eta": 0.6973568802000003, "_timestamp": 1683837147.9200885, "_runtime": 391.30589747428894, "_step": 9}