{"best_f": -2.269311790634649, "f_hat_x": 0.4600538148453507, "f_x": -7.050209192452064, "f_res": 7.510263007297414, "sum_c_x": 178.43235191672716, "cum_costs": 11407.527140316206, "E_inv_c": 0.004221270583421243, "sum_Ec": 236.913119323966, "inv_cost": 0.004216876300752733, "E_c": {"0": 58.83500561248186, "1": 53.59592184275408, "2": 124.48219186873003}, "c_x": {"0": 0.10000000149011612, "1": 53.85891684247899, "2": 124.47343507275806}, "c_res": {"0": 0.024997003295887055, "1": 0.2629949997249099, "2": 0.008756795971962106}, "inv_c_res": 4.394282668509705e-06, "eta": 0.6050060671375365, "_timestamp": 1683720494.5509224, "_runtime": 4872.077202320099, "_step": 49, "_wandb": {"runtime": 4871}}