{"best_f": -0.9351712245632626, "f_hat_x": -0.3535308456037718, "f_x": -2.5315108624740588, "f_res": 2.177980016870287, "sum_c_x": 15.283294536226776, "cum_costs": 1097.6222812375902, "E_inv_c": 0, "sum_Ec": 0, "inv_cost": 0.06543091855160213, "E_c": {"0": 0}, "c_x": {"0": 8.864055520050439, "1": 1.9622490291832904, "2": 4.456989986993047}, "c_res": {"0": 8.864055520050439}, "inv_c_res": 0.06543091855160213, "eta": 0.0, "_timestamp": 1683385659.9967086, "_runtime": 6387.388664722443, "_step": 49, "_wandb": {"runtime": 6386}}