{"best_f": -10.882734699649848, "f_hat_x": 1.2770164328322866, "f_x": -13.622518324603917, "f_res": 14.899534757436204, "sum_c_x": 40.237975575426816, "cum_costs": 443.3421541538263, "E_inv_c": 0, "sum_Ec": 0, "inv_cost": 0.02485214491284438, "E_c": {"0": 0}, "c_x": {"0": 2.005221950826061, "1": 7.43742747159563, "2": 30.795326153005128}, "c_res": {"0": 2.005221950826061}, "inv_c_res": 0.02485214491284438, "eta": 1.0, "_timestamp": 1683662150.4228666, "_runtime": 14.750452518463135, "_step": 0, "_wandb": {"runtime": 14}}