{"best_f": -4.4486636910355655, "f_hat_x": 0.5660704848250417, "f_x": -7.40030370097422, "f_res": 7.966374185799262, "sum_c_x": 85.29901358116311, "cum_costs": 6239.186853837354, "E_inv_c": 0.1061385693296507, "sum_Ec": 236.9240321209815, "inv_cost": 0.004214427423517539, "E_c": {"0": 71.10322896444303, "1": 81.06591403992954, "2": 84.75488911660892}, "c_x": {"0": 0.10000000149011612, "1": 0.10000000149011612, "2": 85.09901357818288}, "c_res": {"0": 0.0031968504277557486, "1": 0.015197097660035297, "2": 0.34412446157395493}, "inv_c_res": 0.10192414190613316, "eta": 1.0, "_timestamp": 1683866045.246352, "_runtime": 2451.9579968452454, "_step": 39, "_wandb": {"runtime": 2451}}