{"best_f": -0.8663832737261956, "f_hat_x": -0.4505101933128516, "f_x": -6.537460922260323, "f_res": 6.086950728947471, "sum_c_x": 125.00260276396398, "cum_costs": 11226.460909534842, "E_inv_c": 0, "sum_Ec": 0, "inv_cost": 0.0035139662192632715, "E_c": {"0": 0}, "c_x": {"0": 0.10000000149011612, "1": 0.10000000149011612, "2": 124.80260276098375}, "c_res": {"0": 85.08969521539177}, "inv_c_res": 0.0035139662192632715, "eta": 1.0, "_timestamp": 1683690457.2323287, "_runtime": 2916.32644367218, "_step": 49, "_wandb": {"runtime": 2915}}