{"best_f": -5.621730485611323, "f_hat_x": 9.607664790240216, "f_x": -5.621730485611323, "f_res": 15.22939527585154, "sum_c_x": 355.49806078057566, "cum_costs": 4553.890270434507, "E_inv_c": 0, "sum_Ec": 0, "inv_cost": 0.0028129548662073596, "E_c": {"0": 0}, "c_x": {"0": 140.36395757313608, "1": 69.27128060763015, "2": 145.86282259980942}, "c_res": {"0": 140.36395757313608}, "inv_c_res": 0.0028129548662073596, "eta": 1.0, "_timestamp": 1683813030.1058354, "_runtime": 48.78853940963745, "_step": 2, "_wandb": {"runtime": 47}}