{"best_f": 71.83944616033338, "f_hat_x": 0.20491859258039458, "f_x": 65.0754881396636, "f_res": 64.8705695470832, "sum_c_x": 125.20250597514077, "cum_costs": 10281.653503113545, "E_inv_c": 0, "sum_Ec": 0, "inv_cost": 0.004223625848028233, "E_c": {"0": 0}, "c_x": {"0": 0.10000000149011612, "1": 0.10000000149011612, "2": 125.00250597216053}, "c_res": {"0": 60.85076418639278}, "inv_c_res": 0.004223625848028233, "eta": 4.0, "_timestamp": 1683748268.351816, "_runtime": 859.30881690979, "_step": 49, "_wandb": {"runtime": 858}}