{"best_f": -3.476961460519072, "f_hat_x": -0.3177300152067182, "f_x": -4.824911482542831, "f_res": 4.507181467336112, "sum_c_x": 16.251710290793937, "cum_costs": 863.9082717077897, "E_inv_c": 0, "sum_Ec": 0, "inv_cost": 0.0615319853791922, "E_c": {"0": 0}, "c_x": {"0": 8.317045119562152, "1": 0.6701094410610728, "2": 7.264555730170713}, "c_res": {"0": 8.317045119562152}, "inv_c_res": 0.0615319853791922, "eta": 0.6964132180495735, "_timestamp": 1683510655.065551, "_runtime": 4858.50292801857, "_step": 35}