{"best_f": -3.077055894607725, "f_hat_x": 6.291574247976862, "f_x": -4.574802630646107, "f_res": 10.866376878622969, "sum_c_x": 325.68164242261923, "cum_costs": 17139.172794165683, "E_inv_c": 0, "sum_Ec": 0, "inv_cost": 0.0030704831643607188, "E_c": {"0": 0}, "c_x": {"0": 140.01747208767725, "1": 86.80833299383639, "2": 98.8558373411056}, "c_res": {"0": 140.01747208767725}, "inv_c_res": 0.0030704831643607188, "eta": 1.0, "_timestamp": 1683837975.1220884, "_runtime": 537.5801644325256, "_step": 39, "_wandb": {"runtime": 536}}