{"best_f": -3.9929071773740885, "f_hat_x": 0.19765038956720576, "f_x": -4.71700438772614, "f_res": 4.914654777293346, "sum_c_x": 63.52625910071325, "cum_costs": 6147.757609124422, "E_inv_c": 0.10874799238162262, "sum_Ec": 229.63548115673427, "inv_cost": 0.004354718119753496, "E_c": {"0": 84.60079115050729, "1": 81.71135343450001, "2": 63.32333657172697}, "c_x": {"0": 0.10000000149011612, "1": 0.10000000149011612, "2": 63.326259097733015}, "c_res": {"0": 0.0003905389243357149, "1": 0.002024659535805995, "2": 0.0029225260060457003}, "inv_c_res": 0.10439327426186913, "eta": 1.0, "_timestamp": 1683866579.0917604, "_runtime": 2985.7169423103333, "_step": 39, "_wandb": {"runtime": 2985}}