{"best_f": 58.57022024987768, "f_hat_x": 1.0446995778291295, "f_x": -168.88973948585533, "f_res": 169.93443906368447, "sum_c_x": 15.211893626232321, "cum_costs": 1091.7644629472281, "E_inv_c": 0.06452625458668912, "sum_Ec": 15.50163659986898, "inv_cost": 0.06573803528809449, "E_c": {"0": 2.2513449125823364, "1": 0.6570807309336065, "2": 12.593210956353037}, "c_x": {"0": 2.296552114008419, "1": 0.3220970752757232, "2": 12.59324443694818}, "c_res": {"0": 0.04520720142608248, "1": 0.33498365565788335, "2": 3.3480595142521e-05}, "inv_c_res": 0.0012117807014053739, "eta": 1.0, "_timestamp": 1683619143.593132, "_runtime": 4032.1374521255493, "_step": 49, "_wandb": {"runtime": 4031}}