{"best_f": -5.538781048804029, "f_hat_x": -0.1390071932571115, "f_x": -12.544995056867172, "f_res": 12.405987863610061, "sum_c_x": 337.7572582299043, "cum_costs": 20736.385726043092, "E_inv_c": 0, "sum_Ec": 0, "inv_cost": 0.002960706174726587, "E_c": {"0": 0}, "c_x": {"0": 151.90088105155812, "1": 50.674371044423, "2": 135.18200613392318}, "c_res": {"0": 151.90088105155812}, "inv_c_res": 0.002960706174726587, "eta": 2.0, "_timestamp": 1683683247.478421, "_runtime": 147.21556091308594, "_step": 49, "_wandb": {"runtime": 146}}