{"best_f": -1.3772770870694533, "f_hat_x": 7.662924230628691, "f_x": -1.4350703965819491, "f_res": 9.097994627210639, "sum_c_x": 27.23505433106233, "cum_costs": 1884.2060720707993, "E_inv_c": 0, "sum_Ec": 0, "inv_cost": 0.036717385904366365, "E_c": {"0": 0}, "c_x": {"0": 9.11699576234483, "1": 9.048771056276307, "2": 9.069287512441194}, "c_res": {"0": 9.11699576234483}, "inv_c_res": 0.036717385904366365, "eta": 1.0, "_timestamp": 1683807393.0376437, "_runtime": 51.36422777175903, "_step": 28}