{"best_f": -3.2262504865811197, "f_hat_x": 4.010105076811222, "f_x": -6.648768523992236, "f_res": 10.658873600803457, "sum_c_x": 148.6787848101942, "cum_costs": 9497.397906417189, "E_inv_c": 0, "sum_Ec": 0, "inv_cost": 0.003465032780590735, "E_c": {"0": 0}, "c_x": {"0": 0.10000000149011612, "1": 44.56213705797459, "2": 104.0166477507295}, "c_res": {"0": 140.0187735178625}, "inv_c_res": 0.003465032780590735, "eta": 1.0, "_timestamp": 1683848870.5618498, "_runtime": 4194.283994913101, "_step": 39, "_wandb": {"runtime": 4193}}