{"best_f": 3.289654637035621, "f_hat_x": 7.467720195133144, "f_x": -20.0236276921297, "f_res": 27.491347887262844, "sum_c_x": 4.315609290111311, "cum_costs": 128.68580722293808, "E_inv_c": 0.23204589882482593, "sum_Ec": 4.317002531186969, "inv_cost": 0.2317169912233198, "E_c": {"0": 1.9999999999949647, "1": 0.07396935817392614, "2": 2.243033173018078}, "c_x": {"0": 2.0000000000007194, "1": 0.07396840493016132, "2": 2.2416408851804306}, "c_res": {"0": 5.7547300258420364e-12, "1": 9.53243764811873e-07, "2": 0.0013922878376475545}, "inv_c_res": 0.00032890760150613985, "eta": 1.0, "_timestamp": 1683590776.8053515, "_runtime": 65.54538655281067, "_step": 4}