{"best_f": -1.3135137938276655, "f_hat_x": -0.7945173712598869, "f_x": -5.953595926831165, "f_res": 5.159078555571278, "sum_c_x": 14.382073734041983, "cum_costs": 772.0141488854122, "E_inv_c": 0, "sum_Ec": 0, "inv_cost": 0.06953100216925094, "E_c": {"0": 0}, "c_x": {"0": 9.420858850498277, "1": 1.0914643270651596, "2": 3.8697505564785466}, "c_res": {"0": 9.420858850498277}, "inv_c_res": 0.06953100216925094, "eta": 1.6, "_timestamp": 1683395856.6688514, "_runtime": 6066.847009420395, "_step": 49, "_wandb": {"runtime": 6066}}