{"best_f": -7.095846376947508, "f_hat_x": 2.016349517782668, "f_x": -54.54344322269597, "f_res": 56.559792740478635, "sum_c_x": 6.079359712217867, "cum_costs": 320.3541846268107, "E_inv_c": 0, "sum_Ec": 0, "inv_cost": 0.16449100683913648, "E_c": {"0": 0}, "c_x": {"0": 2.0467502482225672, "1": 1.5561225862943493, "2": 2.4764868777009506}, "c_res": {"0": 2.0467502482225672}, "inv_c_res": 0.16449100683913648, "eta": 2.0, "_timestamp": 1683552605.3483605, "_runtime": 7240.736225605011, "_step": 49, "_wandb": {"runtime": 7239}}