{"best_f": -16.70320947070198, "f_hat_x": 0.9256873601912305, "f_x": -138.97329829793318, "f_res": 139.89898565812442, "sum_c_x": 11.251919973879007, "cum_costs": 206.19054948958902, "E_inv_c": 0, "sum_Ec": 0, "inv_cost": 0.08887372131347093, "E_c": {"0": 0}, "c_x": {"0": 2.0782538728908673, "1": 0.10947280952179017, "2": 9.06419329146635}, "c_res": {"0": 2.0782538728908673}, "inv_c_res": 0.08887372131347093, "eta": 0.01, "_timestamp": 1683452317.8396215, "_runtime": 22.024093627929688, "_step": 0, "_wandb": {"runtime": 37}}