{"best_f": -5.462184894305972, "f_hat_x": 1.7592130258634184, "f_x": -48.711846516412876, "f_res": 50.47105954227629, "sum_c_x": 4.111235400117351, "cum_costs": 327.79223145858646, "E_inv_c": 0.24317860465831584, "sum_Ec": 4.112205046439826, "inv_cost": 0.24323588962370196, "E_c": {"0": 2.000049397174042, "1": 0.09424915842739315, "2": 2.017906490838391}, "c_x": {"0": 2.000049346980603, "1": 0.09425097907860347, "2": 2.0169350740581438}, "c_res": {"0": 5.01934387386882e-08, "1": 1.8206512103213779e-06, "2": 0.0009714167802470364}, "inv_c_res": 5.728496538612293e-05, "eta": 1.0, "_timestamp": 1683550661.3567748, "_runtime": 5297.0392508506775, "_step": 49, "_wandb": {"runtime": 5295}}