{"best_f": -1.8325561592270714, "f_hat_x": 3.625255117823615, "f_x": -6.070009189227692, "f_res": 9.695264307051307, "sum_c_x": 284.04359912401355, "cum_costs": 19663.863914141282, "E_inv_c": 0, "sum_Ec": 0, "inv_cost": 0.00352058628704884, "E_c": {"0": 0}, "c_x": {"0": 140.13911537654917, "1": 51.07814495073686, "2": 92.8263387967275}, "c_res": {"0": 140.13911537654917}, "inv_c_res": 0.00352058628704884, "eta": 1.0, "_timestamp": 1683823265.1267507, "_runtime": 768.1495516300201, "_step": 49, "_wandb": {"runtime": 767}}