{"best_f": -7.811608479540305, "f_hat_x": 9.254509144512587, "f_x": -7.811656349029549, "f_res": 17.066165493542137, "sum_c_x": 100.4261740170694, "cum_costs": 3851.5469825371665, "E_inv_c": 0, "sum_Ec": 0, "inv_cost": 0.0033865721813372426, "E_c": {"0": 0}, "c_x": {"0": 0.10000000149011612, "1": 0.10000000149011612, "2": 100.22617401408917}, "c_res": {"0": 142.8895615077436}, "inv_c_res": 0.0033865721813372426, "eta": 1.0, "_timestamp": 1683822041.4083872, "_runtime": 13.333690166473389, "_step": 2, "_wandb": {"runtime": 12}}