{"best_f": -2.7997577578543034, "f_hat_x": 5.814199044582302, "f_x": -2.816931212507141, "f_res": 8.631130257089442, "sum_c_x": 10.256135853702911, "cum_costs": 1607.0464845985575, "E_inv_c": 0, "sum_Ec": 0, "inv_cost": 0.03544789597965442, "E_c": {"0": 0}, "c_x": {"0": 0.10000000149011612, "1": 0.10000000149011612, "2": 10.05613585072268}, "c_res": {"0": 9.042832726951616}, "inv_c_res": 0.03544789597965442, "eta": 1.0, "_timestamp": 1683768022.7163281, "_runtime": 4550.830514192581, "_step": 49, "_wandb": {"runtime": 4550}}