{"best_f": -14.561214970693523, "f_hat_x": -0.9961543020229426, "f_x": -52.27569727729267, "f_res": 51.27954297526973, "sum_c_x": 230.77028287970066, "cum_costs": 3335.378197022925, "E_inv_c": 0.00423258428614894, "sum_Ec": 236.52762626695213, "inv_cost": 0.004333313577126804, "E_c": {"0": 62.24929076375104, "1": 55.67574342947408, "2": 118.60259207372701}, "c_x": {"0": 58.26078103747621, "1": 54.4039540173503, "2": 118.10554782487415}, "c_res": {"0": 3.9885097262748346, "1": 1.2717894121237805, "2": 0.497044248852859}, "inv_c_res": 0.00010072929097786412, "eta": 1.0, "_timestamp": 1683715573.139076, "_runtime": 24.81865406036377, "_step": 0}