{"best_f": -0.96468985753001, "f_hat_x": -2.0180875637967035, "f_x": -30.070994177859134, "f_res": 28.05290661406243, "sum_c_x": 12.814860453737644, "cum_costs": 665.1714455324222, "E_inv_c": 0, "sum_Ec": 0, "inv_cost": 0.0780344041677282, "E_c": {"0": 0}, "c_x": {"0": 8.960177144186813, "1": 0.13032141595804247, "2": 3.7243618935927882}, "c_res": {"0": 8.960177144186813}, "inv_c_res": 0.0780344041677282, "eta": 2.6, "_timestamp": 1683406028.4822762, "_runtime": 3468.2982561588287, "_step": 49, "_wandb": {"runtime": 3467}}