{"best_f": -22.202531493015954, "f_hat_x": 9.444631365507878, "f_x": -22.202531493015954, "f_res": 31.64716285852383, "sum_c_x": 31.589345806992142, "cum_costs": 1324.1331275005946, "E_inv_c": 0, "sum_Ec": 0, "inv_cost": 0.03165624277596325, "E_c": {"0": 0}, "c_x": {"0": 9.205535282331168, "1": 11.515534803380673, "2": 10.8682757212803}, "c_res": {"0": 9.205535282331168}, "inv_c_res": 0.03165624277596325, "eta": 1.0, "_timestamp": 1683804979.8677216, "_runtime": 33.46013259887695, "_step": 8}