{"best_f": -2.5835592181949742, "f_hat_x": -0.44369798165690266, "f_x": -6.231128141621994, "f_res": 5.7874301599650915, "sum_c_x": 11.774320704968021, "cum_costs": 1033.4052819812255, "E_inv_c": 0, "sum_Ec": 0, "inv_cost": 0.08493058963291726, "E_c": {"0": 0}, "c_x": {"0": 2.744017444558006, "1": 0.12196814003501211, "2": 8.908335120375003}, "c_res": {"0": 2.744017444558006}, "inv_c_res": 0.08493058963291726, "eta": 0.1352759542790559, "_timestamp": 1683490493.8653913, "_runtime": 11927.4114382267, "_step": 49, "_wandb": {"runtime": 11926}}