{"best_f": 0.12126634102921074, "f_hat_x": 1.6633283838601092, "f_x": -8.15161254695165, "sum_c_x": 141.5687314411053, "cum_costs": 7265.41617467132, "E_inv_c": 0, "sum_Ec": 0, "inv_cost": 0.007063706722667179, "E_c": {"0": 0}, "c_x": {"0": 39.60277523822488, "1": 71.00159559288437, "2": 30.964360609996064}, "c_res": {"0": 39.60277523822488}, "inv_c_res": 0.007063706722667179, "_timestamp": 1683273131.382259, "_runtime": 2116.4987988471985, "_step": 49, "_wandb": {"runtime": 2115}}