{"best_f": -2.1075084991030058, "f_hat_x": 7.842408140697999, "f_x": -2.1075084991030058, "f_res": 9.949916639801005, "sum_c_x": 300.77828992505096, "cum_costs": 11469.17606547612, "E_inv_c": 0, "sum_Ec": 0, "inv_cost": 0.0033247080440851756, "E_c": {"0": 0}, "c_x": {"0": 140.0278712702717, "1": 58.770590579730765, "2": 101.97982807504849}, "c_res": {"0": 140.0278712702717}, "inv_c_res": 0.0033247080440851756, "eta": 0.05912353176573843, "_timestamp": 1683858052.8945553, "_runtime": 8325.409927368164, "_step": 39, "_wandb": {"runtime": 8324}}