{"best_f": 122.70090268025655, "f_hat_x": 7.155475078692767, "f_x": 120.92079999980291, "f_res": 113.76532492111014, "sum_c_x": 14.990445370526256, "cum_costs": 857.7974250285511, "E_inv_c": 0, "sum_Ec": 0, "inv_cost": 0.06670915875295931, "E_c": {"0": 0}, "c_x": {"0": 2.000000000015411, "1": 7.827313251078155, "2": 5.16313211943269}, "c_res": {"0": 2.000000000015411}, "inv_c_res": 0.06670915875295931, "eta": 1, "_timestamp": 1683544772.4779134, "_runtime": 3316.2665164470673, "_step": 49, "_wandb": {"runtime": 3315}}