{"best_f": -7.062791013158394, "f_hat_x": 3.669974031680762, "f_x": -9.324307578163111, "f_res": 12.994281609843874, "sum_c_x": 48.50010784422561, "cum_costs": 749.2148077028463, "E_inv_c": 0.020435264735838617, "sum_Ec": 48.97729128084195, "inv_cost": 0.020618510853869357, "E_c": {"0": 2.0275487118585307, "1": 2.017690122900447, "2": 44.93205244608298}, "c_x": {"0": 2.001493082971767, "1": 1.976091630575817, "2": 44.522523130678024}, "c_res": {"0": 0.026055628886763493, "1": 0.0415984923246302, "2": 0.40952931540495285}, "inv_c_res": 0.00018324611803073945, "eta": 2.0, "_timestamp": 1683667950.7481956, "_runtime": 21.621626615524292, "_step": 0, "_wandb": {"runtime": 37}}