{"best_f": 116.15388947099983, "f_hat_x": 7.209312563494532, "f_x": 116.13977885452479, "f_res": 108.93046629103026, "sum_c_x": 14.338130955671923, "cum_costs": 889.7643844725638, "E_inv_c": 0.06974704737056817, "sum_Ec": 14.337527874642811, "inv_cost": 0.0697440972670442, "E_c": {"0": 2.0000046129251965, "1": 7.794061378903423, "2": 4.54346188281419}, "c_x": {"0": 2.000000000008776, "1": 7.794241355244338, "2": 4.54388960041881}, "c_res": {"0": 4.61291642039896e-06, "1": 0.00017997634091493353, "2": 0.00042771760461945973}, "inv_c_res": 2.950103523968739e-06, "eta": 2.0, "_timestamp": 1683536649.3481863, "_runtime": 2821.7710423469543, "_step": 49, "_wandb": {"runtime": 2820}}