{"best_f": -6.091545299952292, "f_hat_x": 5.154894451287455, "f_x": -12.449498613852596, "f_res": 17.60439306514005, "sum_c_x": 216.2480237219953, "cum_costs": 11037.975655668837, "E_inv_c": 0, "sum_Ec": 0, "inv_cost": 0.0027498350375101425, "E_c": {"0": 0}, "c_x": {"0": 0.10000000149011612, "1": 63.94308041369885, "2": 152.20494330680634}, "c_res": {"0": 147.510154446232}, "inv_c_res": 0.0027498350375101425, "eta": 4.0, "_timestamp": 1683831008.3662164, "_runtime": 1444.2392175197601, "_step": 49, "_wandb": {"runtime": 1443}}