{"best_f": -5.769680706385834, "f_hat_x": 5.208635408156324, "f_x": -5.819286088593684, "f_res": 11.027921496750007, "sum_c_x": 117.90192819013711, "cum_costs": 5205.229398928176, "E_inv_c": 0, "sum_Ec": 0, "inv_cost": 0.008481625494600294, "E_c": {"0": 0}, "c_x": {"0": 36.571137034981604, "1": 50.25815015908803, "2": 31.07264099606748}, "c_res": {"0": 36.571137034981604}, "inv_c_res": 0.008481625494600294, "eta": 1.0, "_timestamp": 1683296497.286318, "_runtime": 3872.982090950012, "_step": 30}