{"best_f": -6.896297755914346, "f_hat_x": 9.61592068400127, "f_x": -6.896297832037839, "f_res": 16.51221851603911, "sum_c_x": 95.9985408212275, "cum_costs": 4025.4322872665502, "E_inv_c": 0.0034450487963854693, "sum_Ec": 290.2741599782362, "inv_cost": 0.0034409962309536117, "E_c": {"0": 140.76210967443762, "1": 54.052932630012236, "2": 95.45911767378635}, "c_x": {"0": 0.10000000149011612, "1": 0.10000000149011612, "2": 95.79854081824726}, "c_res": {"0": 140.6621096729475, "1": 53.95293262852212, "2": 0.33942314446090904}, "inv_c_res": 4.052565431857634e-06, "eta": 1.0, "_timestamp": 1683674979.4063468, "_runtime": 107.2872097492218, "_step": 4}