{"best_f": -7.124649675531387, "f_hat_x": 1.5880922310863885, "f_x": -43.409479418539334, "f_res": 44.99757164962572, "sum_c_x": 383.9319170631931, "cum_costs": 19070.380307041163, "E_inv_c": 0, "sum_Ec": 0, "inv_cost": 0.002604628465508392, "E_c": {"0": 0}, "c_x": {"0": 174.97274688319658, "1": 48.82042315500938, "2": 160.13874702498714}, "c_res": {"0": 174.97274688319658}, "inv_c_res": 0.002604628465508392, "eta": 1.0, "_timestamp": 1683674836.0971208, "_runtime": 109.13424873352051, "_step": 43}