{"best_f": -2.907281529679734, "f_hat_x": -0.5001888595537454, "f_x": -11.787320180221755, "f_res": 11.28713132066801, "sum_c_x": 14.828065810330035, "cum_costs": 871.6587431068682, "E_inv_c": 0, "sum_Ec": 0, "inv_cost": 0.06743967910523743, "E_c": {"0": 0}, "c_x": {"0": 8.247064786068512, "1": 0.10947280952179017, "2": 6.471528214739734}, "c_res": {"0": 8.247064786068512}, "inv_c_res": 0.06743967910523743, "eta": 0.4, "_timestamp": 1683384427.8259258, "_runtime": 5155.208105802536, "_step": 49, "_wandb": {"runtime": 5154}}