{"best_f": 0.43781399039313484, "f_hat_x": 9.347748249677528, "f_x": -1.8894760152174228, "f_res": 11.23722426489495, "sum_c_x": 349.256534237959, "cum_costs": 11807.906538167012, "E_inv_c": 0, "sum_Ec": 0, "inv_cost": 0.0028632248847738663, "E_c": {"0": 0}, "c_x": {"0": 141.63848747568875, "1": 54.54677398234732, "2": 153.07127277992294}, "c_res": {"0": 141.63848747568875}, "inv_c_res": 0.0028632248847738663, "eta": 0.2570243131302062, "_timestamp": 1683858247.8161871, "_runtime": 8520.322387218475, "_step": 39, "_wandb": {"runtime": 8519}}