{"best_f": -0.8363729697650943, "f_hat_x": 7.29471001131014, "f_x": -3.0606510060827277, "f_res": 10.355361017392868, "sum_c_x": 361.17362837103315, "cum_costs": 10846.553306702408, "E_inv_c": 0, "sum_Ec": 0, "inv_cost": 0.0027687514299153133, "E_c": {"0": 0}, "c_x": {"0": 140.16648461488046, "1": 52.489913119567596, "2": 168.51723063658505}, "c_res": {"0": 140.16648461488046}, "inv_c_res": 0.0027687514299153133, "eta": 1.0, "_timestamp": 1683674974.7872176, "_runtime": 102.73414659500122, "_step": 19}