{"best_f": 139.18384208411248, "f_hat_x": 1.1740918699257827, "f_x": 4.269451342299153, "f_res": 3.09535947237337, "sum_c_x": 24.382300364609183, "cum_costs": 1347.3764790000237, "E_inv_c": 0, "sum_Ec": 0, "inv_cost": 0.04101335743740965, "E_c": {"0": 0}, "c_x": {"0": 2.239547641524876, "1": 7.704746352010371, "2": 14.438006371073936}, "c_res": {"0": 2.239547641524876}, "inv_c_res": 0.04101335743740965, "eta": 2.0, "_timestamp": 1683644809.8538518, "_runtime": 3391.622943878174, "_step": 49, "_wandb": {"runtime": 3390}}