{"best_f": -5.040516213591724, "f_hat_x": 5.860021440863291, "f_x": -9.931507996031801, "f_res": 15.791529436895093, "sum_c_x": 311.43803999404923, "cum_costs": 4506.531369729929, "E_inv_c": 0, "sum_Ec": 0, "inv_cost": 0.003210911550878972, "E_c": {"0": 0}, "c_x": {"0": 106.172778517633, "1": 37.033993739702126, "2": 168.2312677367141}, "c_res": {"0": 106.172778517633}, "inv_c_res": 0.003210911550878972, "eta": 1.0, "_timestamp": 1683813028.0573337, "_runtime": 46.95678663253784, "_step": 2, "_wandb": {"runtime": 45}}