{"best_f": -1.475513752914144, "f_hat_x": -0.6491436168084276, "f_x": -3.146386489049128, "f_res": 2.4972428722407005, "sum_c_x": 12.728235330532458, "cum_costs": 922.2090115523293, "E_inv_c": 0, "sum_Ec": 0, "inv_cost": 0.07856548641909555, "E_c": {"0": 0}, "c_x": {"0": 3.0685773850152174, "1": 0.553665419172395, "2": 9.105992526344846}, "c_res": {"0": 3.0685773850152174}, "inv_c_res": 0.07856548641909555, "eta": 0.4, "_timestamp": 1683385553.9709685, "_runtime": 6281.4131824970245, "_step": 49, "_wandb": {"runtime": 6280}}