{"best_f": -7.846460862477743, "f_hat_x": 1.5444552435465257, "f_x": -12.889137244166216, "f_res": 14.433592487712742, "sum_c_x": 153.46994947917463, "cum_costs": 8515.415128603436, "E_inv_c": 0.006515453220793188, "sum_Ec": 153.48220245977632, "inv_cost": 0.006515933597382833, "E_c": {"0": 63.02055009990116, "1": 60.46660543523256, "2": 29.995046924642587}, "c_x": {"0": 63.008522663509645, "1": 60.46647365412956, "2": 29.994953161535417}, "c_res": {"0": 0.012027436391512936, "1": 0.00013178110300060553, "2": 9.376310717001957e-05}, "inv_c_res": 4.803765896455037e-07, "eta": 0.1352759542790559, "_timestamp": 1683313248.0025103, "_runtime": 3563.6483192443848, "_step": 49, "_wandb": {"runtime": 3562}}