{"best_f": -4.486588003403261, "f_hat_x": 0.9522726516749753, "f_x": -7.923067950143299, "f_res": 8.875340601818275, "sum_c_x": 83.61902806877629, "cum_costs": 5309.745104357922, "E_inv_c": 0.10942813940397329, "sum_Ec": 227.79520552708294, "inv_cost": 0.004393143839872216, "E_c": {"0": 92.8790950829466, "1": 51.329254798182255, "2": 83.58685564595406}, "c_x": {"0": 0.10000000149011612, "1": 0.10000000149011612, "2": 83.41902806579606}, "c_res": {"0": 0.0002625215820160065, "1": 0.0003050392434005289, "2": 0.16782758015800425}, "inv_c_res": 0.10503499556410108, "eta": 1.0, "_timestamp": 1683866337.2057674, "_runtime": 2743.924818277359, "_step": 39, "_wandb": {"runtime": 2743}}