{"best_f": -1.5264605676324121, "f_hat_x": 4.56315069329469, "f_x": -9.78067758953001, "f_res": 14.343828282824699, "sum_c_x": 301.07493775447386, "cum_costs": 17584.550688333482, "E_inv_c": 0, "sum_Ec": 0, "inv_cost": 0.0033214322236794695, "E_c": {"0": 0}, "c_x": {"0": 147.0034733559972, "1": 58.45641338364048, "2": 95.61505101483618}, "c_res": {"0": 147.0034733559972}, "inv_c_res": 0.0033214322236794695, "eta": 1.0, "_timestamp": 1683844961.423546, "_runtime": 285.1367950439453, "_step": 39, "_wandb": {"runtime": 284}}