{"best_f": -3.8811352434559687, "f_hat_x": 1.7005156194833682, "f_x": -23.497730831625773, "f_res": 25.198246451109142, "sum_c_x": 137.7730314660402, "cum_costs": 2934.9202499367398, "E_inv_c": 0, "sum_Ec": 0, "inv_cost": 0.007258314558074385, "E_c": {"0": 0}, "c_x": {"0": 43.61130676812206, "1": 65.37905488227725, "2": 28.782669815640894}, "c_res": {"0": 43.61130676812206}, "inv_c_res": 0.007258314558074385, "eta": 0.01, "_timestamp": 1683315398.1401758, "_runtime": 385.2173707485199, "_step": 9, "_wandb": {"runtime": 469}}