{"best_f": -2.9697956728467463, "f_hat_x": 0.25950275809999823, "f_x": -2.9847899014638712, "f_res": 3.2442926595638695, "sum_c_x": 150.3167571929744, "cum_costs": 12584.096438100265, "E_inv_c": 0, "sum_Ec": 0, "inv_cost": 0.003762626027413235, "E_c": {"0": 0}, "c_x": {"0": 0.10000000149011612, "1": 42.083783979788535, "2": 108.13297321169574}, "c_res": {"0": 115.555071503245}, "inv_c_res": 0.003762626027413235, "eta": 0.07694497527671314, "_timestamp": 1683721831.3560224, "_runtime": 6208.889469385147, "_step": 49, "_wandb": {"runtime": 6206}}