{"best_f": 171.72037930143856, "f_hat_x": 0.825850265139024, "f_x": -12.971789301698678, "f_res": 13.797639566837702, "sum_c_x": 26.239767030847077, "cum_costs": 1357.6861863650515, "E_inv_c": 0, "sum_Ec": 0, "inv_cost": 0.038110094454131965, "E_c": {"0": 0}, "c_x": {"0": 2.939585308793088, "1": 7.300631505375335, "2": 15.999550216678653}, "c_res": {"0": 2.939585308793088}, "inv_c_res": 0.038110094454131965, "eta": 2.0, "_timestamp": 1683644464.0603318, "_runtime": 3045.8863577842712, "_step": 49, "_wandb": {"runtime": 3044}}