{"best_f": -7.5267041615275145, "f_hat_x": 1.9043670907201704, "f_x": -27.740574528211404, "f_res": 29.644941618931576, "sum_c_x": 6.310817646180549, "cum_costs": 307.47230700310394, "E_inv_c": 0, "sum_Ec": 0, "inv_cost": 0.15845807248213278, "E_c": {"0": 0}, "c_x": {"0": 2.0421103372290075, "1": 2.000872473133244, "2": 2.267834835818298}, "c_res": {"0": 2.0421103372290075}, "inv_c_res": 0.15845807248213278, "eta": 0.01, "_timestamp": 1683452606.4907632, "_runtime": 310.4731431007385, "_step": 8}