{"best_f": 58.21130052469383, "f_hat_x": 1.208660907666045, "f_x": -95.69650971133272, "f_res": 96.90517061899877, "sum_c_x": 18.832614529585467, "cum_costs": 1324.587250845567, "E_inv_c": 0, "sum_Ec": 0, "inv_cost": 0.053099371753668634, "E_c": {"0": 0}, "c_x": {"0": 2.8207694175249065, "1": 0.72420286492375, "2": 15.287642247136809}, "c_res": {"0": 2.8207694175249065}, "inv_c_res": 0.053099371753668634, "eta": 0.4, "_timestamp": 1683634375.3369598, "_runtime": 5716.379522800446, "_step": 49, "_wandb": {"runtime": 5715}}