{"best_f": 75.22833767889955, "f_hat_x": 0.05882746055178579, "f_x": 75.1886844114162, "f_res": 75.12985695086442, "sum_c_x": 126.62545859558827, "cum_costs": 11564.094305112163, "E_inv_c": 0, "sum_Ec": 0, "inv_cost": 0.0039666195086226295, "E_c": {"0": 0}, "c_x": {"0": 0.10000000149011612, "1": 0.10000000149011612, "2": 126.42545859260804}, "c_res": {"0": 79.2074357631543}, "inv_c_res": 0.0039666195086226295, "eta": 2.0, "_timestamp": 1683748257.8915842, "_runtime": 852.9396572113037, "_step": 49, "_wandb": {"runtime": 851}}