{"best_f": 1.006984949413048, "f_hat_x": 5.238023135961792, "f_x": -3.2320330205913184, "f_res": 8.47005615655311, "sum_c_x": 15.126314004735598, "cum_costs": 597.0261454130598, "E_inv_c": 0, "sum_Ec": 0, "inv_cost": 0.06610995908764884, "E_c": {"0": 0}, "c_x": {"0": 2.0028840326711785, "1": 8.981651317921829, "2": 4.141778654142591}, "c_res": {"0": 2.0028840326711785}, "inv_c_res": 0.06610995908764884, "eta": 1.0, "_timestamp": 1683577088.3118784, "_runtime": 6457.4366543293, "_step": 49, "_wandb": {"runtime": 6456}}