{"best_f": -8.349052649855677, "f_hat_x": 9.53149219677504, "f_x": -8.349052649855677, "f_res": 17.88054484663072, "sum_c_x": 96.3016596442632, "cum_costs": 4206.657164523493, "E_inv_c": 0.1027010267587336, "sum_Ec": 295.31565244999274, "inv_cost": 0.0034176725874265996, "E_c": {"0": 142.73082111789086, "1": 53.76674336491064, "2": 98.81808796719125}, "c_x": {"0": 0.10000000149011612, "1": 0.10000000149011612, "2": 96.10165964128296}, "c_res": {"0": 0.0025932765356628806, "1": 0.00015085674218084932, "2": 2.716428325908282}, "inv_c_res": 0.099283354171307, "eta": 1.0, "_timestamp": 1683812593.3819973, "_runtime": 79.77236342430115, "_step": 2, "_wandb": {"runtime": 79}}