{"best_f": -7.992339576627692, "f_hat_x": 1.8251049240724038, "f_x": -17.163852735828144, "f_res": 18.988957659900546, "sum_c_x": 165.5635202432972, "cum_costs": 9124.648551469505, "E_inv_c": 0, "sum_Ec": 0, "inv_cost": 0.006039977879973138, "E_c": {"0": 0}, "c_x": {"0": 81.49396384222038, "1": 54.07427027484263, "2": 29.995286126234202}, "c_res": {"0": 81.49396384222038}, "inv_c_res": 0.006039977879973138, "eta": 0.1352759542790559, "_timestamp": 1683311559.6478972, "_runtime": 1875.3442981243134, "_step": 49, "_wandb": {"runtime": 1874}}