{"best_f": 114.72103463342124, "f_hat_x": 6.852845941469073, "f_x": 105.10841109224505, "f_res": 98.25556515077598, "sum_c_x": 11.158535247284025, "cum_costs": 178.6946711878212, "E_inv_c": 0.08845557432790936, "sum_Ec": 11.3101435292663, "inv_cost": 0.08961749708532747, "E_c": {"0": 2.0000000000047238, "1": 7.095508762044768, "2": 2.214634767216807}, "c_x": {"0": 2.0000000000107576, "1": 7.095542094393141, "2": 2.062993152880126}, "c_res": {"0": 6.033840094232801e-12, "1": 3.333234837299415e-05, "2": 0.15164161433668122}, "inv_c_res": 0.0011619227574181101, "eta": 1.0, "_timestamp": 1683569659.8932292, "_runtime": 35.84987115859985, "_step": 4}