{"best_f": -10.811828527318262, "f_hat_x": 8.539846327784817, "f_x": -12.05946630521716, "f_res": 20.59931263300198, "sum_c_x": 323.3025848483018, "cum_costs": 4324.679474007426, "E_inv_c": 0, "sum_Ec": 0, "inv_cost": 0.0030930776519130345, "E_c": {"0": 0}, "c_x": {"0": 145.6916308063361, "1": 56.550659985174015, "2": 121.06029405679172}, "c_res": {"0": 145.6916308063361}, "inv_c_res": 0.0030930776519130345, "eta": 1.0, "_timestamp": 1683822355.1166983, "_runtime": 25.993229150772095, "_step": 2, "_wandb": {"runtime": 25}}