{"best_f": 116.34640153170086, "f_hat_x": 5.005745175989152, "f_x": 116.34640153170086, "f_res": 111.34065635571172, "sum_c_x": 14.615650231636895, "cum_costs": 909.487949052392, "E_inv_c": 0, "sum_Ec": 0, "inv_cost": 0.06841980918751119, "E_c": {"0": 0}, "c_x": {"0": 2.0000000065179435, "1": 7.806906144914801, "2": 4.808744080204149}, "c_res": {"0": 2.0000000065179435}, "inv_c_res": 0.06841980918751119, "eta": 1.0, "_timestamp": 1683539122.7179155, "_runtime": 5295.325938463211, "_step": 49, "_wandb": {"runtime": 5294}}