{"best_f": 85.44711498059854, "f_hat_x": -2.0602077770851075, "f_x": -11257.284068426365, "f_res": 11255.22386064928, "sum_c_x": 23.48123511077541, "cum_costs": 1527.2741346892562, "E_inv_c": 0, "sum_Ec": 0, "inv_cost": 0.0425871976189662, "E_c": {"0": 0}, "c_x": {"0": 2.000065933412399, "1": 5.487819691615309, "2": 15.9933494857477}, "c_res": {"0": 2.000065933412399}, "inv_c_res": 0.0425871976189662, "eta": 1.0, "_timestamp": 1683635743.9969633, "_runtime": 193.220956325531, "_step": 49, "_wandb": {"runtime": 192}}