{"best_f": -2.42504243724753, "f_hat_x": 0.318368394012816, "f_x": -6.59119772982922, "f_res": 6.909566123842036, "sum_c_x": 11.807211415673848, "cum_costs": 659.9395879579517, "E_inv_c": 0, "sum_Ec": 0, "inv_cost": 0.0846940030795518, "E_c": {"0": 0}, "c_x": {"0": 3.271191189491266, "1": 0.6711062399162802, "2": 7.864913986266301}, "c_res": {"0": 3.271191189491266}, "inv_c_res": 0.0846940030795518, "eta": 3.0, "_timestamp": 1683392971.1840374, "_runtime": 3181.6185705661774, "_step": 49, "_wandb": {"runtime": 3180}}