{"best_f": -9.59204862632494, "f_hat_x": 7.824062125393524, "f_x": -10.60122975468696, "f_res": 18.425291880080483, "sum_c_x": 151.2557893679624, "cum_costs": 4284.966211258519, "E_inv_c": 0.06722899174297053, "sum_Ec": 360.5850976840577, "inv_cost": 0.0027818107119981423, "E_c": {"0": 141.7125085653376, "1": 66.70743054691268, "2": 152.1651585718074}, "c_x": {"0": 0.10000000149011612, "1": 0.10000000149011612, "2": 151.05578936498216}, "c_res": {"0": 0.0022833143815716994, "1": 7.767253633517157e-05, "2": 1.1093692068252494}, "inv_c_res": 0.0644471810309724, "eta": 1.0, "_timestamp": 1683840710.0604732, "_runtime": 117.99504113197327, "_step": 3}