{"best_f": -2.8277823886361286, "f_hat_x": -0.04846657661816798, "f_x": -4.303053160957171, "f_res": 4.254586584339004, "sum_c_x": 18.66357355887464, "cum_costs": 1176.9377225508829, "E_inv_c": 0, "sum_Ec": 0, "inv_cost": 0.05358030694633473, "E_c": {"0": 0}, "c_x": {"0": 9.032788443523486, "1": 3.0395728687818515, "2": 6.5912122465693015}, "c_res": {"0": 9.032788443523486}, "inv_c_res": 0.05358030694633473, "eta": 3.022314549036579e-16, "_timestamp": 1683340652.373094, "_runtime": 4919.903249979019, "_step": 49, "_wandb": {"runtime": 4919}}