{"best_f": -0.5849677834842655, "f_hat_x": -0.14393472671449423, "f_x": -2.1889822533297494, "f_res": 2.0450475266152552, "sum_c_x": 8.405140511784289, "cum_costs": 562.0763152084743, "E_inv_c": 0, "sum_Ec": 0, "inv_cost": 0.11897481054575666, "E_c": {"0": 0}, "c_x": {"0": 2.2565038356853924, "1": 1.3679074065914016, "2": 4.780729269507495}, "c_res": {"0": 2.2565038356853924}, "inv_c_res": 0.11897481054575666, "eta": 5.0, "_timestamp": 1683403703.4775574, "_runtime": 1143.3053574562073, "_step": 49, "_wandb": {"runtime": 1142}}