{"best_f": 146.51609404279026, "f_hat_x": 1.3850426108864304, "f_x": -34.358468559072, "f_res": 35.74351116995843, "sum_c_x": 23.416100694038285, "cum_costs": 1507.5236995599175, "E_inv_c": 0.042707190373171944, "sum_Ec": 23.415266950577045, "inv_cost": 0.04270565851532228, "E_c": {"0": 2.480128570736877, "1": 7.557507345658227, "2": 13.377631034181942}, "c_x": {"0": 2.4804810451358783, "1": 7.55871889350573, "2": 13.376900755396676}, "c_res": {"0": 0.0003524743990013235, "1": 0.0012115478475029917, "2": 0.000730278785265881}, "inv_c_res": 1.5318578496653634e-06, "eta": 1.0, "_timestamp": 1683638569.2487512, "_runtime": 3018.404752254486, "_step": 49, "_wandb": {"runtime": 3017}}