{"best_f": 8.910408378477687, "f_hat_x": 7.5734530753675395, "f_x": -74.15249638110912, "f_res": 81.72594945647666, "sum_c_x": 4.715899316090433, "cum_costs": 163.59456049548945, "E_inv_c": 0, "sum_Ec": 0, "inv_cost": 0.21204863229120385, "E_c": {"0": 0}, "c_x": {"0": 2.0000000003082246, "1": 0.5999963398172844, "2": 2.115902975964924}, "c_res": {"0": 2.0000000003082246}, "inv_c_res": 0.21204863229120385, "eta": 1.0, "_timestamp": 1683590774.6391723, "_runtime": 63.40537643432617, "_step": 8}