{"best_f": -2.929737839767642, "f_hat_x": 1.5109856020130756, "f_x": -7.718473697212217, "f_res": 9.229459299225294, "sum_c_x": 77.87571941287351, "cum_costs": 3546.438270957777, "E_inv_c": 0, "sum_Ec": 0, "inv_cost": 0.01284097286727205, "E_c": {"0": 0}, "c_x": {"0": 2.000000003623696, "1": 0.468097972403949, "2": 75.40762143684586}, "c_res": {"0": 2.000000003623696}, "inv_c_res": 0.01284097286727205, "eta": 2.0, "_timestamp": 1683668587.8216817, "_runtime": 362.5111768245697, "_step": 49, "_wandb": {"runtime": 361}}