{"best_f": -8.253591897083869, "f_hat_x": 6.693204522154285, "f_x": -8.260449564101235, "f_res": 14.953654086255519, "sum_c_x": 146.88659167885848, "cum_costs": 4736.68129282571, "E_inv_c": 0.07485220946014028, "sum_Ec": 283.93429285630214, "inv_cost": 0.0034571460047787424, "E_c": {"0": 142.46946480117757, "1": 47.54643286501896, "2": 93.91839519010564}, "c_x": {"0": 0.10000000149011612, "1": 51.29086644635556, "2": 95.49572523101281}, "c_res": {"0": 0.00012149121235438542, "1": 3.744433581336601, "2": 1.5773300409071709}, "inv_c_res": 0.07139506345536153, "eta": 1.1376001845529191, "_timestamp": 1683837133.207683, "_runtime": 380.6981430053711, "_step": 10}