{"best_f": -1.7262765301270386, "f_hat_x": -1.1208939399554392, "f_x": -6.1640940473866666, "f_res": 5.043200107431227, "sum_c_x": 24.793242066394804, "cum_costs": 1014.0380375517445, "E_inv_c": 0, "sum_Ec": 0, "inv_cost": 0.040333571435396, "E_c": {"0": 0}, "c_x": {"0": 9.33384141975299, "1": 8.765669957186335, "2": 6.69373068945548}, "c_res": {"0": 9.33384141975299}, "inv_c_res": 0.040333571435396, "eta": 0.1352759542790559, "_timestamp": 1683499386.8009253, "_runtime": 6321.297527313232, "_step": 49, "_wandb": {"runtime": 6320}}