{"best_f": -3.012530872853544, "f_hat_x": -0.07941955255672742, "f_x": -3.457753098693457, "f_res": 3.378333546136729, "sum_c_x": 25.459308264247145, "cum_costs": 1279.1340261582093, "E_inv_c": 0.03917517855816946, "sum_Ec": 25.599700707341196, "inv_cost": 0.039278364895888145, "E_c": {"0": 8.908788125691231, "1": 9.08257521894292, "2": 7.6083373627070445}, "c_x": {"0": 8.912064588694157, "1": 8.93863954528407, "2": 7.608604130268919}, "c_res": {"0": 0.0032764630029262776, "1": 0.14393567365884863, "2": 0.00026676756187438144}, "inv_c_res": 0.00010318633771868452, "eta": 0.6757290490602831, "_timestamp": 1683498659.1058478, "_runtime": 5594.354357719421, "_step": 49, "_wandb": {"runtime": 5593}}