{"best_f": -1.6321049072200542, "f_hat_x": -0.46872668218111246, "f_x": -1.8937556595018916, "f_res": 1.4250289773207792, "sum_c_x": 257.97924402015167, "cum_costs": 15680.02600074422, "E_inv_c": 0, "sum_Ec": 0, "inv_cost": 0.0038762808372362176, "E_c": {"0": 0}, "c_x": {"0": 81.92465825690009, "1": 51.12697140489938, "2": 124.9276143583522}, "c_res": {"0": 81.92465825690009}, "inv_c_res": 0.0038762808372362176, "eta": 1.0, "_timestamp": 1683687921.6597188, "_runtime": 380.7787117958069, "_step": 49, "_wandb": {"runtime": 380}}