{"best_f": -9.820028533920837, "f_hat_x": 2.423573791474019, "f_x": -120.84851711053872, "f_res": 123.27209090201274, "sum_c_x": 163.521439758784, "cum_costs": 2718.7398945902023, "E_inv_c": 0, "sum_Ec": 0, "inv_cost": 0.006115406037735075, "E_c": {"0": 0}, "c_x": {"0": 71.35801387436729, "1": 62.40291174047523, "2": 29.760514143941503}, "c_res": {"0": 71.35801387436729}, "inv_c_res": 0.006115406037735075, "eta": 0.01, "_timestamp": 1683329103.687007, "_runtime": 174.3415138721466, "_step": 6}