{"best_f": 71.80258941699519, "f_hat_x": 0.7103159195652591, "f_x": 71.80258941699519, "f_res": 71.09227349742993, "sum_c_x": 332.69796030411464, "cum_costs": 19793.83667470354, "E_inv_c": 0, "sum_Ec": 0, "inv_cost": 0.0030057292779490253, "E_c": {"0": 0}, "c_x": {"0": 162.75064216550226, "1": 46.47094313765036, "2": 123.47637500096205}, "c_res": {"0": 162.75064216550226}, "inv_c_res": 0.0030057292779490253, "eta": 2.0, "_timestamp": 1683743959.311292, "_runtime": 159.62734198570251, "_step": 49, "_wandb": {"runtime": 158}}