{"best_f": 75.89427581738165, "f_hat_x": -0.23441071570237781, "f_x": 74.06062098313336, "f_res": 74.29503169883574, "sum_c_x": 271.6073388523972, "cum_costs": 13580.09862872368, "E_inv_c": 0, "sum_Ec": 0, "inv_cost": 0.0036817856403484066, "E_c": {"0": 0}, "c_x": {"0": 92.39372191396765, "1": 53.622219639896585, "2": 125.59139729853294}, "c_res": {"0": 92.39372191396765}, "inv_c_res": 0.0036817856403484066, "eta": 0.6050060671375365, "_timestamp": 1683752113.110958, "_runtime": 4708.168089151382, "_step": 49, "_wandb": {"runtime": 4706}}