{"best_f": -8.493956318752081, "f_hat_x": 2.8521245968529603, "f_x": -20.592365117306827, "f_res": 23.444489714159786, "sum_c_x": 105.56371471344524, "cum_costs": 4051.2759048712073, "E_inv_c": 0.07078851946577285, "sum_Ec": 351.26572194585617, "inv_cost": 0.0028546565317900496, "E_c": {"0": 168.94816122262057, "1": 75.99682516738089, "2": 106.32073555585471}, "c_x": {"0": 0.10000000149011612, "1": 0.10000000149011612, "2": 105.363714710465}, "c_res": {"0": 0.000772613577055381, "1": 0.0046335822126764015, "2": 0.9570208453897067}, "inv_c_res": 0.06793386293398279, "eta": 1.0, "_timestamp": 1683822375.7246768, "_runtime": 46.52871584892273, "_step": 2, "_wandb": {"runtime": 45}}