{"best_f": -3.6315268169553105, "f_hat_x": -1.235101642066109, "f_x": -21.04376194035726, "f_res": 19.80866029829115, "sum_c_x": 13.061197850925451, "cum_costs": 579.7669184904324, "E_inv_c": 0.07293183771075147, "sum_Ec": 13.746834980532512, "inv_cost": 0.07656265615248643, "E_c": {"0": 8.141563431556113, "1": 0.9180727157792491, "2": 4.687198833197148}, "c_x": {"0": 8.141047351928364, "1": 0.2908883023679161, "2": 4.6292621966291705}, "c_res": {"0": 0.000516079627749022, "1": 0.627184413411333, "2": 0.05793663656797765}, "inv_c_res": 0.003630818441734962, "eta": 0.95, "_timestamp": 1683478354.1055775, "_runtime": 828.578102350235, "_step": 14}