{"best_f": -6.7656655432611545, "f_hat_x": 7.5568545421539595, "f_x": -6.7656655432611545, "f_res": 14.322520085415114, "sum_c_x": 146.5097334068953, "cum_costs": 4405.855011471111, "E_inv_c": 0, "sum_Ec": 0, "inv_cost": 0.0034735289078597666, "E_c": {"0": 0}, "c_x": {"0": 0.10000000149011612, "1": 50.892986019519256, "2": 95.5167473858859}, "c_res": {"0": 141.48192563253716}, "inv_c_res": 0.0034735289078597666, "eta": 1.0, "_timestamp": 1683682039.8577151, "_runtime": 32.548222064971924, "_step": 7}