{"best_f": -3.1121751223116494, "f_hat_x": 0.8495646302764838, "f_x": -3.8213492534860682, "f_res": 4.670913883762552, "sum_c_x": 8.221431638709603, "cum_costs": 738.0935440344185, "E_inv_c": 0.1218051647167244, "sum_Ec": 8.210899792584492, "inv_cost": 0.12163331691424917, "E_c": {"0": 3.4114036932194916, "1": 0.7785652920126729, "2": 4.020930807352326}, "c_x": {"0": 3.4113756644673865, "1": 0.7901939445087068, "2": 4.01986202973351}, "c_res": {"0": 2.8028752105058174e-05, "1": 0.011628652496033953, "2": 0.0010687776188165188}, "inv_c_res": 0.0001718478024752279, "eta": 5.0, "_timestamp": 1683415054.5524795, "_runtime": 2386.33140540123, "_step": 49, "_wandb": {"runtime": 2385}}