{"best_f": 181.73583778874865, "f_hat_x": 4.0048136255464435, "f_x": 181.73583778874865, "f_res": 177.73102416320222, "sum_c_x": 25.579053712880032, "cum_costs": 1484.5978190712988, "E_inv_c": 0.039094521180173814, "sum_Ec": 25.57903357035245, "inv_cost": 0.0390944876704513, "E_c": {"0": 2.0004441401849333, "1": 7.581573773346365, "2": 15.99701565682115}, "c_x": {"0": 2.0004443434196366, "1": 7.581575423628079, "2": 15.997033945832316}, "c_res": {"0": 2.0323470328875715e-07, "1": 1.6502817139496528e-06, "2": 1.828901116596171e-05}, "inv_c_res": 3.3509722510705053e-08, "eta": 6.0, "_timestamp": 1683590482.7077947, "_runtime": 937.5788917541504, "_step": 49, "_wandb": {"runtime": 936}}