{"best_f": -1.2359225190670762, "f_hat_x": -1.4982154893196502, "f_x": -12.740230052022053, "f_res": 11.242014562702403, "sum_c_x": 290.68747575143425, "cum_costs": 20590.101694193992, "E_inv_c": 0, "sum_Ec": 0, "inv_cost": 0.0034401206911820865, "E_c": {"0": 0}, "c_x": {"0": 143.8358012804236, "1": 35.468539962810354, "2": 111.3831345082003}, "c_res": {"0": 143.8358012804236}, "inv_c_res": 0.0034401206911820865, "eta": 1.0, "_timestamp": 1683684367.1240144, "_runtime": 348.58093643188477, "_step": 49, "_wandb": {"runtime": 347}}