{"best_f": -14.434224794352112, "f_hat_x": -0.581193096104511, "f_x": -14.434224794352112, "f_res": 13.8530316982476, "sum_c_x": 236.59109011377666, "cum_costs": 2855.8234314778383, "E_inv_c": 0.004105516133134665, "sum_Ec": 244.4575976695972, "inv_cost": 0.004226701857280847, "E_c": {"0": 70.39898980410034, "1": 53.88830298621278, "2": 120.17030487928406}, "c_x": {"0": 60.33433019434056, "1": 54.83571783816543, "2": 121.42104208127066}, "c_res": {"0": 10.06465960975978, "1": 0.9474148519526508, "2": 1.2507372019865954}, "inv_c_res": 0.00012118572414618247, "eta": 1.0, "_timestamp": 1683715572.5838616, "_runtime": 24.281116485595703, "_step": 0}