{"best_f": 115.44059876060226, "f_hat_x": 7.7334636236149725, "f_x": 114.64254256158546, "f_res": 106.90907893797049, "sum_c_x": 15.298300234398692, "cum_costs": 899.7931769798504, "E_inv_c": 0, "sum_Ec": 0, "inv_cost": 0.06536673909376348, "E_c": {"0": 0}, "c_x": {"0": 2.002335356402199, "1": 7.753297160415644, "2": 5.542667717580848}, "c_res": {"0": 2.002335356402199}, "inv_c_res": 0.06536673909376348, "eta": 2.0, "_timestamp": 1683536189.1056607, "_runtime": 2361.9554557800293, "_step": 49, "_wandb": {"runtime": 2361}}