{"best_f": 1.2809804092271078, "f_hat_x": 6.019565892190374, "f_x": 1.2809804092271078, "sum_c_x": 128.97665951046937, "cum_costs": 6702.756315420503, "E_inv_c": 0, "sum_Ec": 0, "inv_cost": 0.007753340827677642, "E_c": {"0": 0}, "c_x": {"0": 26.594767072560316, "1": 71.43889901880416, "2": 30.942993419104898}, "c_res": {"0": 26.594767072560316}, "inv_c_res": 0.007753340827677642, "_timestamp": 1683270108.1221497, "_runtime": 465.99669075012207, "_step": 39, "_wandb": {"runtime": 465}}