{"best_f": -7.072415355214655, "f_hat_x": 5.021156733172802, "f_x": -8.265901080100988, "f_res": 13.28705781327379, "sum_c_x": 116.03514540134174, "cum_costs": 7575.830615971496, "E_inv_c": 0, "sum_Ec": 0, "inv_cost": 0.003175577181811508, "E_c": {"0": 0}, "c_x": {"0": 0.10000000149011612, "1": 0.10000000149011612, "2": 115.8351453983615}, "c_res": {"0": 139.95522622406577}, "inv_c_res": 0.003175577181811508, "eta": 1.0, "_timestamp": 1683840208.4831526, "_runtime": 2765.087280511856, "_step": 29}