{"best_f": 0.8835338519472784, "f_hat_x": 5.492165429202136, "f_x": -5.495243108354255, "f_res": 10.98740853755639, "sum_c_x": 16.855469791807433, "cum_costs": 592.6198731667413, "E_inv_c": 0, "sum_Ec": 0, "inv_cost": 0.05932792217313622, "E_c": {"0": 0}, "c_x": {"0": 2.000031390464456, "1": 8.947275245695154, "2": 5.908163155647824}, "c_res": {"0": 2.000031390464456}, "inv_c_res": 0.05932792217313622, "eta": 2.0, "_timestamp": 1683576653.044486, "_runtime": 6022.3627071380615, "_step": 49, "_wandb": {"runtime": 6021}}