{"best_f": -1.7682741913614142, "f_hat_x": 2.0475246903314543, "f_x": -8.098536373491976, "f_res": 10.146061063823431, "sum_c_x": 398.38156239332704, "cum_costs": 17495.947951463557, "E_inv_c": 0, "sum_Ec": 0, "inv_cost": 0.002510156328501688, "E_c": {"0": 0}, "c_x": {"0": 139.99765194057593, "1": 89.92755040854516, "2": 168.45636004420595}, "c_res": {"0": 139.99765194057593}, "inv_c_res": 0.002510156328501688, "eta": 0.2570243131302062, "_timestamp": 1683859885.8898864, "_runtime": 842.0480272769928, "_step": 39, "_wandb": {"runtime": 841}}