{"best_f": -1.1319685261580474, "f_hat_x": -1.1986036770240338, "f_x": -13.1883288243962, "f_res": 11.989725147372166, "sum_c_x": 117.91776022629598, "cum_costs": 9683.784524973453, "E_inv_c": 0, "sum_Ec": 0, "inv_cost": 0.003757463815306304, "E_c": {"0": 0}, "c_x": {"0": 0.10000000149011612, "1": 0.10000000149011612, "2": 117.71776022331575}, "c_res": {"0": 74.46662925196725}, "inv_c_res": 0.003757463815306304, "eta": 1.0, "_timestamp": 1683690573.3856523, "_runtime": 3032.4587473869324, "_step": 49, "_wandb": {"runtime": 3031}}