{"best_f": 115.01932371979574, "f_hat_x": 6.789985705725924, "f_x": 111.99370213690375, "f_res": 105.20371643117782, "sum_c_x": 13.321846594502333, "cum_costs": 896.0372913416101, "E_inv_c": 0, "sum_Ec": 0, "inv_cost": 0.07506466861828905, "E_c": {"0": 0}, "c_x": {"0": 2.000344767967505, "1": 7.938548138381831, "2": 3.3829536881529965}, "c_res": {"0": 2.000344767967505}, "inv_c_res": 0.07506466861828905, "eta": 2.0, "_timestamp": 1683536963.8965187, "_runtime": 3131.073591709137, "_step": 49, "_wandb": {"runtime": 3130}}