{"best_f": -3.9685057520240634, "f_hat_x": 7.3888740544981015, "f_x": -3.9685057520240634, "f_res": 11.357379806522165, "sum_c_x": 301.27976216375896, "cum_costs": 19470.510124949495, "E_inv_c": 0, "sum_Ec": 0, "inv_cost": 0.0033191741550049935, "E_c": {"0": 0}, "c_x": {"0": 140.0056893487317, "1": 62.41835629008188, "2": 98.85571652494542}, "c_res": {"0": 140.0056893487317}, "inv_c_res": 0.0033191741550049935, "eta": 2.0, "_timestamp": 1683683195.0282416, "_runtime": 94.94833874702454, "_step": 49, "_wandb": {"runtime": 94}}