{"best_f": -16.74753093614938, "f_hat_x": 0.8776873343133318, "f_x": -37.82497376511837, "f_res": 38.7026610994317, "sum_c_x": 5.469323356927207, "cum_costs": 268.0665902507996, "E_inv_c": 0, "sum_Ec": 0, "inv_cost": 0.1828379736834253, "E_c": {"0": 0}, "c_x": {"0": 2.2227204360654147, "1": 0.05788042110288982, "2": 3.188722499758903}, "c_res": {"0": 2.2227204360654147}, "inv_c_res": 0.1828379736834253, "eta": 0.01, "_timestamp": 1683453191.9816642, "_runtime": 145.53330826759338, "_step": 2}