{"best_f": 2.6512003524600543, "f_hat_x": 7.49316795626695, "f_x": -244.8378006430376, "f_res": 252.33096859930455, "sum_c_x": 6.071874903444666, "cum_costs": 142.63241343888922, "E_inv_c": 0, "sum_Ec": 0, "inv_cost": 0.16469377513569738, "E_c": {"0": 0}, "c_x": {"0": 2.0000000000322924, "1": 2.0658398966813047, "2": 2.006035006731069}, "c_res": {"0": 2.0000000000322924}, "inv_c_res": 0.16469377513569738, "eta": 1.0, "_timestamp": 1683590775.3904014, "_runtime": 64.1541154384613, "_step": 8}