{"best_f": 113.40442079900839, "f_hat_x": -1.3572144269673359, "f_x": -29893.66640065251, "f_res": 29892.309186225542, "sum_c_x": 25.27460884799455, "cum_costs": 985.8161919788753, "E_inv_c": 0, "sum_Ec": 0, "inv_cost": 0.039565399647296474, "E_c": {"0": 0}, "c_x": {"0": 2.0000049637458, "1": 7.404659752304255, "2": 15.869944131944496}, "c_res": {"0": 2.0000049637458}, "inv_c_res": 0.039565399647296474, "eta": 1.0, "_timestamp": 1683635478.9172258, "_runtime": 60.885188817977905, "_step": 28}