{"best_f": -2.53941466038189, "f_hat_x": -0.23222622877543242, "f_x": -2.53941466038189, "f_res": 2.3071884316064573, "sum_c_x": 17.790795699886942, "cum_costs": 1200.191681032176, "E_inv_c": 0.05396236119551227, "sum_Ec": 18.713875873864396, "inv_cost": 0.05620884062011655, "E_c": {"0": 8.549846236946818, "1": 2.3841659629521565, "2": 7.779863673965423}, "c_x": {"0": 8.55026383608276, "1": 1.4608286869119502, "2": 7.77970317689223}, "c_res": {"0": 0.0004175991359414155, "1": 0.9233372760402063, "2": 0.0001604970731925448}, "inv_c_res": 0.002246479424604278, "eta": 1.0, "_timestamp": 1683504404.465033, "_runtime": 3715.1997821331024, "_step": 49, "_wandb": {"runtime": 3713}}