{"best_f": 117.55617055539875, "f_hat_x": 8.188535498303867, "f_x": 117.55617055539875, "f_res": 109.36763505709489, "sum_c_x": 11.434337198783052, "cum_costs": 247.53982408786214, "E_inv_c": 0.08680115585128753, "sum_Ec": 11.522725836674905, "inv_cost": 0.08745587808154104, "E_c": {"0": 2.000000000008481, "1": 7.424769653456168, "2": 2.0979561832102562}, "c_x": {"0": 2.0000000000107576, "1": 7.42478627567163, "2": 2.009550923100665}, "c_res": {"0": 2.276401289691421e-12, "1": 1.662221546183673e-05, "2": 0.08840526010959104}, "inv_c_res": 0.0006547222302535072, "eta": 1.0, "_timestamp": 1683568804.435313, "_runtime": 122.7798399925232, "_step": 10}