{"best_f": 101.71842874288424, "f_hat_x": -1.5266312941687457, "f_x": -172.1094448658995, "f_res": 170.58281357173075, "sum_c_x": 25.2241628254012, "cum_costs": 1534.7118220999541, "E_inv_c": 0, "sum_Ec": 0, "inv_cost": 0.03964452683412674, "E_c": {"0": 0}, "c_x": {"0": 2.4412735111741704, "1": 7.706651679627164, "2": 15.076237634599867}, "c_res": {"0": 2.4412735111741704}, "inv_c_res": 0.03964452683412674, "eta": 1.0, "_timestamp": 1683635748.620347, "_runtime": 194.04926300048828, "_step": 49, "_wandb": {"runtime": 193}}