{"best_f": -3.8799290034874776, "f_hat_x": 5.085632779297973, "f_x": -3.879929003489061, "f_res": 8.965561782787034, "sum_c_x": 114.77419760582256, "cum_costs": 9173.268675469435, "E_inv_c": 0, "sum_Ec": 0, "inv_cost": 0.0030076250051666916, "E_c": {"0": 0}, "c_x": {"0": 0.10000000149011612, "1": 0.10000000149011612, "2": 114.57419760284233}, "c_res": {"0": 139.99989846538213}, "inv_c_res": 0.0030076250051666916, "eta": 0.5140486262604124, "_timestamp": 1683857629.4976022, "_runtime": 7901.968933105469, "_step": 39, "_wandb": {"runtime": 7901}}