{"best_f": -1.2589833378626512, "f_hat_x": 3.3721787874158773, "f_x": -14.4972697972957, "f_res": 17.869448584711577, "sum_c_x": 135.7768741115803, "cum_costs": 5009.627177365688, "E_inv_c": 0.007297159562255198, "sum_Ec": 137.10363384160016, "inv_cost": 0.007365024467850161, "E_c": {"0": 62.98543926762423, "1": 69.07948750577845, "2": 5.038707068197488}, "c_x": {"0": 61.68541692793845, "1": 69.04517556160243, "2": 5.046281622039437}, "c_res": {"0": 1.300022339685782, "1": 0.03431194417601091, "2": 0.007574553841949161}, "inv_c_res": 6.786490559496268e-05, "eta": 7.629394531250003e-40, "_timestamp": 1683296722.3345585, "_runtime": 2293.4309334754944, "_step": 27}