{"best_f": -12.285153077737355, "f_hat_x": 1.9626131823784372, "f_x": -432.17571177983694, "f_res": 434.1383249622154, "sum_c_x": 246.67037032441797, "cum_costs": 3452.1720844007423, "E_inv_c": 0, "sum_Ec": 0, "inv_cost": 0.004053993184040757, "E_c": {"0": 0}, "c_x": {"0": 157.4746229361179, "1": 59.164057724273235, "2": 30.031689664026853}, "c_res": {"0": 157.4746229361179}, "inv_c_res": 0.004053993184040757, "eta": 0.01, "_timestamp": 1683315407.613273, "_runtime": 394.80287289619446, "_step": 9, "_wandb": {"runtime": 465}}