{"best_f": 76.64942601488497, "f_hat_x": 0.0817913467750122, "f_x": 71.95683847784005, "f_res": 71.87504713106505, "sum_c_x": 311.87206715210243, "cum_costs": 19762.15509595178, "E_inv_c": 0, "sum_Ec": 0, "inv_cost": 0.003206442978788133, "E_c": {"0": 0}, "c_x": {"0": 137.07578793200258, "1": 49.79490071240021, "2": 125.00137850769966}, "c_res": {"0": 137.07578793200258}, "inv_c_res": 0.003206442978788133, "eta": 1.0, "_timestamp": 1683729114.9528522, "_runtime": 316.7790732383728, "_step": 49, "_wandb": {"runtime": 316}}