{"best_f": -1.0310242532015423, "f_hat_x": 3.6700551630201463, "f_x": -3.305611046344569, "f_res": 6.975666209364715, "sum_c_x": 14.1976451835887, "cum_costs": 573.9193526828931, "E_inv_c": 0, "sum_Ec": 0, "inv_cost": 0.07043421546806347, "E_c": {"0": 0}, "c_x": {"0": 2.000076004132545, "1": 8.757963957971455, "2": 3.4396052214846993}, "c_res": {"0": 2.000076004132545}, "inv_c_res": 0.07043421546806347, "eta": 2.0, "_timestamp": 1683577202.6430752, "_runtime": 6571.77117729187, "_step": 49, "_wandb": {"runtime": 6570}}