{"best_f": -0.9162339744839754, "f_hat_x": -0.07029949082141086, "f_x": -7.508612386473468, "f_res": 7.438312895652057, "sum_c_x": 269.02286163699523, "cum_costs": 13185.112345257898, "E_inv_c": 0.003715591612550739, "sum_Ec": 269.13737659946366, "inv_cost": 0.0037171562071529277, "E_c": {"0": 56.435447672753014, "1": 88.99915800739072, "2": 123.70277091931995}, "c_x": {"0": 56.42932634608857, "1": 88.89252046338268, "2": 123.70101482752395}, "c_res": {"0": 0.00612132666444154, "1": 0.10663754400803782, "2": 0.0017560917959968947}, "inv_c_res": 1.5645946021885723e-06, "eta": 0.07694497527671314, "_timestamp": 1683720265.797939, "_runtime": 4643.167176961899, "_step": 49, "_wandb": {"runtime": 4642}}