{"best_f": -1.164534893910131, "f_hat_x": 0.8235182351587975, "f_x": -4.109395692398605, "f_res": 4.9329139275574025, "sum_c_x": 10.645797838529838, "cum_costs": 562.9272893982645, "E_inv_c": 0.09983969193440662, "sum_Ec": 10.154629566272504, "inv_cost": 0.09393377698576492, "E_c": {"0": 3.951158164628251, "1": 2.857370386279904, "2": 3.3461010153643493}, "c_x": {"0": 3.9512152732885575, "1": 3.3488699641925033, "2": 3.345712601048776}, "c_res": {"0": 5.710866030650408e-05, "1": 0.49149957791259924, "2": 0.00038841431557345985}, "inv_c_res": 0.005905914948641691, "eta": 4.0, "_timestamp": 1683411172.188792, "_runtime": 4200.7841420173645, "_step": 49, "_wandb": {"runtime": 4200}}