{"best_f": 195.67255970519366, "f_hat_x": 2.8436005418675694, "f_x": 195.34837251404537, "f_res": 192.5047719721778, "sum_c_x": 25.810828144069678, "cum_costs": 1533.38274363263, "E_inv_c": 0, "sum_Ec": 0, "inv_cost": 0.03874342947921882, "E_c": {"0": 0}, "c_x": {"0": 2.0000060575438274, "1": 7.813419282816506, "2": 15.997402803709345}, "c_res": {"0": 2.0000060575438274}, "inv_c_res": 0.03874342947921882, "eta": 1.0, "_timestamp": 1683586824.2940328, "_runtime": 1675.3882377147675, "_step": 49, "_wandb": {"runtime": 1674}}