{"best_f": -4.00588951333137, "f_hat_x": 6.393162191353857, "f_x": -5.527935265141613, "f_res": 11.92109745649547, "sum_c_x": 310.67461298487126, "cum_costs": 8016.938338906729, "E_inv_c": 0, "sum_Ec": 0, "inv_cost": 0.0032188017887663594, "E_c": {"0": 0}, "c_x": {"0": 141.61833967513613, "1": 76.67241127968846, "2": 92.38386203004666}, "c_res": {"0": 141.61833967513613}, "inv_c_res": 0.0032188017887663594, "eta": 1.0, "_timestamp": 1683675936.0043452, "_runtime": 72.23456811904907, "_step": 14}