{"best_f": 114.72103463342124, "f_hat_x": 7.799336521868223, "f_x": 105.1068728887661, "f_res": 97.30753636689788, "sum_c_x": 11.61369008744661, "cum_costs": 190.3083612752678, "E_inv_c": 0.08740576685437117, "sum_Ec": 11.457148057891315, "inv_cost": 0.08610527683022239, "E_c": {"0": 2.00000000000597, "1": 7.095516736512998, "2": 2.361631321372347}, "c_x": {"0": 2.0000000000107576, "1": 7.095542094393141, "2": 2.5181479930427093}, "c_res": {"0": 4.787725771393525e-12, "1": 2.5357880143239697e-05, "2": 0.15651667167036232}, "inv_c_res": 0.0013004900241487816, "eta": 1.0, "_timestamp": 1683569542.9611254, "_runtime": 45.297481298446655, "_step": 5}