{"best_f": -0.07411558948188102, "f_hat_x": 0.9672999786109643, "f_x": -395.6919013424313, "f_res": 396.6592013210423, "sum_c_x": 6.202217271273972, "cum_costs": 334.3607401708382, "E_inv_c": 0, "sum_Ec": 0, "inv_cost": 0.16123266184684854, "E_c": {"0": 0}, "c_x": {"0": 2.0236183095794464, "1": 2.123416507077568, "2": 2.0551824546169577}, "c_res": {"0": 2.0236183095794464}, "inv_c_res": 0.16123266184684854, "eta": 1.0, "_timestamp": 1683595410.7107599, "_runtime": 4531.994779825211, "_step": 49, "_wandb": {"runtime": 4531}}