{"best_f": 71.46586314571688, "f_hat_x": -1.758659853214827, "f_x": 68.62992412306764, "f_res": 70.38858397628246, "sum_c_x": 372.5249953176035, "cum_costs": 19353.27805127039, "E_inv_c": 0, "sum_Ec": 0, "inv_cost": 0.0026843836321571667, "E_c": {"0": 0}, "c_x": {"0": 166.10729722054788, "1": 57.7561553318886, "2": 148.66154276516704}, "c_res": {"0": 166.10729722054788}, "inv_c_res": 0.0026843836321571667, "eta": 4.0, "_timestamp": 1683743939.0225003, "_runtime": 139.35490727424622, "_step": 49, "_wandb": {"runtime": 138}}