{"best_f": -10.044565090034816, "f_hat_x": 7.864477725420198, "f_x": -10.061353460708792, "f_res": 17.92583118612899, "sum_c_x": 179.75274596111836, "cum_costs": 4625.121474676997, "E_inv_c": 0.0031546558014012185, "sum_Ec": 317.2704301186049, "inv_cost": 0.0030594313829221008, "E_c": {"0": 147.20694595423276, "1": 67.53216017525035, "2": 102.53132398912182}, "c_x": {"0": 0.10000000149011612, "1": 76.69498094939652, "2": 102.95776501023173}, "c_res": {"0": 147.10694595274265, "1": 9.16282077414617, "2": 0.426441021109909}, "inv_c_res": 9.522441847911777e-05, "eta": 1.0, "_timestamp": 1683675418.0328822, "_runtime": 105.25331115722656, "_step": 5}