{"best_f": -16.74753093614938, "f_hat_x": 0.4380607130075413, "f_x": -18.965935424503247, "f_res": 19.403996137510788, "sum_c_x": 12.166570569632674, "cum_costs": 358.24552035959806, "E_inv_c": 0, "sum_Ec": 0, "inv_cost": 0.08219243000948553, "E_c": {"0": 0}, "c_x": {"0": 3.0311892866785817, "1": 0.05788042110288982, "2": 9.077500861851203}, "c_res": {"0": 3.0311892866785817}, "inv_c_res": 0.08219243000948553, "eta": 0.01, "_timestamp": 1683452625.0374024, "_runtime": 329.4148714542389, "_step": 9}