{"best_f": 137.47640635814736, "f_hat_x": 8.709286269288485, "f_x": 137.47640635814736, "f_res": 128.76712008885886, "sum_c_x": 11.684118366739057, "cum_costs": 320.9618104275239, "E_inv_c": 0, "sum_Ec": 0, "inv_cost": 0.08558626064989891, "E_c": {"0": 0}, "c_x": {"0": 2.0000000002726743, "1": 7.6708116847923815, "2": 2.013306681674001}, "c_res": {"0": 2.0000000002726743}, "inv_c_res": 0.08558626064989891, "eta": 1.0, "_timestamp": 1683567166.4875166, "_runtime": 147.76754665374756, "_step": 15}