{"best_f": -2.712132630585525, "f_hat_x": -0.108105653389586, "f_x": -12.602568575725245, "f_res": 12.494462922335659, "sum_c_x": 21.139277722161324, "cum_costs": 1119.5103027372481, "E_inv_c": 0, "sum_Ec": 0, "inv_cost": 0.047305305940119786, "E_c": {"0": 0}, "c_x": {"0": 9.083416023177733, "1": 3.3568823747070113, "2": 8.698979324276582}, "c_res": {"0": 9.083416023177733}, "inv_c_res": 0.047305305940119786, "eta": 2.227915756473953e-09, "_timestamp": 1683340783.3195326, "_runtime": 5050.778209686279, "_step": 49, "_wandb": {"runtime": 5049}}