{"best_f": -2.3661544069395983, "f_hat_x": 0.041757020306932624, "f_x": -3.3012110983867844, "f_res": 3.342968118693717, "sum_c_x": 22.592111881745637, "cum_costs": 1060.853370787108, "E_inv_c": 0, "sum_Ec": 0, "inv_cost": 0.04426323688703034, "E_c": {"0": 0}, "c_x": {"0": 7.88186902802607, "1": 6.526713275274243, "2": 8.183529578445324}, "c_res": {"0": 7.88186902802607}, "inv_c_res": 0.04426323688703034, "eta": 0.00016615349947311482, "_timestamp": 1683366681.634266, "_runtime": 4404.297936916351, "_step": 49, "_wandb": {"runtime": 4403}}