{"best_f": -2.364513415343364, "f_hat_x": -0.8884132107528843, "f_x": -8.14087098586736, "f_res": 7.252457775114476, "sum_c_x": 13.206986024602102, "cum_costs": 1126.514034332233, "E_inv_c": 0, "sum_Ec": 0, "inv_cost": 0.07571750270176635, "E_c": {"0": 0}, "c_x": {"0": 3.0020610795007707, "1": 2.0213953666560087, "2": 8.183529578445324}, "c_res": {"0": 3.0020610795007707}, "inv_c_res": 0.07571750270176635, "eta": 2.227915756473953e-09, "_timestamp": 1683340429.4161794, "_runtime": 4697.088206529617, "_step": 49, "_wandb": {"runtime": 4696}}