{"best_f": -0.0704961208399677, "f_hat_x": 0.40029607402319456, "f_x": -1.6641715870039917, "f_res": 2.0644676610271864, "sum_c_x": 7.106578407484555, "cum_costs": 415.66325862431296, "E_inv_c": 0.1411316317037189, "sum_Ec": 7.086143619465481, "inv_cost": 0.14071469315624704, "E_c": {"0": 2.9412295319352753, "1": 0.5408504785901154, "2": 3.6040636089400913}, "c_x": {"0": 2.940411843193286, "1": 0.5405915433345841, "2": 3.6255750209566857}, "c_res": {"0": 0.0008176887419892864, "1": 0.000258935255531223, "2": 0.021511412016594456}, "inv_c_res": 0.0004169385474718512, "eta": 0.95, "_timestamp": 1683478445.7534566, "_runtime": 919.9568386077881, "_step": 15}