{"best_f": -2.4492075799628914, "f_hat_x": 5.676378310929695, "f_x": -3.0533956449108075, "f_res": 8.729773955840503, "sum_c_x": 362.8945536700305, "cum_costs": 10562.005702094702, "E_inv_c": 0.07507405274281691, "sum_Ec": 362.5415193519792, "inv_cost": 0.0027556214054104294, "E_c": {"0": 140.08888445136935, "1": 66.48188682289364, "2": 155.97074807771622}, "c_x": {"0": 140.08471365046424, "1": 66.7775495720503, "2": 156.03229044751595}, "c_res": {"0": 0.004170800905114902, "1": 0.29566274915666213, "2": 0.061542369799724383}, "inv_c_res": 0.07231843133740648, "eta": 1.0, "_timestamp": 1683847651.7062817, "_runtime": 2972.2647466659546, "_step": 39, "_wandb": {"runtime": 2971}}