{"best_f": -10.353200185915387, "f_hat_x": -0.602837816901099, "f_x": -246.11304573243615, "f_res": 245.51020791553506, "sum_c_x": 6.803719096519769, "cum_costs": 220.99079349574393, "E_inv_c": 0, "sum_Ec": 0, "inv_cost": 0.14697843720672107, "E_c": {"0": 0}, "c_x": {"0": 2.0608687109967674, "1": 0.12143698935693925, "2": 4.621413396166062}, "c_res": {"0": 2.0608687109967674}, "inv_c_res": 0.14697843720672107, "eta": 0.01, "_timestamp": 1683452336.7268732, "_runtime": 41.003730058670044, "_step": 2, "_wandb": {"runtime": 40}}