{"best_f": -2.614454107284418, "f_hat_x": 0.28893585297464164, "f_x": -2.614454107284418, "f_res": 2.9033899602590596, "sum_c_x": 5.997616570367534, "cum_costs": 486.01546738225124, "E_inv_c": 0.16676452140711756, "sum_Ec": 5.996512288911086, "inv_cost": 0.16673289935550514, "E_c": {"0": 2.3523350074184473, "1": 0.09814980298168789, "2": 3.5460274785109513}, "c_x": {"0": 2.3524547009178143, "1": 0.09808873524805428, "2": 3.547073134201666}, "c_res": {"0": 0.000119693499367024, "1": 6.106773363361018e-05, "2": 0.0010456556907145753}, "inv_c_res": 3.162205161241771e-05, "eta": 5.0, "_timestamp": 1683410767.497543, "_runtime": 3791.1245341300964, "_step": 49, "_wandb": {"runtime": 3790}}