{"best_f": 195.50820113628532, "f_hat_x": 3.281008221880984, "f_x": 195.40875324788237, "f_res": 192.12774502600138, "sum_c_x": 25.675624177779476, "cum_costs": 1503.557409483699, "E_inv_c": 0, "sum_Ec": 0, "inv_cost": 0.03894744653823967, "E_c": {"0": 0}, "c_x": {"0": 2.0000060575530725, "1": 7.678378782837066, "2": 15.997239337389338}, "c_res": {"0": 2.0000060575530725}, "inv_c_res": 0.03894744653823967, "eta": 2.0, "_timestamp": 1683580739.0458317, "_runtime": 2448.195521593094, "_step": 49, "_wandb": {"runtime": 2447}}