{"best_f": -7.545981887687679, "f_hat_x": 7.081152881168863, "f_x": -7.545981962881299, "f_res": 14.627134844050161, "sum_c_x": 115.66898273680758, "cum_costs": 4146.348809357383, "E_inv_c": 0.06746067867926618, "sum_Ec": 306.3500159457912, "inv_cost": 0.003233244696716882, "E_c": {"0": 140.34202318905696, "1": 53.47554515010933, "2": 112.53244760662491}, "c_x": {"0": 0.10000000149011612, "1": 0.10000000149011612, "2": 115.46898273382735}, "c_res": {"0": 0.0001545296422307274, "1": 0.0004325715080923942, "2": 2.9365351272024327}, "inv_c_res": 0.06422743398254929, "eta": 1.0, "_timestamp": 1683840924.8723264, "_runtime": 333.0059084892273, "_step": 5}