{"best_f": 0.10704594388968336, "f_hat_x": 3.913045827273213, "f_x": -3.606238930263908, "f_res": 7.519284757537121, "sum_c_x": 9.869803026203456, "cum_costs": 717.3620068923343, "E_inv_c": 0, "sum_Ec": 0, "inv_cost": 0.10131914460147667, "E_c": {"0": 0}, "c_x": {"0": 2.000000000003678, "1": 0.3827599820730213, "2": 7.487043044126758}, "c_res": {"0": 2.000000000003678}, "inv_c_res": 0.10131914460147667, "eta": 1.0, "_timestamp": 1683576962.393307, "_runtime": 6331.566073894501, "_step": 49, "_wandb": {"runtime": 6330}}