{"best_f": 118.49179165016693, "f_hat_x": 7.929286651804309, "f_x": 118.41681818864164, "f_res": 110.48753153683734, "sum_c_x": 11.662387500273104, "cum_costs": 170.95027028606526, "E_inv_c": 0.08598238355432117, "sum_Ec": 11.630461904318866, "inv_cost": 0.08574573602331277, "E_c": {"0": 2.0000000024516633, "1": 7.65530693589251, "2": 1.975154965974692}, "c_x": {"0": 2.000000002488406, "1": 7.6553158073130065, "2": 2.007071690471692}, "c_res": {"0": 3.674260895536463e-11, "1": 8.871420496880944e-06, "2": 0.031916724497000004}, "inv_c_res": 0.00023664753100839653, "eta": 1.0, "_timestamp": 1683569658.8649487, "_runtime": 34.880863666534424, "_step": 3}