{"best_f": 262.7195286120408, "f_hat_x": 8.297221810044503, "f_x": 262.71944257294456, "f_res": 254.42222076290005, "sum_c_x": 89.75826135250625, "cum_costs": 6586.416003437218, "E_inv_c": 0.00421341305996785, "sum_Ec": 237.33761778815023, "inv_cost": 0.004213357551116697, "E_c": {"0": 80.88644323352779, "1": 66.89419685769101, "2": 89.55697769693143}, "c_x": {"0": 0.10000000149011612, "1": 0.10000000149011612, "2": 89.55826134952602}, "c_res": {"0": 0.0006019161170627285, "1": 0.0009045880947127216, "2": 0.0012836525945942867}, "inv_c_res": 5.5508851153594774e-08, "eta": 1.0, "_timestamp": 1683770139.051467, "_runtime": 1273.9977128505707, "_step": 49, "_wandb": {"runtime": 1273}}