{"best_f": 173.70483143243268, "f_hat_x": 3.5189896785015513, "f_x": 172.124025211726, "f_res": 168.60503553322445, "sum_c_x": 25.627405738435577, "cum_costs": 1532.2769462627252, "E_inv_c": 0, "sum_Ec": 0, "inv_cost": 0.03902072688146564, "E_c": {"0": 0}, "c_x": {"0": 2.000660854148089, "1": 7.630779201375234, "2": 15.995965682912251}, "c_res": {"0": 2.000660854148089}, "inv_c_res": 0.03902072688146564, "eta": 4.0, "_timestamp": 1683589310.026769, "_runtime": 1004.9502429962158, "_step": 49, "_wandb": {"runtime": 1004}}