{"best_f": -3.8811352434559687, "f_hat_x": 1.2736375222474274, "f_x": -115.27345614862008, "f_res": 116.54709367086751, "sum_c_x": 5.405468893132385, "cum_costs": 342.9919980180553, "E_inv_c": 0, "sum_Ec": 0, "inv_cost": 0.18499782715806465, "E_c": {"0": 0}, "c_x": {"0": 2.0002837938747913, "1": 1.3979949203841637, "2": 2.0071901788734303}, "c_res": {"0": 2.0002837938747913}, "inv_c_res": 0.18499782715806465, "eta": 2.0, "_timestamp": 1683552593.7428193, "_runtime": 7229.335500240326, "_step": 49, "_wandb": {"runtime": 7227}}