{"best_f": -0.8363729697650943, "f_hat_x": 6.4517586101916296, "f_x": -5.576945337687967, "f_res": 12.028703947879595, "sum_c_x": 330.9438452744307, "cum_costs": 21318.573181354164, "E_inv_c": 0, "sum_Ec": 0, "inv_cost": 0.0030216606662401093, "E_c": {"0": 0}, "c_x": {"0": 140.31316234094797, "1": 48.51650980343375, "2": 142.11417313004898}, "c_res": {"0": 140.31316234094797}, "inv_c_res": 0.0030216606662401093, "eta": 1.0, "_timestamp": 1683676721.0123527, "_runtime": 323.04722476005554, "_step": 49, "_wandb": {"runtime": 322}}