{"best_f": -7.160145327481658, "f_hat_x": 1.7878047289273942, "f_x": -15.193121868695226, "f_res": 16.98092659762262, "sum_c_x": 11.851435185716053, "cum_costs": 437.90453383852076, "E_inv_c": 0, "sum_Ec": 0, "inv_cost": 0.08437796640910211, "E_c": {"0": 0}, "c_x": {"0": 2.000171447437844, "1": 7.829465568708868, "2": 2.021798169569341}, "c_res": {"0": 2.000171447437844}, "inv_c_res": 0.08437796640910211, "eta": 1, "_timestamp": 1683543967.451216, "_runtime": 2511.883903980255, "_step": 49, "_wandb": {"runtime": 2511}}