{"best_f": -0.4544017275587606, "f_hat_x": -0.3959367804986564, "f_x": -4.8733183161281834, "f_res": 4.477381535629527, "sum_c_x": 14.8136193793686, "cum_costs": 571.5129559302086, "E_inv_c": 0.06751802367324276, "sum_Ec": 14.811886767404289, "inv_cost": 0.06750544714229204, "E_c": {"0": 2.195497885346409, "1": 8.265838261000283, "2": 4.3505506210575975}, "c_x": {"0": 2.195488790457798, "1": 8.265723058459901, "2": 4.352407530450901}, "c_res": {"0": 9.094888611116403e-06, "1": 0.00011520254038188682, "2": 0.0018569093933038516}, "inv_c_res": 1.2576530950728082e-05, "eta": 5.0, "_timestamp": 1683409262.4480639, "_runtime": 2291.0865337848663, "_step": 49, "_wandb": {"runtime": 2290}}