{"best_f": -1.6374881583588583, "f_hat_x": 7.332855790637141, "f_x": -1.6374881583588583, "f_res": 8.970343948996, "sum_c_x": 348.99646453295804, "cum_costs": 17677.947976181375, "E_inv_c": 0, "sum_Ec": 0, "inv_cost": 0.002865358539772724, "E_c": {"0": 0}, "c_x": {"0": 140.00821311907805, "1": 58.77951195430782, "2": 150.2087394595722}, "c_res": {"0": 140.00821311907805}, "inv_c_res": 0.002865358539772724, "eta": 1.0, "_timestamp": 1683844498.5388248, "_runtime": 321.7378487586975, "_step": 39, "_wandb": {"runtime": 321}}