{"best_f": -3.679782237668756, "f_hat_x": 0.24957430244365225, "f_x": -6.996354063171484, "f_res": 7.2459283656151365, "sum_c_x": 282.2252229025999, "cum_costs": 6495.636779079197, "E_inv_c": 0.0918411419690122, "sum_Ec": 285.1154683757369, "inv_cost": 0.0035432694133972382, "E_c": {"0": 155.28020615617052, "1": 54.719359430846545, "2": 75.11590278871985}, "c_x": {"0": 153.84288174138672, "1": 53.270627482289726, "2": 75.11171367892348}, "c_res": {"0": 1.4373244147838022, "1": 1.4487319485568193, "2": 0.004189109796371326}, "inv_c_res": 0.08829787255561497, "eta": 1.0, "_timestamp": 1683866229.5387037, "_runtime": 2636.276035785675, "_step": 39, "_wandb": {"runtime": 2635}}