{"best_f": -2.0713501216975367, "f_hat_x": -1.532364417547006, "f_x": -9.548656978310305, "f_res": 8.016292560763299, "sum_c_x": 70.81578023602104, "cum_costs": 3416.423743450547, "E_inv_c": 0.014340642783879915, "sum_Ec": 70.14898482521103, "inv_cost": 0.014121146397979551, "E_c": {"0": 1.999844673505805, "1": 1.656301990665738, "2": 66.49283816103949}, "c_x": {"0": 2.0000001967295535, "1": 1.6378186707556313, "2": 67.17796136853586}, "c_res": {"0": 0.00015552322374845495, "1": 0.018483319910106655, "2": 0.6851232074963747}, "inv_c_res": 0.00021949638590036333, "eta": 1.0, "_timestamp": 1683666574.537839, "_runtime": 4161.822625875473, "_step": 49, "_wandb": {"runtime": 4161}}