{"best_f": -4.674388075123931, "f_hat_x": 4.46007398687493, "f_x": -9.280521843633416, "f_res": 13.740595830508346, "sum_c_x": 361.1155591796885, "cum_costs": 20135.205739831763, "E_inv_c": 0, "sum_Ec": 0, "inv_cost": 0.0027691966590185253, "E_c": {"0": 0}, "c_x": {"0": 141.0678774616714, "1": 69.58469293952938, "2": 150.46298877848773}, "c_res": {"0": 141.0678774616714}, "inv_c_res": 0.0027691966590185253, "eta": 2.0, "_timestamp": 1683683252.9117935, "_runtime": 152.85877537727356, "_step": 49, "_wandb": {"runtime": 152}}