{"best_f": -6.797606175759285, "f_hat_x": 9.442454236410164, "f_x": -6.797606190539305, "f_res": 16.24006042694947, "sum_c_x": 95.3319745032995, "cum_costs": 3828.371732591862, "E_inv_c": 0.10314460786322423, "sum_Ec": 290.5251961734881, "inv_cost": 0.003464629203779759, "E_c": {"0": 140.09147991381988, "1": 53.40741784844882, "2": 97.0262984112194}, "c_x": {"0": 0.10000000149011612, "1": 0.10000000149011612, "2": 95.13197450031927}, "c_res": {"0": 0.00034793038187785896, "1": 0.0006512374749760852, "2": 1.8943239109001269}, "inv_c_res": 0.09967997865944447, "eta": 1.0, "_timestamp": 1683812589.7768896, "_runtime": 76.1557605266571, "_step": 2, "_wandb": {"runtime": 75}}