{"best_f": 1.0132959097490366, "f_hat_x": -0.2309115286796784, "f_x": -4.699509385740099, "f_res": 4.468597857060421, "sum_c_x": 19.94210026359352, "cum_costs": 1078.108036585757, "E_inv_c": 0, "sum_Ec": 0, "inv_cost": 0.0501451696051097, "E_c": {"0": 0}, "c_x": {"0": 2.489140605799478, "1": 8.970873134322932, "2": 8.48208652347111}, "c_res": {"0": 2.489140605799478}, "inv_c_res": 0.0501451696051097, "eta": 3.022314549036579e-16, "_timestamp": 1683340583.404355, "_runtime": 4851.221580982208, "_step": 49, "_wandb": {"runtime": 4850}}