{"best_f": -3.0331143018490123, "f_hat_x": 6.916858185648939, "f_x": -4.559456461694159, "f_res": 11.476314647343099, "sum_c_x": 368.58321540527044, "cum_costs": 11145.532354804185, "E_inv_c": 0, "sum_Ec": 0, "inv_cost": 0.002713091530498653, "E_c": {"0": 0}, "c_x": {"0": 139.99868038922835, "1": 76.88587202112785, "2": 151.69866299491423}, "c_res": {"0": 139.99868038922835}, "inv_c_res": 0.002713091530498653, "eta": 1.0, "_timestamp": 1683675821.6905653, "_runtime": 112.52310037612915, "_step": 19}