{"best_f": -2.146765774261124, "f_hat_x": -0.3652523703095041, "f_x": -31.60417469826247, "f_res": 31.238922327952963, "sum_c_x": 354.8115327010414, "cum_costs": 17466.77508761902, "E_inv_c": 0, "sum_Ec": 0, "inv_cost": 0.002818397678303721, "E_c": {"0": 0}, "c_x": {"0": 170.53447908198203, "1": 76.90468699245126, "2": 107.37236662660813}, "c_res": {"0": 170.53447908198203}, "inv_c_res": 0.002818397678303721, "eta": 1.0, "_timestamp": 1683687771.4237533, "_runtime": 230.48077917099, "_step": 49, "_wandb": {"runtime": 229}}