{"best_f": 58.8703624507691, "f_hat_x": 1.6391371555228276, "f_x": 20.14688818054995, "f_res": 18.507751025027122, "sum_c_x": 20.15746731584032, "cum_costs": 1159.798943377263, "E_inv_c": 0, "sum_Ec": 0, "inv_cost": 0.049609406992026775, "E_c": {"0": 0}, "c_x": {"0": 2.522828765393549, "1": 1.6378186707556313, "2": 15.996819879691142}, "c_res": {"0": 2.522828765393549}, "inv_c_res": 0.049609406992026775, "eta": 1.0, "_timestamp": 1683619987.2003682, "_runtime": 4875.743814229965, "_step": 49, "_wandb": {"runtime": 4874}}