{"best_f": -4.512284021839516, "f_hat_x": 7.007442031151846, "f_x": -5.9327102087523595, "f_res": 12.940152239904204, "sum_c_x": 352.9985531781767, "cum_costs": 10486.492516668712, "E_inv_c": 0, "sum_Ec": 0, "inv_cost": 0.00283287280074275, "E_c": {"0": 0}, "c_x": {"0": 140.22013578416326, "1": 73.77157724261768, "2": 139.00684015139575}, "c_res": {"0": 140.22013578416326}, "inv_c_res": 0.00283287280074275, "eta": 1.0, "_timestamp": 1683675428.7397876, "_runtime": 116.01147150993347, "_step": 20}