{"best_f": -2.160760736479219, "f_hat_x": 3.35152618891357, "f_x": -4.947060622303017, "f_res": 8.298586811216587, "sum_c_x": 149.15970241649998, "cum_costs": 10864.260020480533, "E_inv_c": 0, "sum_Ec": 0, "inv_cost": 0.0027277048397775514, "E_c": {"0": 0}, "c_x": {"0": 0.10000000149011612, "1": 0.10000000149011612, "2": 148.95970241351975}, "c_res": {"0": 142.23712560063797}, "inv_c_res": 0.0027277048397775514, "eta": 2.0, "_timestamp": 1683684636.3160045, "_runtime": 617.8111906051636, "_step": 49, "_wandb": {"runtime": 617}}