{"best_f": 119.01232521866253, "f_hat_x": 9.025810467902689, "f_x": 117.65034577214, "f_res": 108.62453530423731, "sum_c_x": 11.577144064982601, "cum_costs": 237.5013257446, "E_inv_c": 0.08731016594575891, "sum_Ec": 11.456969086653586, "inv_cost": 0.08637708871782127, "E_c": {"0": 2.0000002933695984, "1": 7.577054328876235, "2": 1.8799144644077521}, "c_x": {"0": 2.0000002933641277, "1": 7.577063910999463, "2": 2.0000798606190093}, "c_res": {"0": 5.470734976142921e-12, "1": 9.58212322821339e-06, "2": 0.12016539621125721}, "inv_c_res": 0.0009330772279376454, "eta": 1.0, "_timestamp": 1683568799.786391, "_runtime": 118.27331113815308, "_step": 8}