{"best_f": 0.8218796642563564, "f_hat_x": 4.032808323523444, "f_x": -4.409270265650342, "f_res": 8.442078589173786, "sum_c_x": 7.3860053621710495, "cum_costs": 765.7285714968189, "E_inv_c": 0.13487804913366733, "sum_Ec": 7.414673805787684, "inv_cost": 0.13539118250870846, "E_c": {"0": 2.0000092900995594, "1": 2.2439539868088123, "2": 3.170710528879313}, "c_x": {"0": 2.0000000652833094, "1": 2.2428644444757078, "2": 3.1431408524120323}, "c_res": {"0": 9.22481624998639e-06, "1": 0.0010895423331045428, "2": 0.02756967646728059}, "inv_c_res": 0.000513133375041136, "eta": 1.0, "_timestamp": 1683576219.9691677, "_runtime": 5589.299370765686, "_step": 49, "_wandb": {"runtime": 5588}}