{"best_f": -3.8811352434559687, "f_hat_x": 1.2868998755924612, "f_x": -17.129101667736197, "f_res": 18.416001543328658, "sum_c_x": 5.519810688090079, "cum_costs": 368.3080921167883, "E_inv_c": 0, "sum_Ec": 0, "inv_cost": 0.18116563348045042, "E_c": {"0": 0}, "c_x": {"0": 2.0147944616511824, "1": 0.5483528396107631, "2": 2.956663386828133}, "c_res": {"0": 2.0147944616511824}, "inv_c_res": 0.18116563348045042, "eta": 1.0, "_timestamp": 1683552542.6728194, "_runtime": 7179.22461938858, "_step": 49, "_wandb": {"runtime": 7176}}