{"best_f": -10.243321681277322, "f_hat_x": 2.687466631650645, "f_x": -25.39360659245296, "f_res": 28.081073224103605, "sum_c_x": 160.91439324993163, "cum_costs": 2271.4459221305046, "E_inv_c": 0, "sum_Ec": 0, "inv_cost": 0.006214484483353852, "E_c": {"0": 0}, "c_x": {"0": 58.724051623186014, "1": 72.19082740314582, "2": 29.99951422359978}, "c_res": {"0": 58.724051623186014}, "inv_c_res": 0.006214484483353852, "eta": 0.01, "_timestamp": 1683329071.9713576, "_runtime": 142.62394452095032, "_step": 5}