{"best_f": -1.1920553967181104, "f_hat_x": 5.384153663459459, "f_x": -1.2392865178578873, "f_res": 6.6234401813173465, "sum_c_x": 116.43013806395808, "cum_costs": 6674.531731811882, "E_inv_c": 0.008588850711680817, "sum_Ec": 116.43057632100036, "inv_cost": 0.008588841485790167, "E_c": {"0": 16.58738926517553, "1": 68.9637681310812, "2": 30.87941892474364}, "c_x": {"0": 16.5891579964673, "1": 68.96304588712444, "2": 30.87793418036634}, "c_res": {"0": 0.0017687312917686882, "1": 0.0007222439567584615, "2": 0.0014847443773007285}, "inv_c_res": 9.225890650402246e-09, "eta": 1.0, "_timestamp": 1683296589.703421, "_runtime": 3966.2761900424957, "_step": 43}