{"best_f": -9.13152312943398, "f_hat_x": 6.635664510851288, "f_x": -9.13156609118774, "f_res": 15.767230602039028, "sum_c_x": 97.54520239080355, "cum_costs": 5435.270150486254, "E_inv_c": 0.07170334377798224, "sum_Ec": 322.30273877028105, "inv_cost": 0.003117306739378191, "E_c": {"0": 142.52330359368986, "1": 80.92107233883647, "2": 98.8583628377547}, "c_x": {"0": 0.10000000149011612, "1": 0.10000000149011612, "2": 97.34520238782332}, "c_res": {"0": 0.00016223121954794806, "1": 0.0003180001979643521, "2": 1.5131604499313767}, "inv_c_res": 0.06858603703860405, "eta": 1.080720175325273, "_timestamp": 1683837137.0169177, "_runtime": 384.4976906776428, "_step": 11}