{"best_f": -2.523860411377772, "f_hat_x": 1.6467615750483968, "f_x": -2.523860411377772, "f_res": 4.170621986426169, "sum_c_x": 13.120225395846745, "cum_costs": 390.6210055965206, "E_inv_c": 0.07730610676065917, "sum_Ec": 12.93781385408598, "inv_cost": 0.07621820279982032, "E_c": {"0": 3.9696001393854785, "1": 0.7847716609053376, "2": 8.183442053795165}, "c_x": {"0": 4.15756625456192, "1": 0.7791295628395023, "2": 8.183529578445324}, "c_res": {"0": 0.18796611517644157, "1": 0.005642098065835266, "2": 8.752465015859912e-05}, "inv_c_res": 0.001087903960838854, "eta": 0.99, "_timestamp": 1683478353.1055338, "_runtime": 827.9016199111938, "_step": 13}