{"best_f": 76.70676365475481, "f_hat_x": 0.5318667602589564, "f_x": 76.70676365475481, "f_res": 76.17489689449586, "sum_c_x": 124.34385798800248, "cum_costs": 12678.65325077491, "E_inv_c": 0, "sum_Ec": 0, "inv_cost": 0.003589033262999059, "E_c": {"0": 0}, "c_x": {"0": 0.10000000149011612, "1": 0.10000000149011612, "2": 124.14385798502225}, "c_res": {"0": 107.1098918750559}, "inv_c_res": 0.003589033262999059, "eta": 0.6050060671375365, "_timestamp": 1683751461.4019735, "_runtime": 4056.41645359993, "_step": 49, "_wandb": {"runtime": 4055}}