{"best_f": -2.597030004171104, "f_hat_x": 0.26523376146870553, "f_x": -7.418670068224891, "f_res": 7.683903829693596, "sum_c_x": 188.04891731766577, "cum_costs": 10073.377954150574, "E_inv_c": 0.003065990867761089, "sum_Ec": 326.15943147993767, "inv_cost": 0.0030663586759129037, "E_c": {"0": 138.16736249122508, "1": 63.75384993376293, "2": 124.23821905494965}, "c_x": {"0": 0.10000000149011612, "1": 63.75466550811802, "2": 124.19425180805764}, "c_res": {"0": 0.0034294931702447684, "1": 0.0008155743550943839, "2": 0.04396724689200937}, "inv_c_res": 3.678081518148149e-07, "eta": 2.0, "_timestamp": 1683714221.4387305, "_runtime": 543.3194453716278, "_step": 49, "_wandb": {"runtime": 542}}