{"best_f": -3.2275657899993604, "f_hat_x": -0.14569850090427008, "f_x": -4.10829201677487, "f_res": 3.9625935158706, "sum_c_x": 102.74948344091194, "cum_costs": 13583.487330057893, "E_inv_c": 0, "sum_Ec": 0, "inv_cost": 0.002738308292959447, "E_c": {"0": 0}, "c_x": {"0": 0.10000000149011612, "1": 0.10000000149011612, "2": 102.54948343793171}, "c_res": {"0": 173.00094669589285}, "inv_c_res": 0.002738308292959447, "eta": 0.07694497527671314, "_timestamp": 1683722411.9478862, "_runtime": 6789.470755338669, "_step": 49, "_wandb": {"runtime": 6788}}