{"best_f": -1.305385680978809, "f_hat_x": 4.554478130753502, "f_x": -5.746152578760302, "f_res": 10.300630709513804, "sum_c_x": 105.88443224023673, "cum_costs": 4780.321927190747, "E_inv_c": 0, "sum_Ec": 0, "inv_cost": 0.009444258979744463, "E_c": {"0": 0}, "c_x": {"0": 21.67530078869938, "1": 53.89316396419929, "2": 30.31596748733806}, "c_res": {"0": 21.67530078869938}, "inv_c_res": 0.009444258979744463, "eta": 1.0, "_timestamp": 1683294207.9499438, "_runtime": 1583.7768018245697, "_step": 26, "_wandb": {"runtime": 1586}}