{"best_f": -2.9384758323283395, "f_hat_x": 0.6575009695766665, "f_x": -2.9783903224413324, "f_res": 3.635891292017999, "sum_c_x": 12.989901621700238, "cum_costs": 1016.2060861541112, "E_inv_c": 0, "sum_Ec": 0, "inv_cost": 0.07698287709349956, "E_c": {"0": 0}, "c_x": {"0": 4.571079905524636, "1": 2.5923021767048775, "2": 5.826519539470723}, "c_res": {"0": 4.571079905524636}, "inv_c_res": 0.07698287709349956, "eta": 0.2, "_timestamp": 1683386087.4988012, "_runtime": 6814.8844883441925, "_step": 49, "_wandb": {"runtime": 6813}}