{"best_f": -1.5265372073491617, "f_hat_x": -1.8643327714292364, "f_x": -14.235522019955322, "f_res": 12.371189248526086, "sum_c_x": 388.69659194535166, "cum_costs": 16940.057865296974, "E_inv_c": 0, "sum_Ec": 0, "inv_cost": 0.002572700714959173, "E_c": {"0": 0}, "c_x": {"0": 174.82472357257672, "1": 88.95254841341406, "2": 124.91931995936089}, "c_res": {"0": 174.82472357257672}, "inv_c_res": 0.002572700714959173, "eta": 0.07694497527671314, "_timestamp": 1683725132.1864688, "_runtime": 230.90072774887085, "_step": 49, "_wandb": {"runtime": 229}}