{"best_f": 55.888924621954516, "f_hat_x": 2.1887693755684463, "f_x": -15.808667177721702, "f_res": 17.99743655329015, "sum_c_x": 23.61944217894814, "cum_costs": 1219.8741716954423, "E_inv_c": 0, "sum_Ec": 0, "inv_cost": 0.04233800241443863, "E_c": {"0": 0}, "c_x": {"0": 2.082777721304173, "1": 7.324676586225888, "2": 14.21198787141808}, "c_res": {"0": 2.082777721304173}, "inv_c_res": 0.04233800241443863, "eta": 0.8, "_timestamp": 1683634628.1789427, "_runtime": 5969.487570762634, "_step": 49, "_wandb": {"runtime": 5968}}