{"best_f": -6.5111654445711915, "f_hat_x": 4.506315837890077, "f_x": -6.5111654445711915, "f_res": 11.017481282461269, "sum_c_x": 272.98421209831656, "cum_costs": 3617.4318152746673, "E_inv_c": 0, "sum_Ec": 0, "inv_cost": 0.003663215510938945, "E_c": {"0": 0}, "c_x": {"0": 140.0167153431467, "1": 35.75559698627909, "2": 97.21189976889077}, "c_res": {"0": 140.0167153431467}, "inv_c_res": 0.003663215510938945, "eta": 1.0, "_timestamp": 1683812551.519226, "_runtime": 37.89623713493347, "_step": 0, "_wandb": {"runtime": 52}}