{"best_f": 165.48549058179634, "f_hat_x": 3.0399823192271835, "f_x": 165.48125877039, "f_res": 162.44127645116282, "sum_c_x": 25.765350992509354, "cum_costs": 1532.1226736127833, "E_inv_c": 0.03881264057533738, "sum_Ec": 25.764802425427376, "inv_cost": 0.038811813597677186, "E_c": {"0": 2.0000201540624247, "1": 7.767725758068169, "2": 15.997056513296782}, "c_x": {"0": 2.0000208916250415, "1": 7.7676921032054285, "2": 15.997637997678886}, "c_res": {"0": 7.375626167593907e-07, "1": 3.365486274020668e-05, "2": 0.0005814843821045912}, "inv_c_res": 8.26977660191297e-07, "eta": 2.0, "_timestamp": 1683580935.4679267, "_runtime": 2644.613464832306, "_step": 49, "_wandb": {"runtime": 2643}}