{"best_f": -3.183937997915622, "f_hat_x": -1.0290523372627758, "f_x": -16.703719792605973, "f_res": 15.674667455343197, "sum_c_x": 21.33030625838098, "cum_costs": 827.938910425242, "E_inv_c": 0, "sum_Ec": 0, "inv_cost": 0.046881652231649786, "E_c": {"0": 0}, "c_x": {"0": 9.270092391425225, "1": 7.296293276913527, "2": 4.7639205900422255}, "c_res": {"0": 9.270092391425225}, "inv_c_res": 0.046881652231649786, "eta": 1.2, "_timestamp": 1683384694.0903366, "_runtime": 5421.253561496735, "_step": 49, "_wandb": {"runtime": 5420}}