{"best_f": -8.259353208820936, "f_hat_x": 5.835948322696353, "f_x": -8.259353208820936, "f_res": 14.09530153151729, "sum_c_x": 97.7922496503059, "cum_costs": 4562.646017979278, "E_inv_c": 0.003252396694242859, "sum_Ec": 307.4801258137476, "inv_cost": 0.003253360941317448, "E_c": {"0": 149.30981596720272, "1": 60.47179724435914, "2": 97.69851260218572}, "c_x": {"0": 0.10000000149011612, "1": 0.10000000149011612, "2": 97.59224964732567}, "c_res": {"0": 149.2098159657126, "1": 60.37179724286902, "2": 0.10626295486004267}, "inv_c_res": 9.642470745890863e-07, "eta": 1.0, "_timestamp": 1683676149.6110287, "_runtime": 135.8100516796112, "_step": 7}