{"best_f": -4.611551825506988, "f_hat_x": 9.88614550175176, "f_x": -4.611551825506988, "f_res": 14.497697327258747, "sum_c_x": 147.54209944986167, "cum_costs": 5206.916394446994, "E_inv_c": 0, "sum_Ec": 0, "inv_cost": 0.0027543735973594996, "E_c": {"0": 0}, "c_x": {"0": 0.10000000149011612, "1": 0.10000000149011612, "2": 147.34209944688143}, "c_res": {"0": 141.6852519617973}, "inv_c_res": 0.0027543735973594996, "eta": 1.1974738784767571, "_timestamp": 1683837146.0473, "_runtime": 388.95629715919495, "_step": 9}