{"best_f": 191.27460660676599, "f_hat_x": 3.9662286082628038, "f_x": 190.94222293823816, "f_res": 186.97599432997535, "sum_c_x": 25.385564013451607, "cum_costs": 1480.6651894629306, "E_inv_c": 0.03939215526965693, "sum_Ec": 25.385768247161145, "inv_cost": 0.0393924672884994, "E_c": {"0": 2.0000249716269334, "1": 7.388563730144481, "2": 15.997179545389733}, "c_x": {"0": 2.000007664619842, "1": 7.38856468873112, "2": 15.996991660100644}, "c_res": {"0": 1.730700709146049e-05, "1": 9.585866385108943e-07, "2": 0.00018788528908864066}, "inv_c_res": 3.12018842471562e-07, "eta": 5.0, "_timestamp": 1683589287.0039525, "_runtime": 981.9622933864594, "_step": 49, "_wandb": {"runtime": 981}}