{"best_f": 161.96985395979732, "f_hat_x": 1.5885234530194903, "f_x": -156.67864224183745, "f_res": 158.26716569485694, "sum_c_x": 25.245088478038696, "cum_costs": 1574.7232220439876, "E_inv_c": 0, "sum_Ec": 0, "inv_cost": 0.03961166548772146, "E_c": {"0": 0}, "c_x": {"0": 2.0874951588475676, "1": 7.870199832380834, "2": 15.287393486810293}, "c_res": {"0": 2.0874951588475676}, "inv_c_res": 0.03961166548772146, "eta": 1.0, "_timestamp": 1683636817.9498923, "_runtime": 1267.1392362117767, "_step": 49, "_wandb": {"runtime": 1266}}