{"best_f": 188.1794605383261, "f_hat_x": 2.4932332803079293, "f_x": 187.5833704787495, "f_res": 185.09013719844157, "sum_c_x": 26.244681308403063, "cum_costs": 1488.982504798206, "E_inv_c": 0.038122953166843464, "sum_Ec": 26.2545175879848, "inv_cost": 0.03810295839560522, "E_c": {"0": 2.057715963918403, "1": 8.198648935004078, "2": 15.998152689062321}, "c_x": {"0": 2.057717730128477, "1": 8.189248249161185, "2": 15.9977153291134}, "c_res": {"0": 1.7662100741944187e-06, "1": 0.009400685842892997, "2": 0.0004373599489202462}, "inv_c_res": 1.999477123824228e-05, "eta": 6.0, "_timestamp": 1683590544.9032412, "_runtime": 999.7795362472534, "_step": 49, "_wandb": {"runtime": 998}}