{"best_f": -16.70320947070198, "f_hat_x": 0.5322333982807038, "f_x": -118.5247486048446, "f_res": 119.05698200312531, "sum_c_x": 10.214600116934244, "cum_costs": 230.2863891611843, "E_inv_c": 0, "sum_Ec": 0, "inv_cost": 0.09789908450181549, "E_c": {"0": 0}, "c_x": {"0": 6.06708458932233, "1": 2.020830694452024, "2": 2.1266848331598904}, "c_res": {"0": 6.06708458932233}, "inv_c_res": 0.09789908450181549, "eta": 0.01, "_timestamp": 1683453136.4500523, "_runtime": 90.24333333969116, "_step": 1}