{"best_f": -5.531051078551616, "f_hat_x": 1.3954213399127062, "f_x": -16.12072411109846, "f_res": 17.516145451011166, "sum_c_x": 6.33185624080051, "cum_costs": 334.3790731797924, "E_inv_c": 0, "sum_Ec": 0, "inv_cost": 0.1579315704542234, "E_c": {"0": 0}, "c_x": {"0": 2.05117746328603, "1": 1.4806162376243, "2": 2.80006253989018}, "c_res": {"0": 2.05117746328603}, "inv_c_res": 0.1579315704542234, "eta": 1.0, "_timestamp": 1683515067.164879, "_runtime": 4274.175662994385, "_step": 49, "_wandb": {"runtime": 4273}}