{"best_f": -3.4354799970054426, "f_hat_x": -1.12396922542206, "f_x": -8.543311836332267, "f_res": 7.419342610910206, "sum_c_x": 16.502897497585376, "cum_costs": 1193.4548719279849, "E_inv_c": 0.058325169927947014, "sum_Ec": 18.035490478639172, "inv_cost": 0.06059541969198531, "E_c": {"0": 7.240251532369528, "1": 3.5577367066200494, "2": 7.237502239649595}, "c_x": {"0": 7.239703876745192, "1": 1.9984862022463308, "2": 7.264707418593853}, "c_res": {"0": 0.0005476556243362296, "1": 1.5592505043737186, "2": 0.027205178944258}, "inv_c_res": 0.002270249764038293, "eta": 0.1352759542790559, "_timestamp": 1683498709.4729638, "_runtime": 5643.973371744156, "_step": 49, "_wandb": {"runtime": 5643}}