{"best_f": 72.35749382193102, "f_hat_x": 0.9875060010113709, "f_x": 68.02788955592015, "f_res": 67.04038355490879, "sum_c_x": 187.19277835605513, "cum_costs": 5669.643181954169, "E_inv_c": 0.00397814580242806, "sum_Ec": 251.41902141476072, "inv_cost": 0.0039243666623863934, "E_c": {"0": 67.73091732049816, "1": 57.74576886367239, "2": 125.94233523059016}, "c_x": {"0": 0.10000000149011612, "1": 61.11081932100917, "2": 125.98195903355585}, "c_res": {"0": 0.005508173719036336, "1": 3.3650504573367783, "2": 0.03962380296569279}, "inv_c_res": 5.377914004166696e-05, "eta": 1.0, "_timestamp": 1683728766.9764166, "_runtime": 194.59665870666504, "_step": 8}