{"best_f": 1.0132959097490366, "f_hat_x": -0.3554409024305857, "f_x": -4.533707189795352, "f_res": 4.178266287364766, "sum_c_x": 19.879667009071486, "cum_costs": 800.1051230050266, "E_inv_c": 0, "sum_Ec": 0, "inv_cost": 0.05030265343698565, "E_c": {"0": 0}, "c_x": {"0": 8.987835076375415, "1": 7.649716561694615, "2": 3.242115371001458}, "c_res": {"0": 8.987835076375415}, "inv_c_res": 0.05030265343698565, "eta": 1.47412250850319, "_timestamp": 1683401367.2545078, "_runtime": 4994.374372720718, "_step": 49, "_wandb": {"runtime": 4993}}