{"best_f": 114.80911962388204, "f_hat_x": -1.9389340778163324, "f_x": 45.63208867211656, "f_res": 47.571022749932894, "sum_c_x": 12.229758006332599, "cum_costs": 1044.3886557947537, "E_inv_c": 0, "sum_Ec": 0, "inv_cost": 0.08176776674421501, "E_c": {"0": 0}, "c_x": {"0": 2.0000202648937613, "1": 7.0023672900483245, "2": 3.227370451390512}, "c_res": {"0": 2.0000202648937613}, "inv_c_res": 0.08176776674421501, "eta": 1, "_timestamp": 1683544004.8127847, "_runtime": 2548.59117269516, "_step": 49, "_wandb": {"runtime": 2547}}