{"best_f": -3.433169398668634, "f_hat_x": 5.4480958455438016, "f_x": -4.095015927411831, "f_res": 9.543111772955633, "sum_c_x": 169.77231467833417, "cum_costs": 10299.066890321337, "E_inv_c": 0.0026675405059006863, "sum_Ec": 374.87751335848907, "inv_cost": 0.0026675224308697005, "E_c": {"0": 140.04200299757434, "1": 65.26597955602334, "2": 169.5695308048914}, "c_x": {"0": 0.10000000149011612, "1": 0.10000000149011612, "2": 169.57231467535394}, "c_res": {"0": 139.94200299608423, "1": 65.16597955453322, "2": 0.0027838704625366972}, "inv_c_res": 1.8075030985831297e-08, "eta": 1.0, "_timestamp": 1683679890.1566875, "_runtime": 3492.113016605377, "_step": 49, "_wandb": {"runtime": 3491}}