{"best_f": -0.16100481837172542, "f_hat_x": -2.3730905171518297, "f_x": -47.3550248716779, "f_res": 44.98193435452607, "sum_c_x": 12.68276800964728, "cum_costs": 811.4681450559629, "E_inv_c": 0, "sum_Ec": 0, "inv_cost": 0.07884714119499305, "E_c": {"0": 0}, "c_x": {"0": 2.6262775776326475, "1": 1.1137817321365346, "2": 8.942708699878096}, "c_res": {"0": 2.6262775776326475}, "inv_c_res": 0.07884714119499305, "eta": 3.1670269825233763, "_timestamp": 1683401104.1458871, "_runtime": 4731.309875249863, "_step": 49, "_wandb": {"runtime": 4730}}