{"best_f": 195.66469533278527, "f_hat_x": 4.050173089737067, "f_x": 195.66469533278527, "f_res": 191.6145222430482, "sum_c_x": 25.829010326949533, "cum_costs": 1061.5785557554807, "E_inv_c": 0, "sum_Ec": 0, "inv_cost": 0.03871615626544613, "E_c": {"0": 0}, "c_x": {"0": 2.000005125926487, "1": 7.831570119889508, "2": 15.997435081133538}, "c_res": {"0": 2.000005125926487}, "inv_c_res": 0.03871615626544613, "eta": 1.0, "_timestamp": 1683588240.2928917, "_runtime": 463.1198697090149, "_step": 30}