{"best_f": 75.33114824580942, "f_hat_x": -0.42172472399587346, "f_x": 55.655334698307634, "f_res": 56.077059422303506, "sum_c_x": 312.9813742167353, "cum_costs": 17802.76258837768, "E_inv_c": 0, "sum_Ec": 0, "inv_cost": 0.003195078309380525, "E_c": {"0": 0}, "c_x": {"0": 163.17610348042388, "1": 35.029053160678714, "2": 114.7762175756327}, "c_res": {"0": 163.17610348042388}, "inv_c_res": 0.003195078309380525, "eta": 1.0, "_timestamp": 1683728766.7492385, "_runtime": 194.37773251533508, "_step": 38}