{"best_f": 39.499218302123026, "f_hat_x": 1.6818549732496313, "f_x": -2.387904556484357, "f_res": 4.069759529733989, "sum_c_x": 14.782176142189542, "cum_costs": 1082.2835661598515, "E_inv_c": 0, "sum_Ec": 0, "inv_cost": 0.06764903829997791, "E_c": {"0": 0}, "c_x": {"0": 2.0174489379392826, "1": 0.3921642923886155, "2": 12.372562911861642}, "c_res": {"0": 2.0174489379392826}, "inv_c_res": 0.06764903829997791, "eta": 2.0, "_timestamp": 1683635207.4434502, "_runtime": 6548.689213275909, "_step": 49, "_wandb": {"runtime": 6547}}