{"best_f": -8.561445463420807, "f_hat_x": -1.7211748256757506, "f_x": -24.723755494842564, "f_res": 23.002580669166814, "sum_c_x": 21.523413392937336, "cum_costs": 499.6552680677475, "E_inv_c": 0, "sum_Ec": 0, "inv_cost": 0.0464610320744078, "E_c": {"0": 0}, "c_x": {"0": 8.321542202885835, "1": 5.7665828650420075, "2": 7.435288325009494}, "c_res": {"0": 8.321542202885835}, "inv_c_res": 0.0464610320744078, "eta": 1, "_timestamp": 1683453237.7938383, "_runtime": 191.70544028282166, "_step": 11}