{"best_f": -3.2132850214561715, "f_hat_x": 0.017725714986484703, "f_x": -6.319293313366647, "f_res": 6.337019028353132, "sum_c_x": 8.380435877288303, "cum_costs": 496.2818356857095, "E_inv_c": 0, "sum_Ec": 0, "inv_cost": 0.11932553564547704, "E_c": {"0": 0}, "c_x": {"0": 3.327829468818889, "1": 0.22179969024553192, "2": 4.830806718223881}, "c_res": {"0": 3.327829468818889}, "inv_c_res": 0.11932553564547704, "eta": 4.0, "_timestamp": 1683405125.8372793, "_runtime": 2564.972632408142, "_step": 49, "_wandb": {"runtime": 2564}}