{"best_f": -1.7499956771262841, "f_hat_x": 7.055901915421089, "f_x": -5.180693190865373, "f_res": 12.236595106286462, "sum_c_x": 58.27683254667342, "cum_costs": 4118.298623643498, "E_inv_c": 0, "sum_Ec": 0, "inv_cost": 0.017159477553950937, "E_c": {"0": 0}, "c_x": {"0": 2.000000000408174, "1": 8.097132320912225, "2": 48.179700225353024}, "c_res": {"0": 2.000000000408174}, "inv_c_res": 0.017159477553950937, "eta": 1.0, "_timestamp": 1683668792.2386303, "_runtime": 566.8600652217865, "_step": 49, "_wandb": {"runtime": 565}}