{"best_f": -7.870331965517743, "f_hat_x": 7.579703149529287, "f_x": -8.185905678602314, "f_res": 15.765608828131601, "sum_c_x": 96.23813880432107, "cum_costs": 10390.688277429046, "E_inv_c": 0.07389057441170375, "sum_Ec": 298.4514980321022, "inv_cost": 0.0033910455910194904, "E_c": {"0": 147.51033249940485, "1": 51.345795477723875, "2": 99.59537005497351}, "c_x": {"0": 0.10000000149011612, "1": 0.10000000149011612, "2": 96.03813880134084}, "c_res": {"0": 5.8849897357049485e-05, "1": 8.740272652829617e-05, "2": 3.557231253632679}, "inv_c_res": 0.07049952882068426, "eta": 4.0, "_timestamp": 1683831022.5961978, "_runtime": 1458.4374628067017, "_step": 49, "_wandb": {"runtime": 1457}}