{"best_f": -7.071792482902714, "f_hat_x": 7.9872268166550455, "f_x": -7.071792482902714, "f_res": 15.05901929955776, "sum_c_x": 93.40975449565508, "cum_costs": 3998.4636042214815, "E_inv_c": 0.04525620071163834, "sum_Ec": 299.64971184863896, "inv_cost": 0.0033676450406699265, "E_c": {"0": 143.95176061206647, "1": 59.78076128733292, "2": 95.9171899492396}, "c_x": {"0": 0.10000000149011612, "1": 0.10000000149011612, "2": 93.20975449267485}, "c_res": {"0": 0.0017115611810822884, "1": 0.0005785608361890127, "2": 2.7074354565647525}, "inv_c_res": 0.041888555670968414, "eta": 1.0, "_timestamp": 1683813797.22704, "_runtime": 85.97578597068787, "_step": 2, "_wandb": {"runtime": 85}}