{"best_f": -1.071639938579196, "f_hat_x": 4.720802122783616, "f_x": -1.4337986061662065, "f_res": 6.154600728949823, "sum_c_x": 113.52056903525893, "cum_costs": 7474.864897873387, "E_inv_c": 0, "sum_Ec": 0, "inv_cost": 0.00880897628067214, "E_c": {"0": 0}, "c_x": {"0": 15.84643419766629, "1": 66.78425637248864, "2": 30.88987846510399}, "c_res": {"0": 15.84643419766629}, "inv_c_res": 0.00880897628067214, "eta": 0.1352759542790559, "_timestamp": 1683301462.8720715, "_runtime": 4662.474640607834, "_step": 49, "_wandb": {"runtime": 4661}}