{"best_f": 67.77343199389506, "f_hat_x": 0.9867994689405267, "f_x": -65.04778308859797, "f_res": 66.0345825575385, "sum_c_x": 19.0726999943084, "cum_costs": 1200.7029623152641, "E_inv_c": 0.05243413760415591, "sum_Ec": 19.07161500538122, "inv_cost": 0.052430961547049765, "E_c": {"0": 2.017463908951153, "1": 1.0565754678329355, "2": 15.997575628597131}, "c_x": {"0": 2.0174414370374105, "1": 1.0562993830161285, "2": 15.998959174254862}, "c_res": {"0": 2.247191374227242e-05, "1": 0.0002760848168070762, "2": 0.0013835456577311334}, "inv_c_res": 3.176057106146768e-06, "eta": 1.0, "_timestamp": 1683618796.6958113, "_runtime": 3685.202351331711, "_step": 49, "_wandb": {"runtime": 3684}}