{"best_f": -5.916174228057562, "f_hat_x": 6.791949451037743, "f_x": -7.662757837118625, "f_res": 14.454707288156367, "sum_c_x": 350.03502818450363, "cum_costs": 7661.73920919521, "E_inv_c": 0, "sum_Ec": 0, "inv_cost": 0.002856856941394161, "E_c": {"0": 0}, "c_x": {"0": 142.88265123414834, "1": 49.95118651982892, "2": 157.20119043052637}, "c_res": {"0": 142.88265123414834}, "inv_c_res": 0.002856856941394161, "eta": 1.0, "_timestamp": 1683675936.0250342, "_runtime": 72.28633117675781, "_step": 12}