{"best_f": -2.9042105824391182, "f_hat_x": 11.579246848357649, "f_x": -3.701625320864487, "f_res": 15.280872169222135, "sum_c_x": 27.472750866064743, "cum_costs": 978.605274752026, "E_inv_c": 0, "sum_Ec": 0, "inv_cost": 0.036399704014905665, "E_c": {"0": 0}, "c_x": {"0": 9.20127850275931, "1": 9.0419836708784, "2": 9.229488692427035}, "c_res": {"0": 9.20127850275931}, "inv_c_res": 0.036399704014905665, "eta": 1.0, "_timestamp": 1683805236.6674225, "_runtime": 38.81596350669861, "_step": 3}