{"best_f": -1.1824706590436813, "f_hat_x": 2.899231201834042, "f_x": -7.844440685620743, "f_res": 10.743671887454784, "sum_c_x": 123.03243239005585, "cum_costs": 4835.263694692225, "E_inv_c": 0, "sum_Ec": 0, "inv_cost": 0.008127938142600077, "E_c": {"0": 0}, "c_x": {"0": 50.355748672994366, "1": 42.04044681064717, "2": 30.636236906414318}, "c_res": {"0": 50.355748672994366}, "inv_c_res": 0.008127938142600077, "eta": 6.103515625000002e-33, "_timestamp": 1683296607.2227495, "_runtime": 2177.9094564914703, "_step": 24}