{"best_f": -5.462505991709925, "f_hat_x": 6.56841088226861, "f_x": -5.462505991709929, "f_res": 12.030916873978539, "sum_c_x": 165.95234965520453, "cum_costs": 4173.493731338862, "E_inv_c": 0, "sum_Ec": 0, "inv_cost": 0.0029150976524756193, "E_c": {"0": 0}, "c_x": {"0": 0.10000000149011612, "1": 0.10000000149011612, "2": 165.7523496522243}, "c_res": {"0": 140.0177420296332}, "inv_c_res": 0.0029150976524756193, "eta": 1.0, "_timestamp": 1683811645.1596363, "_runtime": 71.18485736846924, "_step": 2, "_wandb": {"runtime": 70}}