{"best_f": 117.81502070958814, "f_hat_x": 8.795318605753515, "f_x": 117.81502070958814, "f_res": 109.01970210383462, "sum_c_x": 11.820888333418669, "cum_costs": 282.39544992964045, "E_inv_c": 0.08432674652946315, "sum_Ec": 11.85865465826946, "inv_cost": 0.08459601104368053, "E_c": {"0": 2.000000073621063, "1": 7.533413350819348, "2": 2.3252412338290482}, "c_x": {"0": 2.0000000736177306, "1": 7.5334030564124905, "2": 2.2874852033884485}, "c_res": {"0": 3.33244543071487e-12, "1": 1.029440685762495e-05, "2": 0.03775603044059972}, "inv_c_res": 0.0002692645142173822, "eta": 2.0, "_timestamp": 1683566762.1726272, "_runtime": 429.0368432998657, "_step": 13}