{"best_f": 76.1033121733441, "f_hat_x": 0.7734872396929519, "f_x": -37.81000985281152, "f_res": 38.58349709250447, "sum_c_x": 11.51164963165195, "cum_costs": 866.7348992219935, "E_inv_c": 0.08686402926664318, "sum_Ec": 11.512264275021824, "inv_cost": 0.08686852293093092, "E_c": {"0": 2.0000267003110896, "1": 7.3850903063029945, "2": 2.127147268407739}, "c_x": {"0": 2.0000185239011916, "1": 7.384946274590869, "2": 2.1266848331598904}, "c_res": {"0": 8.176409898030812e-06, "1": 0.00014403171212507004, "2": 0.0004624352478486138}, "inv_c_res": 4.493664287744115e-06, "eta": 2.0, "_timestamp": 1683538119.135249, "_runtime": 4292.299533843994, "_step": 49, "_wandb": {"runtime": 4291}}