{"best_f": -0.22807195066756414, "f_hat_x": 4.224224484532332, "f_x": -2.2848103677569123, "f_res": 6.509034852289244, "sum_c_x": 128.22415800668477, "cum_costs": 7801.317440588724, "E_inv_c": 0, "sum_Ec": 0, "inv_cost": 0.007798842398698898, "E_c": {"0": 0}, "c_x": {"0": 29.701476530296233, "1": 67.85837545743374, "2": 30.664306018954814}, "c_res": {"0": 29.701476530296233}, "inv_c_res": 0.007798842398698898, "eta": 0.1352759542790559, "_timestamp": 1683301512.2043357, "_runtime": 4711.781906604767, "_step": 49, "_wandb": {"runtime": 4710}}