{"best_f": -3.6782018842816404, "f_hat_x": -0.32509716906537667, "f_x": -4.436754539840172, "f_res": 4.111657370774796, "sum_c_x": 323.2852546462277, "cum_costs": 14263.316124469993, "E_inv_c": 0, "sum_Ec": 0, "inv_cost": 0.0030932434610861045, "E_c": {"0": 0}, "c_x": {"0": 174.34353373028333, "1": 73.42030525945336, "2": 75.52141565649103}, "c_res": {"0": 174.34353373028333}, "inv_c_res": 0.0030932434610861045, "eta": 1.0, "_timestamp": 1683864143.3088667, "_runtime": 549.8752777576447, "_step": 39, "_wandb": {"runtime": 549}}