{"best_f": -1.7499956771262841, "f_hat_x": 2.5298079306660197, "f_x": -7.841639559920858, "f_res": 10.371447490586878, "sum_c_x": 81.52109771840556, "cum_costs": 3251.3053300554384, "E_inv_c": 0, "sum_Ec": 0, "inv_cost": 0.012266763181406761, "E_c": {"0": 0}, "c_x": {"0": 2.000031390468199, "1": 7.022043245076174, "2": 72.49902308286119}, "c_res": {"0": 2.000031390468199}, "inv_c_res": 0.012266763181406761, "eta": 1.0, "_timestamp": 1683668159.9928918, "_runtime": 230.87398481369019, "_step": 35}