{"best_f": 182.82623479917714, "f_hat_x": 1.9924808942927044, "f_x": -305.4612706563119, "f_res": 307.45375155060464, "sum_c_x": 26.484929905655072, "cum_costs": 1534.7461846214057, "E_inv_c": 0, "sum_Ec": 0, "inv_cost": 0.037757320995834676, "E_c": {"0": 0}, "c_x": {"0": 2.0204349329171576, "1": 8.978417046649556, "2": 15.48607792608836}, "c_res": {"0": 2.0204349329171576}, "inv_c_res": 0.037757320995834676, "eta": 1.0, "_timestamp": 1683636876.9244504, "_runtime": 1326.17480635643, "_step": 49, "_wandb": {"runtime": 1325}}