{"best_f": 0.3267584152931913, "f_hat_x": 4.304491708045963, "f_x": -8.69706862842083, "f_res": 13.001560336466792, "sum_c_x": 349.66891696294084, "cum_costs": 16529.666057167033, "E_inv_c": 0, "sum_Ec": 0, "inv_cost": 0.002859848134874349, "E_c": {"0": 0}, "c_x": {"0": 142.88265906081358, "1": 81.52107339378895, "2": 125.2651845083383}, "c_res": {"0": 142.88265906081358}, "inv_c_res": 0.002859848134874349, "eta": 0.2570243131302062, "_timestamp": 1683859703.9661603, "_runtime": 660.2343292236328, "_step": 39, "_wandb": {"runtime": 659}}