{"best_f": -4.714566655839759, "f_hat_x": -0.012468483513025723, "f_x": -6.6076593681402045, "f_res": 6.595190884627179, "sum_c_x": 7.542660162832094, "cum_costs": 395.19019996250404, "E_inv_c": 0, "sum_Ec": 0, "inv_cost": 0.13257921985239265, "E_c": {"0": 0}, "c_x": {"0": 2.2019522693212163, "1": 2.3804850858106676, "2": 2.9602228077002106}, "c_res": {"0": 2.2019522693212163}, "inv_c_res": 0.13257921985239265, "eta": 0.95, "_timestamp": 1683478354.9740868, "_runtime": 829.6927647590637, "_step": 13}