{"best_f": 118.99806282673323, "f_hat_x": 11.240937710361889, "f_x": 118.29003179820477, "f_res": 107.04909408784287, "sum_c_x": 11.96770022168013, "cum_costs": 179.4667190099954, "E_inv_c": 0.08331702852861335, "sum_Ec": 12.00311775102891, "inv_cost": 0.08355824272640507, "E_c": {"0": 2.0000002933878793, "1": 7.577032067878329, "2": 2.4260853897627013}, "c_x": {"0": 2.0000002933641277, "1": 7.577063910999463, "2": 2.390636017316539}, "c_res": {"0": 2.375166729962075e-11, "1": 3.184312113457821e-05, "2": 0.0354493724461622}, "inv_c_res": 0.00024121419779171704, "eta": 1.0, "_timestamp": 1683567376.9311926, "_runtime": 31.21230459213257, "_step": 3}