{"best_f": -10.044565090034816, "f_hat_x": 5.696079180592011, "f_x": -10.061353460840113, "f_res": 15.757432641432125, "sum_c_x": 98.11615972486254, "cum_costs": 4723.23763440186, "E_inv_c": 0.0030856051026954745, "sum_Ec": 324.1341441549083, "inv_cost": 0.003107360698476543, "E_c": {"0": 147.20665880950577, "1": 76.69130753095847, "2": 100.23617781444406}, "c_x": {"0": 0.10000000149011612, "1": 0.10000000149011612, "2": 97.91615972188231}, "c_res": {"0": 147.10665880801565, "1": 76.59130752946835, "2": 2.320018092561753}, "inv_c_res": 2.1755595781068615e-05, "eta": 1.0, "_timestamp": 1683676141.7598374, "_runtime": 127.96909046173096, "_step": 6}