{"best_f": 186.14372107162995, "f_hat_x": 0.13101193729016639, "f_x": -144.89816084605604, "f_res": 145.0291727833462, "sum_c_x": 25.31636959465929, "cum_costs": 1574.8233835598592, "E_inv_c": 0, "sum_Ec": 0, "inv_cost": 0.039500134340389736, "E_c": {"0": 0}, "c_x": {"0": 2.015837250589584, "1": 7.300632565087242, "2": 15.999899778982464}, "c_res": {"0": 2.015837250589584}, "inv_c_res": 0.039500134340389736, "eta": 1.0, "_timestamp": 1683636778.424298, "_runtime": 1227.6846311092377, "_step": 49, "_wandb": {"runtime": 1227}}