{"best_f": -1.4677923542985751, "f_hat_x": -1.4422517916200315, "f_x": -9.794877044645633, "f_res": 8.3526252530256, "sum_c_x": 355.3391301027583, "cum_costs": 17504.45213151795, "E_inv_c": 0, "sum_Ec": 0, "inv_cost": 0.002814213001846479, "E_c": {"0": 0}, "c_x": {"0": 142.57463273501293, "1": 77.53726013099316, "2": 135.22723723675225}, "c_res": {"0": 142.57463273501293}, "inv_c_res": 0.002814213001846479, "eta": 0.2570243131302062, "_timestamp": 1683860048.7930539, "_runtime": 1004.9673728942871, "_step": 39, "_wandb": {"runtime": 1004}}