{"best_f": -1.6176178023121874, "f_hat_x": 8.00876197427617, "f_x": -1.6176178023121874, "f_res": 9.626379776588358, "sum_c_x": 27.467436893949333, "cum_costs": 1347.0286530168428, "E_inv_c": 0, "sum_Ec": 0, "inv_cost": 0.03640674606301854, "E_c": {"0": 0}, "c_x": {"0": 9.04393680631612, "1": 9.110117766290632, "2": 9.31338232134258}, "c_res": {"0": 9.04393680631612}, "inv_c_res": 0.03640674606301854, "eta": 1.0, "_timestamp": 1683805174.9482906, "_runtime": 53.310654640197754, "_step": 15}