{"best_f": -7.203565266723644, "f_hat_x": 6.7881985695838685, "f_x": -7.203565266723644, "f_res": 13.991763836307513, "sum_c_x": 148.57333836927305, "cum_costs": 4809.133466618687, "E_inv_c": 0.07425653374132608, "sum_Ec": 296.18729304373693, "inv_cost": 0.0034371031236579202, "E_c": {"0": 142.46946480117757, "1": 46.5033782500686, "2": 107.21444999249076}, "c_x": {"0": 0.10000000149011612, "1": 40.61786961595426, "2": 107.85546875182867}, "c_res": {"0": 0.00012149121235438542, "1": 5.885508634114338, "2": 0.6410187593379106}, "inv_c_res": 0.07081943061766817, "eta": 0.6276211921800003, "_timestamp": 1683837108.8329296, "_runtime": 356.29921650886536, "_step": 10}