{"best_f": 1.0302339446729896, "f_hat_x": 7.810790708515301, "f_x": -21.008578033735496, "f_res": 28.8193687422508, "sum_c_x": 4.419061461119512, "cum_costs": 106.22867762018568, "E_inv_c": 0, "sum_Ec": 0, "inv_cost": 0.22629239461780715, "E_c": {"0": 0}, "c_x": {"0": 2.0000000016467006, "1": 0.23721445982134026, "2": 2.181846999651471}, "c_res": {"0": 2.0000000016467006}, "inv_c_res": 0.22629239461780715, "eta": 1.0, "_timestamp": 1683590765.439121, "_runtime": 51.16244101524353, "_step": 3}