{"best_f": 270.2273700974037, "f_hat_x": -1.65302214202169, "f_x": 88.93993519375681, "f_res": 90.5929573357785, "sum_c_x": 100.16832650205055, "cum_costs": 8243.985329081775, "E_inv_c": 0, "sum_Ec": 0, "inv_cost": 0.00998319563599307, "E_c": {"0": 0}, "c_x": {"0": 39.17477195862244, "1": 31.706567059498916, "2": 29.286987483929174}, "c_res": {"0": 39.17477195862244}, "inv_c_res": 0.00998319563599307, "eta": 1.0, "_timestamp": 1683769151.1390183, "_runtime": 286.0792553424835, "_step": 49, "_wandb": {"runtime": 285}}