{"best_f": 167.98407527537665, "f_hat_x": 0.9817840919719053, "f_x": 77.40685445132365, "f_res": 76.42507035935175, "sum_c_x": 23.694291233661176, "cum_costs": 1463.069664718591, "E_inv_c": 0, "sum_Ec": 0, "inv_cost": 0.04220425882920503, "E_c": {"0": 0}, "c_x": {"0": 2.2623699921434346, "1": 7.023797434918961, "2": 14.40812380659878}, "c_res": {"0": 2.2623699921434346}, "inv_c_res": 0.04220425882920503, "eta": 0.5, "_timestamp": 1683649269.9389725, "_runtime": 3795.272586584091, "_step": 49, "_wandb": {"runtime": 3794}}