{"best_f": -4.979480593744805, "f_hat_x": 8.666532497634828, "f_x": -5.108365835993634, "f_res": 13.774898333628462, "sum_c_x": 218.47823344094616, "cum_costs": 5520.7295540660725, "E_inv_c": 0.07057377997913247, "sum_Ec": 359.71389249817986, "inv_cost": 0.0027780814105793855, "E_c": {"0": 141.58109836985642, "1": 66.57735989040893, "2": 151.5554342379145}, "c_x": {"0": 0.10000000149011612, "1": 66.47050221699773, "2": 151.90773122245832}, "c_res": {"0": 0.0013216804799753845, "1": 0.10685767341119856, "2": 0.35229698454381264}, "inv_c_res": 0.06779569856855308, "eta": 0.6276211921800003, "_timestamp": 1683837139.9987514, "_runtime": 383.57331132888794, "_step": 10}