{"best_f": -3.200693676379964, "f_hat_x": 0.31066782955685995, "f_x": -5.18563656704875, "f_res": 5.49630439660561, "sum_c_x": 55.917870459141525, "cum_costs": 6342.596536062302, "E_inv_c": 0, "sum_Ec": 0, "inv_cost": 0.00406221240148924, "E_c": {"0": 0}, "c_x": {"0": 0.10000000149011612, "1": 0.10000000149011612, "2": 55.71787045616129}, "c_res": {"0": 101.28601152934745}, "inv_c_res": 0.00406221240148924, "eta": 1.0, "_timestamp": 1683867331.180612, "_runtime": 3737.8014500141144, "_step": 39, "_wandb": {"runtime": 3737}}