{"best_f": -7.50495645537711, "f_hat_x": 2.3644183357641175, "f_x": -7.50495645537711, "f_res": 9.869374791141228, "sum_c_x": 5.2089768189051915, "cum_costs": 359.55291956173494, "E_inv_c": 0.18493658212220185, "sum_Ec": 5.703391689208254, "inv_cost": 0.1919762814782841, "E_c": {"0": 2.0000247016373183, "1": 1.6750556221987745, "2": 2.0283113653721614}, "c_x": {"0": 2.0000246301037023, "1": 1.1806819877787766, "2": 2.0282702010227123}, "c_res": {"0": 7.153361591960561e-08, "1": 0.4943736344199978, "2": 4.116434944911873e-05}, "inv_c_res": 0.007039699356082257, "eta": 1.0, "_timestamp": 1683514565.5644119, "_runtime": 3772.5270438194275, "_step": 49, "_wandb": {"runtime": 3771}}