{"best_f": -7.332757723926799, "f_hat_x": 0.6639223200469453, "f_x": -187.96333532147446, "f_res": 188.6272576415214, "sum_c_x": 7.652702787749446, "cum_costs": 245.0422499593662, "E_inv_c": 0, "sum_Ec": 0, "inv_cost": 0.13067278682256078, "E_c": {"0": 0}, "c_x": {"0": 2.0396423021955075, "1": 1.9829909857646744, "2": 3.630069499789264}, "c_res": {"0": 2.0396423021955075}, "inv_c_res": 0.13067278682256078, "eta": 0.01, "_timestamp": 1683477090.2464945, "_runtime": 92.81585645675659, "_step": 1}