{"best_f": -4.376553265360543, "f_hat_x": 6.132778889877668, "f_x": -9.270305544068853, "f_res": 15.403084433946521, "sum_c_x": 151.54021235035765, "cum_costs": 8534.969295784304, "E_inv_c": 0, "sum_Ec": 0, "inv_cost": 0.0033976292807072687, "E_c": {"0": 0}, "c_x": {"0": 0.10000000149011612, "1": 50.06900995092494, "2": 101.3712023979426}, "c_res": {"0": 142.8826573292024}, "inv_c_res": 0.0033976292807072687, "eta": 0.5140486262604124, "_timestamp": 1683858405.3773463, "_runtime": 8677.845147371292, "_step": 39, "_wandb": {"runtime": 8677}}