{"best_f": 0.7412428692230102, "f_hat_x": 9.644933299918605, "f_x": 0.559879442943195, "f_res": 9.08505385697541, "sum_c_x": 216.32129955915244, "cum_costs": 12929.157927604501, "E_inv_c": 0.0709665392267412, "sum_Ec": 356.41659200079795, "inv_cost": 0.0028055721588350776, "E_c": {"0": 140.19664366031054, "1": 60.243767911697056, "2": 155.97618042879034}, "c_x": {"0": 0.10000000149011612, "1": 60.24448991369044, "2": 155.97680964397188}, "c_res": {"0": 0.015590972506657863, "1": 0.0007220019933811272, "2": 0.0006292151815330271}, "inv_c_res": 0.06816096706790613, "eta": 2.0, "_timestamp": 1683832213.6417856, "_runtime": 2649.318638563156, "_step": 49, "_wandb": {"runtime": 2648}}