{"best_f": -1.8514995562813834, "f_hat_x": 0.2644990767115459, "f_x": -4.803677965447465, "f_res": 5.068177042159011, "sum_c_x": 282.1306977900043, "cum_costs": 13456.614607020381, "E_inv_c": 0.003555639533886294, "sum_Ec": 281.24591155384314, "inv_cost": 0.0035444565509291748, "E_c": {"0": 121.39843830217065, "1": 35.210095427266964, "2": 124.6373778244055}, "c_x": {"0": 121.3827952047617, "1": 36.113439531134276, "2": 124.63446305410835}, "c_res": {"0": 0.01564309740894032, "1": 0.9033441038673118, "2": 0.0029147702971528133}, "inv_c_res": 1.1182982957119118e-05, "eta": 0.07694497527671314, "_timestamp": 1683720779.7888112, "_runtime": 5157.364342212677, "_step": 49, "_wandb": {"runtime": 5156}}