{"best_f": -2.7993003119572504, "f_hat_x": 0.636021233458815, "f_x": -3.6069615415284075, "f_res": 4.242982774987222, "sum_c_x": 125.09608040541903, "cum_costs": 9122.955101828615, "E_inv_c": 0, "sum_Ec": 0, "inv_cost": 0.003888038750809796, "E_c": {"0": 0}, "c_x": {"0": 0.10000000149011612, "1": 0.10000000149011612, "2": 124.8960804024388}, "c_res": {"0": 76.64295603868044}, "inv_c_res": 0.003888038750809796, "eta": 2.0, "_timestamp": 1683714235.3452082, "_runtime": 557.1863672733307, "_step": 49, "_wandb": {"runtime": 554}}