{"best_f": -3.12635581565665, "f_hat_x": -0.09419280581946203, "f_x": -3.1462032310001926, "f_res": 3.0520104251807307, "sum_c_x": 163.8092920902263, "cum_costs": 10595.433767893535, "E_inv_c": 0.0029424389538611822, "sum_Ec": 339.8564983924434, "inv_cost": 0.002942243584824965, "E_c": {"0": 176.1553134203711, "1": 60.843477086845574, "2": 102.85770788522674}, "c_x": {"0": 0.10000000149011612, "1": 60.85303774462787, "2": 102.85625434410832}, "c_res": {"0": 0.012080825647728943, "1": 0.009560657782294868, "2": 0.0014535411184226632}, "inv_c_res": 1.9536903621709262e-07, "eta": 0.6050060671375365, "_timestamp": 1683721357.0678, "_runtime": 5734.6295421123505, "_step": 49, "_wandb": {"runtime": 5733}}