{"best_f": -2.64869167551627, "f_hat_x": -0.8306149417712633, "f_x": -5.14311868099224, "f_res": 4.312503739220976, "sum_c_x": 199.67160256995848, "cum_costs": 11407.631848676472, "E_inv_c": 0, "sum_Ec": 0, "inv_cost": 0.0028703067604153283, "E_c": {"0": 0}, "c_x": {"0": 0.10000000149011612, "1": 74.9804291988282, "2": 124.59117336964016}, "c_res": {"0": 148.8232149441036}, "inv_c_res": 0.0028703067604153283, "eta": 1.0, "_timestamp": 1683690392.9875507, "_runtime": 2852.1336698532104, "_step": 49, "_wandb": {"runtime": 2851}}