{"best_f": 0.04121981499946775, "f_hat_x": 2.013937361389158, "f_x": -2.31219024068294, "f_res": 4.3261276020720985, "sum_c_x": 4.13885450564856, "cum_costs": 357.73183150599607, "E_inv_c": 0, "sum_Ec": 0, "inv_cost": 0.24161274541910957, "E_c": {"0": 0}, "c_x": {"0": 2.000050821919399, "1": 0.12196814003501211, "2": 2.0168355436941487}, "c_res": {"0": 2.000050821919399}, "inv_c_res": 0.24161274541910957, "eta": 1.0, "_timestamp": 1683595667.4873803, "_runtime": 4788.726775169373, "_step": 49, "_wandb": {"runtime": 4788}}