{"best_f": 245.3731412613983, "f_hat_x": 5.898330852773286, "f_x": 178.33967029069038, "f_res": 172.4413394379171, "sum_c_x": 188.82785596638482, "cum_costs": 8877.157296550082, "E_inv_c": 0, "sum_Ec": 0, "inv_cost": 0.0052958288112852385, "E_c": {"0": 0}, "c_x": {"0": 67.26587032114443, "1": 52.64770911722076, "2": 68.91427652801963}, "c_res": {"0": 67.26587032114443}, "inv_c_res": 0.0052958288112852385, "eta": 1.0, "_timestamp": 1683769234.8453374, "_runtime": 369.7363464832306, "_step": 49, "_wandb": {"runtime": 368}}