{"best_f": -3.4071457827416127, "f_hat_x": -0.5456506972121647, "f_x": -5.2300430146180865, "f_res": 4.684392317405922, "sum_c_x": 97.57035463078208, "cum_costs": 6241.952738115471, "E_inv_c": 0.0963670989868449, "sum_Ec": 267.7283325086884, "inv_cost": 0.0037261477462979106, "E_c": {"0": 170.90423029055714, "1": 46.58262345777185, "2": 50.24147876035941}, "c_x": {"0": 0.10000000149011612, "1": 47.25771526445938, "2": 50.212639364832576}, "c_res": {"0": 0.00090033003553458, "1": 0.6750918066875258, "2": 0.028839395526837563}, "inv_c_res": 0.09264095124054698, "eta": 1.0, "_timestamp": 1683868379.8444965, "_runtime": 4786.559211492538, "_step": 39, "_wandb": {"runtime": 4785}}