{"best_f": 33.10608153701659, "f_hat_x": 3.7312781260546983, "f_x": -131.56553093467284, "f_res": 135.29680906072753, "sum_c_x": 26.93852839638786, "cum_costs": 364.40849254097753, "E_inv_c": 0, "sum_Ec": 0, "inv_cost": 0.03712155264331694, "E_c": {"0": 0}, "c_x": {"0": 3.6027662140462544, "1": 7.335932153090842, "2": 15.999830029250763}, "c_res": {"0": 3.6027662140462544}, "inv_c_res": 0.03712155264331694, "eta": 1.0, "_timestamp": 1683635472.858302, "_runtime": 54.82608222961426, "_step": 3}