{"best_f": -10.353200185915387, "f_hat_x": -0.3332410543467571, "f_x": -13.355324843506537, "f_res": 13.02208378915978, "sum_c_x": 228.4391153353683, "cum_costs": 3494.3370129500545, "E_inv_c": 0.0038228036464343653, "sum_Ec": 262.23431413847004, "inv_cost": 0.004377534024905996, "E_c": {"0": 118.20829833282248, "1": 40.911416294637384, "2": 103.1145995110102}, "c_x": {"0": 86.95535375672371, "1": 39.334300606468766, "2": 102.14946097217583}, "c_res": {"0": 31.25294457609877, "1": 1.5771156881686181, "2": 0.965138538834367}, "inv_c_res": 0.000554730378471631, "eta": 1.0, "_timestamp": 1683715570.0626762, "_runtime": 21.776294231414795, "_step": 0}