{"best_f": -0.8700264523183194, "f_hat_x": 6.520160565648786, "f_x": -0.8700264523183194, "f_res": 7.390187017967106, "sum_c_x": 53.75110487354875, "cum_costs": 3443.0539171358405, "E_inv_c": 0, "sum_Ec": 0, "inv_cost": 0.01860426873740611, "E_c": {"0": 0}, "c_x": {"0": 2.0007038441933727, "1": 4.021988011515016, "2": 47.72841301784036}, "c_res": {"0": 2.0007038441933727}, "inv_c_res": 0.01860426873740611, "eta": 1.0, "_timestamp": 1683667074.519265, "_runtime": 4661.838134050369, "_step": 49, "_wandb": {"runtime": 4661}}