{"best_f": 76.71840108428876, "f_hat_x": -0.7367270143818657, "f_x": 65.22577181673326, "f_res": 65.96249883111513, "sum_c_x": 299.18850549763295, "cum_costs": 19457.34161716256, "E_inv_c": 0, "sum_Ec": 0, "inv_cost": 0.003342374394820832, "E_c": {"0": 0}, "c_x": {"0": 108.3746952811806, "1": 65.81243170875265, "2": 125.00137850769966}, "c_res": {"0": 108.3746952811806}, "inv_c_res": 0.003342374394820832, "eta": 0.6050060671375365, "_timestamp": 1683744141.322178, "_runtime": 341.5707550048828, "_step": 49, "_wandb": {"runtime": 340}}