{"best_f": 118.99806282673323, "f_hat_x": 9.962763281749725, "f_x": 118.2871954632152, "f_res": 108.32443218146547, "sum_c_x": 11.589841663254159, "cum_costs": 214.33564918288744, "E_inv_c": 0.08612269289085388, "sum_Ec": 11.612760392668633, "inv_cost": 0.08628245571037621, "E_c": {"0": 2.0000002933728718, "1": 7.577050075788023, "2": 2.0357100235077406}, "c_x": {"0": 2.0000002933641277, "1": 7.577063910999463, "2": 2.012777458890567}, "c_res": {"0": 8.744116541947733e-12, "1": 1.3835211440493822e-05, "2": 0.022932564617173412}, "inv_c_res": 0.00015976281952233273, "eta": 1.0, "_timestamp": 1683568226.4996986, "_runtime": 66.43969964981079, "_step": 6}