{"best_f": -4.6163275850932415, "f_hat_x": 2.698064687374978, "f_x": -8.243936345060677, "f_res": 10.942001032435655, "sum_c_x": 327.0939690959902, "cum_costs": 20462.49979995672, "E_inv_c": 0, "sum_Ec": 0, "inv_cost": 0.003057225429022008, "E_c": {"0": 0}, "c_x": {"0": 140.98506732140675, "1": 74.61383906806734, "2": 111.4950627065161}, "c_res": {"0": 140.98506732140675}, "inv_c_res": 0.003057225429022008, "eta": 2.0, "_timestamp": 1683683202.5488982, "_runtime": 102.49240827560425, "_step": 49, "_wandb": {"runtime": 101}}