{"best_f": 196.77867832239113, "f_hat_x": 2.9019449242780793, "f_x": 196.76024403212935, "f_res": 193.85829910785128, "sum_c_x": 25.767323034347875, "cum_costs": 1543.822336915885, "E_inv_c": 0, "sum_Ec": 0, "inv_cost": 0.03880884322624429, "E_c": {"0": 0}, "c_x": {"0": 2.000172226351104, "1": 7.769619218744599, "2": 15.997531589252173}, "c_res": {"0": 2.000172226351104}, "inv_c_res": 0.03880884322624429, "eta": 1.0, "_timestamp": 1683582285.2598186, "_runtime": 3994.336414575577, "_step": 49, "_wandb": {"runtime": 3993}}