{"best_f": -2.1070036278026154, "f_hat_x": 0.20387118837654855, "f_x": -4.126478045654692, "f_res": 4.330349234031241, "sum_c_x": 13.759166368715565, "cum_costs": 639.8468600836526, "E_inv_c": 0, "sum_Ec": 0, "inv_cost": 0.07267882175432633, "E_c": {"0": 0}, "c_x": {"0": 8.934938210051477, "1": 1.1335360204873233, "2": 3.6906921381767637}, "c_res": {"0": 8.934938210051477}, "inv_c_res": 0.07267882175432633, "eta": 1.4, "_timestamp": 1683395789.6116836, "_runtime": 6000.105180501938, "_step": 49, "_wandb": {"runtime": 5999}}