{"best_f": -10.882734699649848, "f_hat_x": 7.766573682304701, "f_x": -14.80689988839868, "f_res": 22.57347357070338, "sum_c_x": 107.8242159524227, "cum_costs": 4251.8612561419695, "E_inv_c": 0.0030677936093083994, "sum_Ec": 326.04540528093565, "inv_cost": 0.003012449169542988, "E_c": {"0": 155.01169175017412, "1": 69.31309163837882, "2": 101.72062189238271}, "c_x": {"0": 0.10000000149011612, "1": 0.10000000149011612, "2": 107.62421594944247}, "c_res": {"0": 0.003861612452510599, "1": 0.002947668791847491, "2": 5.903594057059763}, "inv_c_res": 5.534443976541129e-05, "eta": 1.0, "_timestamp": 1683843883.3121922, "_runtime": 1023.7450001239777, "_step": 2, "_wandb": {"runtime": 1023}}