{"best_f": 165.45798229187548, "f_hat_x": 0.6746083384597263, "f_x": -30.86116257050403, "f_res": 31.535770908963755, "sum_c_x": 29.063719393492228, "cum_costs": 1408.2724752092645, "E_inv_c": 0, "sum_Ec": 0, "inv_cost": 0.0344071585078651, "E_c": {"0": 0}, "c_x": {"0": 4.12012902020538, "1": 8.951590214757712, "2": 15.992000158529137}, "c_res": {"0": 4.12012902020538}, "inv_c_res": 0.0344071585078651, "eta": 1.0, "_timestamp": 1683639928.9970236, "_runtime": 4378.27209854126, "_step": 49, "_wandb": {"runtime": 4377}}