{"best_f": 71.27150082831899, "f_hat_x": 0.4681681822306209, "f_x": 71.20447679480525, "f_res": 70.73630861257462, "sum_c_x": 123.2111255073396, "cum_costs": 11338.18851669961, "E_inv_c": 0.004020526238869398, "sum_Ec": 248.72386784828225, "inv_cost": 0.004020211129840977, "E_c": {"0": 74.7234817751519, "1": 51.01509045707632, "2": 122.98529561605403}, "c_x": {"0": 0.10000000149011612, "1": 0.10000000149011612, "2": 123.01112550435937}, "c_res": {"0": 0.005668812238383225, "1": 0.0008739747841772783, "2": 0.0258298883053385}, "inv_c_res": 3.1510902842157157e-07, "eta": 4.0, "_timestamp": 1683754001.345242, "_runtime": 1125.294592142105, "_step": 49, "_wandb": {"runtime": 1124}}