{"best_f": 196.57901557193753, "f_hat_x": 2.046950654743626, "f_x": 194.76863640547214, "f_res": 192.7216857507285, "sum_c_x": 25.979508614024077, "cum_costs": 1544.070227874583, "E_inv_c": 0.03889860136193156, "sum_Ec": 25.707888450461574, "inv_cost": 0.038491875071885964, "E_c": {"0": 2.004379120208732, "1": 7.705548609340638, "2": 15.997960720912202}, "c_x": {"0": 2.2771362948018252, "1": 7.704399543158255, "2": 15.997972776063998}, "c_res": {"0": 0.27275717459309323, "1": 0.001149066182382974, "2": 1.2055151795919983e-05}, "inv_c_res": 0.0004067262900455948, "eta": 1.0, "_timestamp": 1683582168.6112223, "_runtime": 3877.7662642002106, "_step": 49, "_wandb": {"runtime": 3876}}