{"best_f": -10.882734699649848, "f_hat_x": 8.937124780683126, "f_x": -11.38635197309402, "f_res": 20.323476753777147, "sum_c_x": 154.73427919985772, "cum_costs": 4396.5226942106265, "E_inv_c": 0, "sum_Ec": 0, "inv_cost": 0.0025772499836372352, "E_c": {"0": 0}, "c_x": {"0": 0.10000000149011612, "1": 0.10000000149011612, "2": 154.5342791968775}, "c_res": {"0": 144.4875138590982}, "inv_c_res": 0.0025772499836372352, "eta": 1.0, "_timestamp": 1683822380.3894782, "_runtime": 48.33647131919861, "_step": 2, "_wandb": {"runtime": 47}}