{"best_f": -1.1783705436024563, "f_hat_x": -0.044860195724149295, "f_x": -7.193735589672092, "f_res": 7.148875393947942, "sum_c_x": 7.229878430526147, "cum_costs": 858.5321222974924, "E_inv_c": 0.13836737697931306, "sum_Ec": 7.227358228782595, "inv_cost": 0.13831491215367864, "E_c": {"0": 2.3112884292501565, "1": 0.12184323629644059, "2": 4.7942265632359975}, "c_x": {"0": 2.3143411834752268, "1": 0.12196814003501211, "2": 4.793569107015909}, "c_res": {"0": 0.003052754225070231, "1": 0.00012490373857151904, "2": 0.0006574562200887257}, "inv_c_res": 5.2464825634424006e-05, "eta": 0.6757290490602831, "_timestamp": 1683498600.8213785, "_runtime": 5535.967205524445, "_step": 49, "_wandb": {"runtime": 5535}}