{"best_f": 77.66388940965595, "f_hat_x": -0.04651673911001761, "f_x": 72.82544010925469, "f_res": 72.8719568483647, "sum_c_x": 327.41606636024613, "cum_costs": 14145.068649189952, "E_inv_c": 0.0030503932299385116, "sum_Ec": 327.83665576511476, "inv_cost": 0.0030542178675487777, "E_c": {"0": 149.49312887708783, "1": 52.80912449573226, "2": 125.5344023922947}, "c_x": {"0": 149.09292507761577, "1": 52.811227503887, "2": 125.51191377874335}, "c_res": {"0": 0.4002037994720524, "1": 0.002103008154733743, "2": 0.022488613551345793}, "inv_c_res": 3.824637610266163e-06, "eta": 0.07694497527671314, "_timestamp": 1683756485.9066784, "_runtime": 3609.85404253006, "_step": 49, "_wandb": {"runtime": 3609}}