{"best_f": 132.28749629065683, "f_hat_x": 8.236460956340192, "f_x": 127.0701946656773, "f_res": 118.83373370933711, "sum_c_x": 12.368925231103802, "cum_costs": 288.8667767899528, "E_inv_c": 0.08064924562150158, "sum_Ec": 12.399463150782664, "inv_cost": 0.0808477682026347, "E_c": {"0": 2.000000000181766, "1": 8.238623482756605, "2": 2.1608396678442925}, "c_x": {"0": 2.0000000001847003, "1": 8.23840987957742, "2": 2.130515351341681}, "c_res": {"0": 2.9340974094793637e-12, "1": 0.00021360317918528438, "2": 0.03032431650261147}, "inv_c_res": 0.00019852258113312038, "eta": 1.0, "_timestamp": 1683566747.059558, "_runtime": 416.2164969444275, "_step": 12}