{"best_f": -1.58266919535443, "f_hat_x": 0.9544991167187661, "f_x": -4.639478169582793, "f_res": 5.593977286301559, "sum_c_x": 308.4667438074579, "cum_costs": 20778.02261628251, "E_inv_c": 0, "sum_Ec": 0, "inv_cost": 0.0032418405551821526, "E_c": {"0": 0}, "c_x": {"0": 140.87282932795344, "1": 55.61380063588284, "2": 111.98011384362158}, "c_res": {"0": 140.87282932795344}, "inv_c_res": 0.0032418405551821526, "eta": 1.0, "_timestamp": 1683823394.595771, "_runtime": 897.5945041179657, "_step": 49, "_wandb": {"runtime": 896}}