{"best_f": -1.8902008262263852, "f_hat_x": 0.04213424658216205, "f_x": -54.181424386678536, "f_res": 54.2235586332607, "sum_c_x": 24.347695110957563, "cum_costs": 758.3071261112029, "E_inv_c": 0, "sum_Ec": 0, "inv_cost": 0.04107164951108472, "E_c": {"0": 0}, "c_x": {"0": 8.092167248370501, "1": 7.242133058570034, "2": 9.013394804017029}, "c_res": {"0": 8.092167248370501}, "inv_c_res": 0.04107164951108472, "eta": 2.0, "_timestamp": 1683377011.351338, "_runtime": 4240.12424993515, "_step": 49, "_wandb": {"runtime": 4238}}