{"best_f": 51.8800569673535, "f_hat_x": 0.2108334893430068, "f_x": 10.361777623948836, "f_res": 10.15094413460583, "sum_c_x": 17.7364828025049, "cum_costs": 1093.5294451703812, "E_inv_c": 0, "sum_Ec": 0, "inv_cost": 0.056380964091638924, "E_c": {"0": 0}, "c_x": {"0": 3.3195884430326412, "1": 0.05152356547225201, "2": 14.365370794000006}, "c_res": {"0": 3.3195884430326412}, "inv_c_res": 0.056380964091638924, "eta": 1.0, "_timestamp": 1683620156.4919276, "_runtime": 5045.039909601212, "_step": 49, "_wandb": {"runtime": 5044}}