{"best_f": -10.416296295496089, "f_hat_x": 9.199164212241147, "f_x": -11.664539991613765, "f_res": 20.863704203854912, "sum_c_x": 371.2231314408704, "cum_costs": 4443.298745303959, "E_inv_c": 0, "sum_Ec": 0, "inv_cost": 0.002693797652421568, "E_c": {"0": 0}, "c_x": {"0": 145.2386355924727, "1": 88.18807662441253, "2": 137.7964192239852}, "c_res": {"0": 145.2386355924727}, "inv_c_res": 0.002693797652421568, "eta": 1.0, "_timestamp": 1683844123.451909, "_runtime": 34.38564610481262, "_step": 1}