{"best_f": -7.740623107330452, "f_hat_x": -2.863133647669477, "f_x": -24.468392070347004, "f_res": 21.605258422677526, "sum_c_x": 320.733357982015, "cum_costs": 20491.202475046855, "E_inv_c": 0, "sum_Ec": 0, "inv_cost": 0.003117854676207626, "E_c": {"0": 0}, "c_x": {"0": 160.3153473237203, "1": 53.46768622552972, "2": 106.95032443276496}, "c_res": {"0": 160.3153473237203}, "inv_c_res": 0.003117854676207626, "eta": 1.0, "_timestamp": 1683674980.452765, "_runtime": 108.45763492584229, "_step": 47}