{"best_f": 70.78434750400321, "f_hat_x": 0.353287490966321, "f_x": 70.78434750400321, "f_res": 70.43106001303688, "sum_c_x": 270.2043258869491, "cum_costs": 10498.079176516194, "E_inv_c": 0, "sum_Ec": 0, "inv_cost": 0.0037009029989341856, "E_c": {"0": 0}, "c_x": {"0": 71.39921563386412, "1": 58.458462671201914, "2": 140.34664758188308}, "c_res": {"0": 71.39921563386412}, "inv_c_res": 0.0037009029989341856, "eta": 1.0, "_timestamp": 1683728765.189466, "_runtime": 192.83203792572021, "_step": 21}