{"best_f": -6.129163647151973, "f_hat_x": 8.599190870507218, "f_x": -6.129163647151977, "f_res": 14.728354517659195, "sum_c_x": 90.95807300738836, "cum_costs": 3979.5978745211955, "E_inv_c": 0.1025962292644513, "sum_Ec": 284.1315561703793, "inv_cost": 0.0035426718350352244, "E_c": {"0": 139.6650587054455, "1": 51.85233201258743, "2": 92.61416545234638}, "c_x": {"0": 0.10000000149011612, "1": 0.10000000149011612, "2": 90.75807300440813}, "c_res": {"0": 0.001105748108983562, "1": 0.0015292831425313125, "2": 1.8560924479382521}, "inv_c_res": 0.09905355742941609, "eta": 1.0, "_timestamp": 1683812586.5018792, "_runtime": 72.87938833236694, "_step": 2, "_wandb": {"runtime": 72}}