{"best_f": -0.47369569775098963, "f_hat_x": -0.8577393340761615, "f_x": -7.325141900534403, "f_res": 6.467402566458241, "sum_c_x": 238.7443281529812, "cum_costs": 16369.977679962025, "E_inv_c": 0, "sum_Ec": 0, "inv_cost": 0.004188581181117005, "E_c": {"0": 0}, "c_x": {"0": 78.85226068197487, "1": 35.011339671714694, "2": 124.88072779929163}, "c_res": {"0": 78.85226068197487}, "inv_c_res": 0.004188581181117005, "eta": 1.0, "_timestamp": 1683687928.7172616, "_runtime": 387.80131459236145, "_step": 49, "_wandb": {"runtime": 387}}