{"best_f": -2.2336976304718825, "f_hat_x": 3.572019875056879, "f_x": -9.572181853588871, "f_res": 13.14420172864575, "sum_c_x": 76.03791150799402, "cum_costs": 3435.470961865285, "E_inv_c": 0, "sum_Ec": 0, "inv_cost": 0.013151334382650265, "E_c": {"0": 0}, "c_x": {"0": 2.0023373865459, "1": 8.90831633209674, "2": 65.12725778935139}, "c_res": {"0": 2.0023373865459}, "inv_c_res": 0.013151334382650265, "eta": 1.0, "_timestamp": 1683668834.5868733, "_runtime": 609.2012903690338, "_step": 49, "_wandb": {"runtime": 608}}