{"best_f": 195.71342528664792, "f_hat_x": 2.755896413621136, "f_x": 195.71342528664792, "f_res": 192.95752887302677, "sum_c_x": 25.904041326093733, "cum_costs": 1552.0992147962247, "E_inv_c": 0, "sum_Ec": 0, "inv_cost": 0.03860401500335305, "E_c": {"0": 0}, "c_x": {"0": 2.2032992838452836, "1": 7.7031166659613035, "2": 15.997625376287145}, "c_res": {"0": 2.2032992838452836}, "inv_c_res": 0.03860401500335305, "eta": 2.0, "_timestamp": 1683580294.5405192, "_runtime": 2003.6885862350464, "_step": 49, "_wandb": {"runtime": 2002}}