{"best_f": -0.3756733858826802, "f_hat_x": 0.34051769392678716, "f_x": -8.1851335248989, "f_res": 8.525651218825686, "sum_c_x": 14.124738081481865, "cum_costs": 871.7297864454188, "E_inv_c": 0.07310785425222963, "sum_Ec": 13.680084420703727, "inv_cost": 0.07079777297329447, "E_c": {"0": 9.41352481542223, "1": 0.437323327606402, "2": 3.8292362776750952}, "c_x": {"0": 9.413255151250636, "1": 0.8824485704977028, "2": 3.8290343597335275}, "c_res": {"0": 0.0002696641715935755, "1": 0.44512524289130073, "2": 0.0002019179415677641}, "inv_c_res": 0.0023100812789351582, "eta": 3.0, "_timestamp": 1683416944.6165442, "_runtime": 4276.315922260284, "_step": 49, "_wandb": {"runtime": 4275}}