{"best_f": -6.069197835192838, "f_hat_x": 9.743707630886416, "f_x": -6.439738790211993, "f_res": 16.18344642109841, "sum_c_x": 273.32880439147743, "cum_costs": 4160.319739212993, "E_inv_c": 0, "sum_Ec": 0, "inv_cost": 0.0036585972057586063, "E_c": {"0": 0}, "c_x": {"0": 140.00061709364627, "1": 36.288246666235736, "2": 97.03994063159541}, "c_res": {"0": 140.00061709364627}, "inv_c_res": 0.0036585972057586063, "eta": 1.0, "_timestamp": 1683812578.6345413, "_runtime": 64.97731232643127, "_step": 2, "_wandb": {"runtime": 64}}