{"best_f": -1.160601027039194, "f_hat_x": 3.834950869537118, "f_x": -8.847465263170191, "f_res": 12.68241613270731, "sum_c_x": 110.61550665619043, "cum_costs": 7481.083517385378, "E_inv_c": 0, "sum_Ec": 0, "inv_cost": 0.009040323822844747, "E_c": {"0": 0}, "c_x": {"0": 37.43422996758645, "1": 42.840536783255686, "2": 30.340739905348308}, "c_res": {"0": 37.43422996758645}, "inv_c_res": 0.009040323822844747, "eta": 0.1352759542790559, "_timestamp": 1683301216.5965104, "_runtime": 4416.121912479401, "_step": 49, "_wandb": {"runtime": 4415}}