{"best_f": -1.296800950408958, "f_hat_x": -0.377932006349714, "f_x": -89.49987581803664, "f_res": 89.12194381168693, "sum_c_x": 99.30372393776958, "cum_costs": 2647.3274954008934, "E_inv_c": 0, "sum_Ec": 0, "inv_cost": 0.01007011580579463, "E_c": {"0": 0}, "c_x": {"0": 10.17154435433286, "1": 61.37548009140388, "2": 27.756699492032833}, "c_res": {"0": 10.17154435433286}, "inv_c_res": 0.01007011580579463, "eta": 1.0, "_timestamp": 1683763856.2227175, "_runtime": 384.3171875476837, "_step": 49, "_wandb": {"runtime": 383}}