{"best_f": -2.8555485277756816, "f_hat_x": 5.70127452599073, "f_x": -2.8555485277756834, "f_res": 8.556823053766413, "sum_c_x": 10.11428163135186, "cum_costs": 1584.9542930408484, "E_inv_c": 0.03555994525892331, "sum_Ec": 28.121545005139318, "inv_cost": 0.03555637022713985, "E_c": {"0": 9.115429408209934, "1": 9.09453413321356, "2": 9.911581463715821}, "c_x": {"0": 0.10000000149011612, "1": 0.10000000149011612, "2": 9.914281628371628}, "c_res": {"0": 9.722790199617748e-06, "1": 0.00012014980763375149, "2": 0.0027001646558062475}, "inv_c_res": 3.575031783456528e-06, "eta": 1.0, "_timestamp": 1683767064.4426303, "_runtime": 3592.591256380081, "_step": 49, "_wandb": {"runtime": 3591}}