{"best_f": -2.1403851188445717, "f_hat_x": 7.465035010262854, "f_x": -2.7096811013209945, "f_res": 10.174716111583848, "sum_c_x": 140.48978864539046, "cum_costs": 12201.6993375602, "E_inv_c": 0, "sum_Ec": 0, "inv_cost": 0.002818761350494364, "E_c": {"0": 0}, "c_x": {"0": 0.10000000149011612, "1": 0.10000000149011612, "2": 140.28978864241023}, "c_res": {"0": 140.13069646092458}, "inv_c_res": 0.002818761350494364, "eta": 2.0, "_timestamp": 1683834101.4137542, "_runtime": 4537.039691209793, "_step": 49, "_wandb": {"runtime": 4536}}