{"best_f": 1.9947965102876521, "f_hat_x": -0.5881263375720787, "f_x": -3.4407880468308023, "f_res": 2.8526617092587236, "sum_c_x": 9.534073993055769, "cum_costs": 758.6940683231724, "E_inv_c": 0.10492992247371742, "sum_Ec": 9.53973499166618, "inv_cost": 0.10488695606184295, "E_c": {"0": 4.572088635381825, "1": 0.48148556698105544, "2": 4.486160789303298}, "c_x": {"0": 4.574258846271197, "1": 0.47094899878710916, "2": 4.488866147997463}, "c_res": {"0": 0.0021702108893713046, "1": 0.010536568193946272, "2": 0.0027053586941647723}, "inv_c_res": 4.296641187447048e-05, "eta": 4.0, "_timestamp": 1683416940.7524872, "_runtime": 4272.486629247665, "_step": 49, "_wandb": {"runtime": 4271}}