{"best_f": -3.8811352434559687, "f_hat_x": 1.4381807945295035, "f_x": -61.1611995205943, "f_res": 62.5993803151238, "sum_c_x": 14.410936336606945, "cum_costs": 428.7865149451482, "E_inv_c": 0.06936216464550579, "sum_Ec": 14.418940053717662, "inv_cost": 0.06939174364817505, "E_c": {"0": 2.0001320362518484, "1": 8.902843194417077, "2": 3.515964823048737}, "c_x": {"0": 2.0001299785270357, "1": 8.90234322187654, "2": 3.5084631362033676}, "c_res": {"0": 2.057724812765116e-06, "1": 0.0004999725405365751, "2": 0.0075016868453694485}, "inv_c_res": 2.9579002669255505e-05, "eta": 1.0, "_timestamp": 1683514712.275132, "_runtime": 3919.1253180503845, "_step": 49, "_wandb": {"runtime": 3918}}