{"best_f": -0.2602650456638491, "f_hat_x": 0.2806408527498897, "f_x": -7.542975434663642, "f_res": 7.8236162874135315, "sum_c_x": 14.73438041585375, "cum_costs": 702.1945207478501, "E_inv_c": 0, "sum_Ec": 0, "inv_cost": 0.06786847982586564, "E_c": {"0": 0}, "c_x": {"0": 9.060438828092783, "1": 0.705364595552452, "2": 4.968576992208514}, "c_res": {"0": 9.060438828092783}, "inv_c_res": 0.06786847982586564, "eta": 1.6, "_timestamp": 1683395679.0373425, "_runtime": 5889.547653436661, "_step": 49, "_wandb": {"runtime": 5888}}